INFO: 2026-10-03 21:08:02,217: main() 'Using profile folder /home/lunatik/.config/variety/'
INFO: 2026-10-03 21:08:02,220: perform_upgrade() 'Last run version was 0.9.2 or earlier, current version is 0.9.2'
INFO: 2026-10-03 21:08:02,227: process_command() 'Received command: ['--selector']'
INFO: 2026-10-03 21:08:02,230: load() 'Jumble loading'
INFO: 2026-10-03 21:08:02,230: _walk_modules() 'Jumble loading module in __init__ from /usr/lib/python3.14/site-packages/variety/plugins/builtin/__init__.py'
INFO: 2026-10-03 21:08:02,230: _walk_modules() 'Jumble loading module in MediaRSSSource from /usr/lib/python3.14/site-packages/variety/plugins/builtin/downloaders/MediaRSSSource.py'
INFO: 2026-10-03 21:08:02,232: load() 'Jumble found plugin class: <class 'MediaRSSSource.MediaRSSSource'>: {'name': 'MediaRSSSource', 'description': 'Configurable source for fetching images from MediaRSS feeds', 'author': 'Peter Levi', 'version': '0.1'}'
INFO: 2026-10-03 21:08:02,232: _walk_modules() 'Jumble loading module in RedditDownloader from /usr/lib/python3.14/site-packages/variety/plugins/builtin/downloaders/RedditDownloader.py'
INFO: 2026-10-03 21:08:02,233: _walk_modules() 'Jumble loading module in WallhavenLegacyDownloader from /usr/lib/python3.14/site-packages/variety/plugins/builtin/downloaders/WallhavenLegacyDownloader.py'
INFO: 2026-10-03 21:08:02,233: _walk_modules() 'Jumble loading module in APODDownloader from /usr/lib/python3.14/site-packages/variety/plugins/builtin/downloaders/APODDownloader.py'
INFO: 2026-10-03 21:08:02,234: load() 'Jumble found plugin class: <class 'APODDownloader.APODDownloader'>: {'name': 'APODDownloader', 'description': 'NASA Astro Pic of the Day', 'author': 'Peter Levi', 'version': '0.1'}'
INFO: 2026-10-03 21:08:02,234: _walk_modules() 'Jumble loading module in __init__ from /usr/lib/python3.14/site-packages/variety/plugins/builtin/downloaders/__init__.py'
INFO: 2026-10-03 21:08:02,234: _walk_modules() 'Jumble loading module in UnsplashDownloader from /usr/lib/python3.14/site-packages/variety/plugins/builtin/downloaders/UnsplashDownloader.py'
INFO: 2026-10-03 21:08:02,235: load() 'Jumble found plugin class: <class 'UnsplashDownloader.UnsplashDownloader'>: {'name': 'UnsplashDownloader', 'description': 'High-resolution photos from Unsplash.com', 'author': 'Peter Levi', 'version': '0.1'}'
INFO: 2026-10-03 21:08:02,235: _walk_modules() 'Jumble loading module in EarthviewDownloader from /usr/lib/python3.14/site-packages/variety/plugins/builtin/downloaders/EarthviewDownloader.py'
INFO: 2026-10-03 21:08:02,236: load() 'Jumble found plugin class: <class 'EarthviewDownloader.EarthviewDownloader'>: {'name': 'EarthviewDownloader', 'description': 'Google Earth View Wallpapers', 'author': 'Peter Levi', 'version': '0.1'}'
INFO: 2026-10-03 21:08:02,236: _walk_modules() 'Jumble loading module in RedditSource from /usr/lib/python3.14/site-packages/variety/plugins/builtin/downloaders/RedditSource.py'
INFO: 2026-10-03 21:08:02,237: load() 'Jumble found plugin class: <class 'RedditSource.RedditSource'>: {'name': 'RedditSource', 'description': 'Configurable source for fetching images from Reddit', 'author': 'Peter Levi', 'version': '0.1'}'
INFO: 2026-10-03 21:08:02,237: _walk_modules() 'Jumble loading module in ArtStationSource from /usr/lib/python3.14/site-packages/variety/plugins/builtin/downloaders/ArtStationSource.py'
INFO: 2026-10-03 21:08:02,238: load() 'Jumble found plugin class: <class 'ArtStationSource.ArtStationSource'>: {'name': 'ArtStationSource', 'description': 'Configurable source for fetching images from ArtStation', 'author': 'Denis Gordeev', 'version': '0.1'}'
INFO: 2026-10-03 21:08:02,238: _walk_modules() 'Jumble loading module in MediaRSSDownloader from /usr/lib/python3.14/site-packages/variety/plugins/builtin/downloaders/MediaRSSDownloader.py'
INFO: 2026-10-03 21:08:02,239: _walk_modules() 'Jumble loading module in UnsplashConfigurableSource from /usr/lib/python3.14/site-packages/variety/plugins/builtin/downloaders/UnsplashConfigurableSource.py'
INFO: 2026-10-03 21:08:02,240: load() 'Jumble found plugin class: <class 'UnsplashConfigurableSource.UnsplashConfigurableSource'>: {'name': 'UnsplashConfigurableSource', 'description': 'Configurable source for fetching photos from Unsplash.com', 'author': 'Peter Levi', 'version': '0.1'}'
INFO: 2026-10-03 21:08:02,241: _walk_modules() 'Jumble loading module in ArtStationDownloader from /usr/lib/python3.14/site-packages/variety/plugins/builtin/downloaders/ArtStationDownloader.py'
INFO: 2026-10-03 21:08:02,241: _walk_modules() 'Jumble loading module in WallhavenSource from /usr/lib/python3.14/site-packages/variety/plugins/builtin/downloaders/WallhavenSource.py'
INFO: 2026-10-03 21:08:02,243: load() 'Jumble found plugin class: <class 'WallhavenSource.WallhavenSource'>: {'name': 'WallhavenSource', 'description': 'Configurable source for fetching images from Wallhaven.cc', 'author': 'Peter Levi', 'version': '0.1'}'
INFO: 2026-10-03 21:08:02,243: _walk_modules() 'Jumble loading module in BingDownloader from /usr/lib/python3.14/site-packages/variety/plugins/builtin/downloaders/BingDownloader.py'
INFO: 2026-10-03 21:08:02,244: load() 'Jumble found plugin class: <class 'BingDownloader.BingDownloader'>: {'name': 'BingDownloader', 'description': 'Bing Photo of the Day', 'author': 'Peter Levi', 'version': '0.1'}'
INFO: 2026-10-03 21:08:02,244: _walk_modules() 'Jumble loading module in WallhavenDownloader from /usr/lib/python3.14/site-packages/variety/plugins/builtin/downloaders/WallhavenDownloader.py'
INFO: 2026-10-03 21:08:02,245: _walk_modules() 'Jumble loading module in ResizingDisplayModesPlugin from /usr/lib/python3.14/site-packages/variety/plugins/builtin/display_modes/ResizingDisplayModesPlugin.py'
INFO: 2026-10-03 21:08:02,245: load() 'Jumble found plugin class: <class 'ResizingDisplayModesPlugin.ResizingDisplayModesPlugin'>: {'name': 'ResizingDisplayModesPlugin', 'description': 'Display modes that use image resizing within Variety', 'version': '1.0', 'author': 'Peter Levi'}'
INFO: 2026-10-03 21:08:02,245: _walk_modules() 'Jumble loading module in __init__ from /usr/lib/python3.14/site-packages/variety/plugins/builtin/display_modes/__init__.py'
INFO: 2026-10-03 21:08:02,246: _walk_modules() 'Jumble loading module in LegacyDisplayModesPlugin from /usr/lib/python3.14/site-packages/variety/plugins/builtin/display_modes/LegacyDisplayModesPlugin.py'
INFO: 2026-10-03 21:08:02,246: load() 'Jumble found plugin class: <class 'LegacyDisplayModesPlugin.LegacyDisplayModesPlugin'>: {'name': 'LegacyDisplayModesPlugin', 'description': 'Legacy display mode for compatibility with past Variety versions', 'version': '1.0', 'author': 'Peter Levi'}'
INFO: 2026-10-03 21:08:02,246: _walk_modules() 'Jumble loading module in GnomeDisplayModesPlugin from /usr/lib/python3.14/site-packages/variety/plugins/builtin/display_modes/GnomeDisplayModesPlugin.py'
INFO: 2026-10-03 21:08:02,247: load() 'Jumble found plugin class: <class 'GnomeDisplayModesPlugin.GnomeDisplayModesPlugin'>: {'name': 'GnomeDisplayModesPlugin', 'description': 'Display modes relying on the underlying desktop environment', 'version': '1.0', 'author': 'Peter Levi'}'
INFO: 2026-10-03 21:08:02,247: _walk_modules() 'Jumble loading module in GoodreadsSource from /usr/lib/python3.14/site-packages/variety/plugins/builtin/quotes/GoodreadsSource.py'
INFO: 2026-10-03 21:08:02,315: load() 'Jumble found plugin class: <class 'GoodreadsSource.GoodreadsSource'>: {'name': 'Goodreads', 'description': 'Fetches quotes from Goodreads.com', 'author': 'Peter Levi', 'version': '0.1'}'
INFO: 2026-10-03 21:08:02,315: _walk_modules() 'Jumble loading module in __init__ from /usr/lib/python3.14/site-packages/variety/plugins/builtin/quotes/__init__.py'
INFO: 2026-10-03 21:08:02,315: _walk_modules() 'Jumble loading module in QuotationsPageSource from /usr/lib/python3.14/site-packages/variety/plugins/builtin/quotes/QuotationsPageSource.py'
INFO: 2026-10-03 21:08:02,316: load() 'Jumble found plugin class: <class 'QuotationsPageSource.QuotationsPageSource'>: {'name': 'TheQuotationsPage.com', 'description': 'Fetches quotes from TheQuotationsPage.com', 'author': 'Peter Levi', 'version': '0.1'}'
INFO: 2026-10-03 21:08:02,316: _walk_modules() 'Jumble loading module in UrbanDictionarySource from /usr/lib/python3.14/site-packages/variety/plugins/builtin/quotes/UrbanDictionarySource.py'
INFO: 2026-10-03 21:08:02,316: load() 'Jumble found plugin class: <class 'UrbanDictionarySource.UrbanDictionarySource'>: {'name': 'Urban Dictionary', 'description': 'Displays definitions from Urban Dictionary', 'author': 'James Miller', 'version': '0.1'}'
INFO: 2026-10-03 21:08:02,317: _walk_modules() 'Jumble loading module in FortuneSource from /usr/lib/python3.14/site-packages/variety/plugins/builtin/quotes/FortuneSource.py'
INFO: 2026-10-03 21:08:02,318: load() 'Jumble found plugin class: <class 'FortuneSource.FortuneSource'>: {'name': 'UNIX fortune program', 'description': 'Displays quotes using the UNIX fortune program. You may want to install additional fortune packs, e.g. fortunes-bofh-excuses.', 'author': 'Dan Jones', 'version': '0.1'}'
INFO: 2026-10-03 21:08:02,318: _walk_modules() 'Jumble loading module in LocalFilesSource from /usr/lib/python3.14/site-packages/variety/plugins/builtin/quotes/LocalFilesSource.py'
INFO: 2026-10-03 21:08:02,318: load() 'Jumble found plugin class: <class 'LocalFilesSource.LocalFilesSource'>: {'name': 'Local text files', 'description': 'Displays quotes, defined in local text files.\nPut your own txt files in: ~/.config/variety/pluginconfig/quotes/.\nThe file format is:\n\nquote -- author\n.\nsecond quote -- another author\n.\netc...\n\nExample: http://rvelthuis.de/zips/quotes.txt', 'author': 'Peter Levi', 'version': '0.1'}'
ERROR: 2026-10-03 21:08:02,319: get_xdg_pictures_folder() 'Could not get path to Pictures folder. Defaulting to ~/Pictures.'
Traceback (most recent call last):
  File "/usr/lib/python3.14/site-packages/variety/Util.py", line 847, in get_xdg_pictures_folder
    raise Exception("Could not get path to Pictures folder. Defaulting to ~/Pictures.")
Exception: Could not get path to Pictures folder. Defaulting to ~/Pictures.
ERROR: 2026-10-03 21:08:02,323: get_xdg_pictures_folder() 'Could not get path to Pictures folder. Defaulting to ~/Pictures.'
Traceback (most recent call last):
  File "/usr/lib/python3.14/site-packages/variety/Util.py", line 847, in get_xdg_pictures_folder
    raise Exception("Could not get path to Pictures folder. Defaulting to ~/Pictures.")
Exception: Could not get path to Pictures folder. Defaulting to ~/Pictures.
INFO: 2026-10-03 21:08:02,333: log_options() 'Loaded options:'
INFO: 2026-10-03 21:08:02,334: log_options() 'change_enabled = True'
INFO: 2026-10-03 21:08:02,334: log_options() 'change_interval = 300'
INFO: 2026-10-03 21:08:02,334: log_options() 'change_lock_screen = False'
INFO: 2026-10-03 21:08:02,334: log_options() 'change_on_start = True'
INFO: 2026-10-03 21:08:02,334: log_options() 'clipboard_enabled = False'
INFO: 2026-10-03 21:08:02,334: log_options() 'clipboard_hosts = ['wallhaven.cc', 'wallpapers.net', 'flickr.com', 'imgur.com', 'deviantart.com', 'interfacelift.com', 'vladstudio.com', 'imageshack.us', 'deviantart.net', 'imageshack.com']'
INFO: 2026-10-03 21:08:02,334: log_options() 'clipboard_use_whitelist = True'
INFO: 2026-10-03 21:08:02,334: log_options() 'clock_date_font = Serif 30'
INFO: 2026-10-03 21:08:02,334: log_options() 'clock_enabled = True'
INFO: 2026-10-03 21:08:02,334: log_options() 'clock_filter = -density 100 -font '%CLOCK_FONT_FILE' -pointsize %CLOCK_FONT_SIZE -gravity SouthEast -fill '#00000044' -annotate 0x0+[%HOFFSET+58]+[%VOFFSET+108] '%H:%M' -fill white -annotate 0x0+[%HOFFSET+60]+[%VOFFSET+110] '%H:%M' -font '%DATE_FONT_FILE' -pointsize %DATE_FONT_SIZE -fill '#00000044' -annotate 0x0+[%HOFFSET+58]+[%VOFFSET+58] '%A, %B %d' -fill white -annotate 0x0+[%HOFFSET+60]+[%VOFFSET+60] '%A, %B %d''
INFO: 2026-10-03 21:08:02,334: log_options() 'clock_font = Serif 70'
INFO: 2026-10-03 21:08:02,334: log_options() 'configfile = /home/lunatik/.config/variety/variety.conf'
INFO: 2026-10-03 21:08:02,334: log_options() 'copyto_enabled = False'
INFO: 2026-10-03 21:08:02,334: log_options() 'copyto_folder = Default'
INFO: 2026-10-03 21:08:02,334: log_options() 'desired_color = [160, 160, 160]'
INFO: 2026-10-03 21:08:02,334: log_options() 'desired_color_enabled = False'
INFO: 2026-10-03 21:08:02,334: log_options() 'download_folder = /home/lunatik/.config/variety/Downloaded'
INFO: 2026-10-03 21:08:02,335: log_options() 'download_preference_ratio = 0.9'
INFO: 2026-10-03 21:08:02,335: log_options() 'favorites_folder = /home/lunatik/.config/variety/Favorites'
INFO: 2026-10-03 21:08:02,335: log_options() 'favorites_operations = [['Downloaded', 'Copy'], ['Fetched', 'Move'], ['Others', 'Copy']]'
INFO: 2026-10-03 21:08:02,335: log_options() 'fetched_folder = /home/lunatik/.config/variety/Fetched'
INFO: 2026-10-03 21:08:02,335: log_options() 'filters = [[True, 'Keep original', ''], [False, 'Grayscale', '-type Grayscale'], [False, 'Heavy blur', '-scale 20% -blur 0x10 -resize 500%'], [False, 'Soft blur', '-scale 20% -blur 0x2 -resize 500%'], [False, 'Oil painting', '-paint 8'], [False, 'Pointilism', '-spread 10 -noise 3'], [False, 'Pixellate', '-scale 3% -scale 3333%']]'
INFO: 2026-10-03 21:08:02,335: log_options() 'get_wallpaper_script = /home/lunatik/.config/variety/scripts/get_wallpaper'
INFO: 2026-10-03 21:08:02,335: log_options() 'icon = Dark'
INFO: 2026-10-03 21:08:02,335: log_options() 'internet_enabled = False'
INFO: 2026-10-03 21:08:02,335: log_options() 'lightness_enabled = False'
INFO: 2026-10-03 21:08:02,335: log_options() 'lightness_mode = 0'
INFO: 2026-10-03 21:08:02,335: log_options() 'min_rating = 4'
INFO: 2026-10-03 21:08:02,335: log_options() 'min_rating_enabled = False'
INFO: 2026-10-03 21:08:02,335: log_options() 'min_size = 80'
INFO: 2026-10-03 21:08:02,335: log_options() 'min_size_enabled = False'
INFO: 2026-10-03 21:08:02,335: log_options() 'name_regex = .*'
INFO: 2026-10-03 21:08:02,335: log_options() 'name_regex_enabled = False'
INFO: 2026-10-03 21:08:02,335: log_options() 'quota_enabled = True'
INFO: 2026-10-03 21:08:02,335: log_options() 'quota_size = 1000'
INFO: 2026-10-03 21:08:02,335: log_options() 'quotes_authors = '
INFO: 2026-10-03 21:08:02,335: log_options() 'quotes_bg_color = [80, 80, 80]'
INFO: 2026-10-03 21:08:02,335: log_options() 'quotes_bg_opacity = 55'
INFO: 2026-10-03 21:08:02,335: log_options() 'quotes_change_enabled = False'
INFO: 2026-10-03 21:08:02,336: log_options() 'quotes_change_interval = 10'
INFO: 2026-10-03 21:08:02,336: log_options() 'quotes_disabled_sources = ['Urban Dictionary']'
INFO: 2026-10-03 21:08:02,336: log_options() 'quotes_enabled = False'
INFO: 2026-10-03 21:08:02,336: log_options() 'quotes_favorites_file = /home/lunatik/.config/variety/favorite_quotes.txt'
INFO: 2026-10-03 21:08:02,336: log_options() 'quotes_font = Serif 30'
INFO: 2026-10-03 21:08:02,336: log_options() 'quotes_hpos = 100'
INFO: 2026-10-03 21:08:02,336: log_options() 'quotes_max_length = 250'
INFO: 2026-10-03 21:08:02,336: log_options() 'quotes_tags = '
INFO: 2026-10-03 21:08:02,336: log_options() 'quotes_text_color = [237, 51, 59]'
INFO: 2026-10-03 21:08:02,336: log_options() 'quotes_text_shadow = False'
INFO: 2026-10-03 21:08:02,336: log_options() 'quotes_vpos = 40'
INFO: 2026-10-03 21:08:02,336: log_options() 'quotes_width = 70'
INFO: 2026-10-03 21:08:02,336: log_options() 'safe_mode = False'
INFO: 2026-10-03 21:08:02,336: log_options() 'set_lock_screen_script = /home/lunatik/.config/variety/scripts/set_lock_screen'
INFO: 2026-10-03 21:08:02,336: log_options() 'set_wallpaper_script = /home/lunatik/.config/variety/scripts/set_wallpaper'
INFO: 2026-10-03 21:08:02,336: log_options() 'slideshow_custom_enabled = False'
INFO: 2026-10-03 21:08:02,336: log_options() 'slideshow_custom_folder = /home/lunatik/Pictures'
INFO: 2026-10-03 21:08:02,336: log_options() 'slideshow_downloads_enabled = False'
INFO: 2026-10-03 21:08:02,336: log_options() 'slideshow_fade = 0.4'
INFO: 2026-10-03 21:08:02,336: log_options() 'slideshow_favorites_enabled = True'
INFO: 2026-10-03 21:08:02,336: log_options() 'slideshow_mode = Fullscreen'
INFO: 2026-10-03 21:08:02,336: log_options() 'slideshow_monitor = All'
INFO: 2026-10-03 21:08:02,336: log_options() 'slideshow_pan = 0.05'
INFO: 2026-10-03 21:08:02,337: log_options() 'slideshow_seconds = 6.0'
INFO: 2026-10-03 21:08:02,337: log_options() 'slideshow_sort_order = Random'
INFO: 2026-10-03 21:08:02,337: log_options() 'slideshow_sources_enabled = True'
INFO: 2026-10-03 21:08:02,337: log_options() 'slideshow_zoom = 0.2'
INFO: 2026-10-03 21:08:02,337: log_options() 'smart_enabled = False'
INFO: 2026-10-03 21:08:02,337: log_options() 'smart_notice_shown = False'
INFO: 2026-10-03 21:08:02,337: log_options() 'smart_register_shown = False'
INFO: 2026-10-03 21:08:02,337: log_options() 'sources = [[False, 'favorites', 'The Favorites folder'], [False, 'fetched', 'The Fetched folder'], [False, 'apod', "NASA's Astronomy Picture of the Day"], [False, 'bing', 'Bing Photo of the Day'], [False, 'earthview', 'Google Earth View Wallpapers'], [False, 'unsplash', 'High-resolution photos from Unsplash.com'], [True, 'folder', '/home/lunatik/dwm-Gruvbox/wallpapers'], [False, 'flickr', 'user:www.flickr.com/photos/peter-levi/;user_id:93647178@N00;']]'
INFO: 2026-10-03 21:08:02,337: log_options() 'stats_enabled = True'
INFO: 2026-10-03 21:08:02,337: log_options() 'stats_notice_shown = False'
INFO: 2026-10-03 21:08:02,337: log_options() 'sync_enabled = True'
INFO: 2026-10-03 21:08:02,337: log_options() 'use_landscape_enabled = True'
INFO: 2026-10-03 21:08:02,337: log_options() 'wallhaven_api_key = '
INFO: 2026-10-03 21:08:02,337: log_options() 'wallpaper_auto_rotate = False'
INFO: 2026-10-03 21:08:02,337: log_options() 'wallpaper_display_mode = smart'
INFO: 2026-10-03 21:08:02,337: reload_config() 'No need to clear prepared queue'
INFO: 2026-10-03 21:08:02,338: clock_thread_method() 'clock thread running'
INFO: 2026-10-03 21:08:02,338: update_indicator() 'Setting file info to: /usr/share/backgrounds/gnome/adwaita-l.jxl'
INFO: 2026-10-03 21:08:02,339: load_banned() 'Missing or invalid banned URLs list, no URLs will be banned'
INFO: 2026-10-03 21:08:02,339: load_last_change_time() 'Change interval < 6 hours, ignore persisted last_change_time, wait initially the whole interval: 300'
INFO: 2026-10-03 21:08:02,339: update_indicator() 'Setting file info to: /usr/share/backgrounds/gnome/adwaita-l.jxl'
INFO: 2026-10-03 21:08:02,339: regular_change_thread() 'regular_change thread running'
INFO: 2026-10-03 21:08:02,340: prepare_thread() 'Prepare thread running'
INFO: 2026-10-03 21:08:02,340: prepare_thread() 'Prepared buffer contains 0 images'
INFO: 2026-10-03 21:08:02,340: prepare_thread() 'Preparing some images'
INFO: 2026-10-03 21:08:02,344: update_indicator_icon() 'Creating indicator'
INFO: 2026-10-03 21:08:02,439: do_set_wp() 'Calling do_set_wp with /usr/share/backgrounds/gnome/adwaita-l.jxl, time: 1791050882.4399698'
INFO: 2026-10-03 21:08:02,440: do_set_wp() 'Missing file or bad permissions, will not use it: /usr/share/backgrounds/gnome/adwaita-l.jxl'
INFO: 2026-10-03 21:08:02,446: create_menu() 'Variety Slideshow is not installed. This is an optional extension adding pan-and-zoom slideshows to Variety: see https://github.com/peterlevi/variety-slideshow for details'
INFO: 2026-10-03 21:08:02,447: create_indicator() 'indicator backend: fallback tray'
INFO: 2026-10-03 21:08:02,519: set_icon() 'Showing status icon image: /usr/lib/python3.14/site-packages/variety/data/media/variety-indicator-dark.png'
INFO: 2026-10-03 21:08:03,338: clock_thread_method() 'clock_thread updates wallpaper'
INFO: 2026-10-03 21:08:03,440: do_set_wp() 'Calling do_set_wp with /usr/share/backgrounds/gnome/adwaita-l.jxl, time: 1791050883.4405699'
INFO: 2026-10-03 21:08:03,441: do_set_wp() 'Missing file or bad permissions, will not use it: /usr/share/backgrounds/gnome/adwaita-l.jxl'
INFO: 2026-10-03 21:08:04,397: reload() 'Reloading preferences dialog'
ERROR: 2026-10-03 21:08:04,397: get_xdg_pictures_folder() 'Could not get path to Pictures folder. Defaulting to ~/Pictures.'
Traceback (most recent call last):
  File "/usr/lib/python3.14/site-packages/variety/Util.py", line 847, in get_xdg_pictures_folder
    raise Exception("Could not get path to Pictures folder. Defaulting to ~/Pictures.")
Exception: Could not get path to Pictures folder. Defaulting to ~/Pictures.
ERROR: 2026-10-03 21:08:04,402: get_xdg_pictures_folder() 'Could not get path to Pictures folder. Defaulting to ~/Pictures.'
Traceback (most recent call last):
  File "/usr/lib/python3.14/site-packages/variety/Util.py", line 847, in get_xdg_pictures_folder
    raise Exception("Could not get path to Pictures folder. Defaulting to ~/Pictures.")
Exception: Could not get path to Pictures folder. Defaulting to ~/Pictures.
ERROR: 2026-10-03 21:08:04,421: get_xdg_pictures_folder() 'Could not get path to Pictures folder. Defaulting to ~/Pictures.'
Traceback (most recent call last):
  File "/usr/lib/python3.14/site-packages/variety/Util.py", line 847, in get_xdg_pictures_folder
    raise Exception("Could not get path to Pictures folder. Defaulting to ~/Pictures.")
Exception: Could not get path to Pictures folder. Defaulting to ~/Pictures.
ERROR: 2026-10-03 21:08:04,424: get_file_icon_name() 'Exception while obtaining folder icon for /home/lunatik/Pictures:'
Traceback (most recent call last):
  File "/usr/lib/python3.14/site-packages/variety/Util.py", line 832, in get_file_icon_name
    query_info = f.query_info("standard::icon", Gio.FileQueryInfoFlags.NONE, None)
gi.repository.GLib.GError: g-io-error-quark: Error when getting information for file “/home/lunatik/Pictures”: No such file or directory (1)
ERROR: 2026-10-03 21:08:04,434: get_file_icon_name() 'Exception while obtaining folder icon for /home/lunatik/Pictures:'
Traceback (most recent call last):
  File "/usr/lib/python3.14/site-packages/variety/Util.py", line 832, in get_file_icon_name
    query_info = f.query_info("standard::icon", Gio.FileQueryInfoFlags.NONE, None)
gi.repository.GLib.GError: g-io-error-quark: Error when getting information for file “/home/lunatik/Pictures”: No such file or directory (1)
INFO: 2026-10-03 21:08:05,232: update_indicator() 'Setting file info to: /usr/share/backgrounds/gnome/adwaita-l.jxl'
INFO: 2026-10-03 21:08:06,296: prepare_thread() 'After search prepared buffer contains 15 images'
INFO: 2026-10-03 21:08:07,340: set_wallpaper() 'Calling set_wallpaper with /home/lunatik/dwm-Gruvbox/wallpapers/Minimal/dragon.png'
INFO: 2026-10-03 21:08:07,340: prepare_thread() 'Prepared buffer contains 14 images'
INFO: 2026-10-03 21:08:07,342: do_set_wp() 'Calling do_set_wp with /home/lunatik/dwm-Gruvbox/wallpapers/Minimal/dragon.png, time: 1791050887.3424048'
INFO: 2026-10-03 21:08:07,403: compute_trimmed_offsets() 'Trimmed offsets debug info: w:1920, h:1080, ratio:1.777778, iw:1920, ih:1080, scw:1920, sch:1080, ho:0, vo:0'
INFO: 2026-10-03 21:08:07,440: build_imagemagick_clock_cmd() 'Applying clock filter: -density 100 -font '/usr/share/fonts/gnu-free/FreeSerif.otf' -pointsize 70 -gravity SouthEast -fill '#00000044' -annotate 0x0+58+108 '21:08' -fill white -annotate 0x0+60+110 '21:08' -font '/usr/share/fonts/gnu-free/FreeSerif.otf' -pointsize 30 -fill '#00000044' -annotate 0x0+58+58 'Saturday, October 03' -fill white -annotate 0x0+60+60 'Saturday, October 03''
INFO: 2026-10-03 21:08:07,441: build_imagemagick_clock_cmd() 'ImageMagick clock args: ['/usr/bin/magick', '/home/lunatik/dwm-Gruvbox/wallpapers/Minimal/dragon.png', '-scale', '1920x1080^', '-density', '100', '-font', '/usr/share/fonts/gnu-free/FreeSerif.otf', '-pointsize', '70', '-gravity', 'SouthEast', '-fill', '#00000044', '-annotate', '0x0+58+108', '21:08', '-fill', 'white', '-annotate', '0x0+60+110', '21:08', '-font', '/usr/share/fonts/gnu-free/FreeSerif.otf', '-pointsize', '30', '-fill', '#00000044', '-annotate', '0x0+58+58', 'Saturday, October 03', '-fill', 'white', '-annotate', '0x0+60+60', 'Saturday, October 03', '/home/lunatik/.config/variety/wallpaper/wallpaper-clock-bc49ca602ed4970e7d8816d4751becb3.jpg']'
INFO: 2026-10-03 21:08:07,668: update_indicator() 'Setting file info to: /home/lunatik/dwm-Gruvbox/wallpapers/Minimal/dragon.png'
INFO: 2026-10-03 21:08:08,296: trigger_download() 'Triggering download thread to check if download needed and possible'
INFO: 2026-10-03 21:08:09,344: trigger_download() 'Triggering download thread to check if download needed and possible'
INFO: 2026-10-03 21:08:10,820: set_wallpaper() 'Calling set_wallpaper with /home/lunatik/dwm-Gruvbox/wallpapers/Building/background.jpg'
INFO: 2026-10-03 21:08:10,821: do_set_wp() 'Calling do_set_wp with /home/lunatik/dwm-Gruvbox/wallpapers/Building/background.jpg, time: 1791050890.8218713'
INFO: 2026-10-03 21:08:11,074: compute_trimmed_offsets() 'Trimmed offsets debug info: w:1920, h:1080, ratio:1.777778, iw:2880, ih:1620, scw:1920, sch:1080, ho:0, vo:0'
INFO: 2026-10-03 21:08:11,074: build_imagemagick_clock_cmd() 'Applying clock filter: -density 100 -font '/usr/share/fonts/gnu-free/FreeSerif.otf' -pointsize 70 -gravity SouthEast -fill '#00000044' -annotate 0x0+58+108 '21:08' -fill white -annotate 0x0+60+110 '21:08' -font '/usr/share/fonts/gnu-free/FreeSerif.otf' -pointsize 30 -fill '#00000044' -annotate 0x0+58+58 'Saturday, October 03' -fill white -annotate 0x0+60+60 'Saturday, October 03''
INFO: 2026-10-03 21:08:11,075: build_imagemagick_clock_cmd() 'ImageMagick clock args: ['/usr/bin/magick', '/home/lunatik/dwm-Gruvbox/wallpapers/Building/background.jpg', '-scale', '1920x1080^', '-density', '100', '-font', '/usr/share/fonts/gnu-free/FreeSerif.otf', '-pointsize', '70', '-gravity', 'SouthEast', '-fill', '#00000044', '-annotate', '0x0+58+108', '21:08', '-fill', 'white', '-annotate', '0x0+60+110', '21:08', '-font', '/usr/share/fonts/gnu-free/FreeSerif.otf', '-pointsize', '30', '-fill', '#00000044', '-annotate', '0x0+58+58', 'Saturday, October 03', '-fill', 'white', '-annotate', '0x0+60+60', 'Saturday, October 03', '/home/lunatik/.config/variety/wallpaper/wallpaper-clock-4defbf830bc5e48d8be9e1a18c6743dc.jpg']'
INFO: 2026-10-03 21:08:11,716: update_indicator() 'Setting file info to: /home/lunatik/dwm-Gruvbox/wallpapers/Building/background.jpg'
INFO: 2026-10-03 21:08:22,955: set_wallpaper() 'Calling set_wallpaper with /home/lunatik/dwm-Gruvbox/wallpapers/Minimal/atoms.png'
INFO: 2026-10-03 21:08:22,956: do_set_wp() 'Calling do_set_wp with /home/lunatik/dwm-Gruvbox/wallpapers/Minimal/atoms.png, time: 1791050902.956429'
INFO: 2026-10-03 21:08:22,998: compute_trimmed_offsets() 'Trimmed offsets debug info: w:1920, h:1080, ratio:1.777778, iw:1920, ih:1080, scw:1920, sch:1080, ho:0, vo:0'
INFO: 2026-10-03 21:08:22,998: build_imagemagick_clock_cmd() 'Applying clock filter: -density 100 -font '/usr/share/fonts/gnu-free/FreeSerif.otf' -pointsize 70 -gravity SouthEast -fill '#00000044' -annotate 0x0+58+108 '21:08' -fill white -annotate 0x0+60+110 '21:08' -font '/usr/share/fonts/gnu-free/FreeSerif.otf' -pointsize 30 -fill '#00000044' -annotate 0x0+58+58 'Saturday, October 03' -fill white -annotate 0x0+60+60 'Saturday, October 03''
INFO: 2026-10-03 21:08:22,999: build_imagemagick_clock_cmd() 'ImageMagick clock args: ['/usr/bin/magick', '/home/lunatik/dwm-Gruvbox/wallpapers/Minimal/atoms.png', '-scale', '1920x1080^', '-density', '100', '-font', '/usr/share/fonts/gnu-free/FreeSerif.otf', '-pointsize', '70', '-gravity', 'SouthEast', '-fill', '#00000044', '-annotate', '0x0+58+108', '21:08', '-fill', 'white', '-annotate', '0x0+60+110', '21:08', '-font', '/usr/share/fonts/gnu-free/FreeSerif.otf', '-pointsize', '30', '-fill', '#00000044', '-annotate', '0x0+58+58', 'Saturday, October 03', '-fill', 'white', '-annotate', '0x0+60+60', 'Saturday, October 03', '/home/lunatik/.config/variety/wallpaper/wallpaper-clock-2699cd9ffae5274826789a10dc7470cb.jpg']'
INFO: 2026-10-03 21:08:23,207: update_indicator() 'Setting file info to: /home/lunatik/dwm-Gruvbox/wallpapers/Minimal/atoms.png'
INFO: 2026-10-03 21:08:27,281: update_indicator() 'Setting file info to: /home/lunatik/dwm-Gruvbox/wallpapers/Minimal/atoms.png'
INFO: 2026-10-03 21:08:39,123: process_command() 'Received command: ['--selector']'
INFO: 2026-10-03 21:08:39,128: update_indicator() 'Setting file info to: /home/lunatik/dwm-Gruvbox/wallpapers/Minimal/atoms.png'
INFO: 2026-10-03 21:08:41,097: update_indicator() 'Setting file info to: /home/lunatik/dwm-Gruvbox/wallpapers/Minimal/atoms.png'
INFO: 2026-10-03 21:08:51,271: process_command() 'Received command: ['--selector']'
INFO: 2026-10-03 21:08:51,276: update_indicator() 'Setting file info to: /home/lunatik/dwm-Gruvbox/wallpapers/Minimal/atoms.png'
INFO: 2026-10-03 21:08:53,429: update_indicator() 'Setting file info to: /home/lunatik/dwm-Gruvbox/wallpapers/Minimal/atoms.png'
INFO: 2026-10-03 21:09:00,352: clock_thread_method() 'clock_thread updates wallpaper'
INFO: 2026-10-03 21:09:00,353: do_set_wp() 'Calling do_set_wp with /home/lunatik/dwm-Gruvbox/wallpapers/Minimal/atoms.png, time: 1791050940.3530657'
INFO: 2026-10-03 21:09:00,391: compute_trimmed_offsets() 'Trimmed offsets debug info: w:1920, h:1080, ratio:1.777778, iw:1920, ih:1080, scw:1920, sch:1080, ho:0, vo:0'
INFO: 2026-10-03 21:09:00,391: build_imagemagick_clock_cmd() 'Applying clock filter: -density 100 -font '/usr/share/fonts/gnu-free/FreeSerif.otf' -pointsize 70 -gravity SouthEast -fill '#00000044' -annotate 0x0+58+108 '21:09' -fill white -annotate 0x0+60+110 '21:09' -font '/usr/share/fonts/gnu-free/FreeSerif.otf' -pointsize 30 -fill '#00000044' -annotate 0x0+58+58 'Saturday, October 03' -fill white -annotate 0x0+60+60 'Saturday, October 03''
INFO: 2026-10-03 21:09:00,391: build_imagemagick_clock_cmd() 'ImageMagick clock args: ['/usr/bin/magick', '/home/lunatik/dwm-Gruvbox/wallpapers/Minimal/atoms.png', '-scale', '1920x1080^', '-density', '100', '-font', '/usr/share/fonts/gnu-free/FreeSerif.otf', '-pointsize', '70', '-gravity', 'SouthEast', '-fill', '#00000044', '-annotate', '0x0+58+108', '21:09', '-fill', 'white', '-annotate', '0x0+60+110', '21:09', '-font', '/usr/share/fonts/gnu-free/FreeSerif.otf', '-pointsize', '30', '-fill', '#00000044', '-annotate', '0x0+58+58', 'Saturday, October 03', '-fill', 'white', '-annotate', '0x0+60+60', 'Saturday, October 03', '/home/lunatik/.config/variety/wallpaper/wallpaper-clock-40ad086e6a8bfeb0d482a8681e778255.jpg']'
INFO: 2026-10-03 21:09:00,601: update_indicator() 'Setting file info to: /home/lunatik/dwm-Gruvbox/wallpapers/Minimal/atoms.png'
INFO: 2026-10-03 21:09:01,545: process_command() 'Received command: ['--selector']'
INFO: 2026-10-03 21:09:01,551: update_indicator() 'Setting file info to: /home/lunatik/dwm-Gruvbox/wallpapers/Minimal/atoms.png'
INFO: 2026-10-03 21:09:03,795: update_indicator() 'Setting file info to: /home/lunatik/dwm-Gruvbox/wallpapers/Minimal/atoms.png'
INFO: 2026-10-03 21:10:00,367: clock_thread_method() 'clock_thread updates wallpaper'
INFO: 2026-10-03 21:10:00,368: do_set_wp() 'Calling do_set_wp with /home/lunatik/dwm-Gruvbox/wallpapers/Minimal/atoms.png, time: 1791051000.3686461'
INFO: 2026-10-03 21:10:00,427: compute_trimmed_offsets() 'Trimmed offsets debug info: w:1920, h:1080, ratio:1.777778, iw:1920, ih:1080, scw:1920, sch:1080, ho:0, vo:0'
INFO: 2026-10-03 21:10:00,428: build_imagemagick_clock_cmd() 'Applying clock filter: -density 100 -font '/usr/share/fonts/gnu-free/FreeSerif.otf' -pointsize 70 -gravity SouthEast -fill '#00000044' -annotate 0x0+58+108 '21:10' -fill white -annotate 0x0+60+110 '21:10' -font '/usr/share/fonts/gnu-free/FreeSerif.otf' -pointsize 30 -fill '#00000044' -annotate 0x0+58+58 'Saturday, October 03' -fill white -annotate 0x0+60+60 'Saturday, October 03''
INFO: 2026-10-03 21:10:00,428: build_imagemagick_clock_cmd() 'ImageMagick clock args: ['/usr/bin/magick', '/home/lunatik/dwm-Gruvbox/wallpapers/Minimal/atoms.png', '-scale', '1920x1080^', '-density', '100', '-font', '/usr/share/fonts/gnu-free/FreeSerif.otf', '-pointsize', '70', '-gravity', 'SouthEast', '-fill', '#00000044', '-annotate', '0x0+58+108', '21:10', '-fill', 'white', '-annotate', '0x0+60+110', '21:10', '-font', '/usr/share/fonts/gnu-free/FreeSerif.otf', '-pointsize', '30', '-fill', '#00000044', '-annotate', '0x0+58+58', 'Saturday, October 03', '-fill', 'white', '-annotate', '0x0+60+60', 'Saturday, October 03', '/home/lunatik/.config/variety/wallpaper/wallpaper-clock-4986fa2e21d76f6186809bd7a28fe82b.jpg']'
INFO: 2026-10-03 21:10:00,657: update_indicator() 'Setting file info to: /home/lunatik/dwm-Gruvbox/wallpapers/Minimal/atoms.png'
INFO: 2026-10-03 21:10:05,694: process_command() 'Received command: ['--selector']'
INFO: 2026-10-03 21:10:05,700: update_indicator() 'Setting file info to: /home/lunatik/dwm-Gruvbox/wallpapers/Minimal/atoms.png'
INFO: 2026-10-03 21:10:07,952: update_indicator() 'Setting file info to: /home/lunatik/dwm-Gruvbox/wallpapers/Minimal/atoms.png'
INFO: 2026-10-03 21:11:00,381: clock_thread_method() 'clock_thread updates wallpaper'
INFO: 2026-10-03 21:11:00,382: do_set_wp() 'Calling do_set_wp with /home/lunatik/dwm-Gruvbox/wallpapers/Minimal/atoms.png, time: 1791051060.3824599'
INFO: 2026-10-03 21:11:00,456: compute_trimmed_offsets() 'Trimmed offsets debug info: w:1920, h:1080, ratio:1.777778, iw:1920, ih:1080, scw:1920, sch:1080, ho:0, vo:0'
INFO: 2026-10-03 21:11:00,456: build_imagemagick_clock_cmd() 'Applying clock filter: -density 100 -font '/usr/share/fonts/gnu-free/FreeSerif.otf' -pointsize 70 -gravity SouthEast -fill '#00000044' -annotate 0x0+58+108 '21:11' -fill white -annotate 0x0+60+110 '21:11' -font '/usr/share/fonts/gnu-free/FreeSerif.otf' -pointsize 30 -fill '#00000044' -annotate 0x0+58+58 'Saturday, October 03' -fill white -annotate 0x0+60+60 'Saturday, October 03''
INFO: 2026-10-03 21:11:00,457: build_imagemagick_clock_cmd() 'ImageMagick clock args: ['/usr/bin/magick', '/home/lunatik/dwm-Gruvbox/wallpapers/Minimal/atoms.png', '-scale', '1920x1080^', '-density', '100', '-font', '/usr/share/fonts/gnu-free/FreeSerif.otf', '-pointsize', '70', '-gravity', 'SouthEast', '-fill', '#00000044', '-annotate', '0x0+58+108', '21:11', '-fill', 'white', '-annotate', '0x0+60+110', '21:11', '-font', '/usr/share/fonts/gnu-free/FreeSerif.otf', '-pointsize', '30', '-fill', '#00000044', '-annotate', '0x0+58+58', 'Saturday, October 03', '-fill', 'white', '-annotate', '0x0+60+60', 'Saturday, October 03', '/home/lunatik/.config/variety/wallpaper/wallpaper-clock-dc35bf93bdf976f1ab7d5fac58de1dd4.jpg']'
INFO: 2026-10-03 21:11:00,675: update_indicator() 'Setting file info to: /home/lunatik/dwm-Gruvbox/wallpapers/Minimal/atoms.png'
INFO: 2026-10-03 21:11:01,681: process_command() 'Received command: ['--preferences']'
INFO: 2026-10-03 21:11:01,685: reload() 'Reloading preferences dialog'
ERROR: 2026-10-03 21:11:01,685: get_xdg_pictures_folder() 'Could not get path to Pictures folder. Defaulting to ~/Pictures.'
Traceback (most recent call last):
  File "/usr/lib/python3.14/site-packages/variety/Util.py", line 847, in get_xdg_pictures_folder
    raise Exception("Could not get path to Pictures folder. Defaulting to ~/Pictures.")
Exception: Could not get path to Pictures folder. Defaulting to ~/Pictures.
ERROR: 2026-10-03 21:11:01,688: get_xdg_pictures_folder() 'Could not get path to Pictures folder. Defaulting to ~/Pictures.'
Traceback (most recent call last):
  File "/usr/lib/python3.14/site-packages/variety/Util.py", line 847, in get_xdg_pictures_folder
    raise Exception("Could not get path to Pictures folder. Defaulting to ~/Pictures.")
Exception: Could not get path to Pictures folder. Defaulting to ~/Pictures.
ERROR: 2026-10-03 21:11:01,692: get_xdg_pictures_folder() 'Could not get path to Pictures folder. Defaulting to ~/Pictures.'
Traceback (most recent call last):
  File "/usr/lib/python3.14/site-packages/variety/Util.py", line 847, in get_xdg_pictures_folder
    raise Exception("Could not get path to Pictures folder. Defaulting to ~/Pictures.")
Exception: Could not get path to Pictures folder. Defaulting to ~/Pictures.
ERROR: 2026-10-03 21:11:01,693: get_file_icon_name() 'Exception while obtaining folder icon for /home/lunatik/Pictures:'
Traceback (most recent call last):
  File "/usr/lib/python3.14/site-packages/variety/Util.py", line 832, in get_file_icon_name
    query_info = f.query_info("standard::icon", Gio.FileQueryInfoFlags.NONE, None)
gi.repository.GLib.GError: g-io-error-quark: Error when getting information for file “/home/lunatik/Pictures”: No such file or directory (1)
ERROR: 2026-10-03 21:11:01,694: get_file_icon_name() 'Exception while obtaining folder icon for /home/lunatik/Pictures:'
Traceback (most recent call last):
  File "/usr/lib/python3.14/site-packages/variety/Util.py", line 832, in get_file_icon_name
    query_info = f.query_info("standard::icon", Gio.FileQueryInfoFlags.NONE, None)
gi.repository.GLib.GError: g-io-error-quark: Error when getting information for file “/home/lunatik/Pictures”: No such file or directory (1)
INFO: 2026-10-03 21:11:15,572: apply() 'Applying preferences'
ERROR: 2026-10-03 21:11:15,572: get_xdg_pictures_folder() 'Could not get path to Pictures folder. Defaulting to ~/Pictures.'
Traceback (most recent call last):
  File "/usr/lib/python3.14/site-packages/variety/Util.py", line 847, in get_xdg_pictures_folder
    raise Exception("Could not get path to Pictures folder. Defaulting to ~/Pictures.")
Exception: Could not get path to Pictures folder. Defaulting to ~/Pictures.
ERROR: 2026-10-03 21:11:15,575: get_xdg_pictures_folder() 'Could not get path to Pictures folder. Defaulting to ~/Pictures.'
Traceback (most recent call last):
  File "/usr/lib/python3.14/site-packages/variety/Util.py", line 847, in get_xdg_pictures_folder
    raise Exception("Could not get path to Pictures folder. Defaulting to ~/Pictures.")
Exception: Could not get path to Pictures folder. Defaulting to ~/Pictures.
ERROR: 2026-10-03 21:11:15,577: get_xdg_pictures_folder() 'Could not get path to Pictures folder. Defaulting to ~/Pictures.'
Traceback (most recent call last):
  File "/usr/lib/python3.14/site-packages/variety/Util.py", line 847, in get_xdg_pictures_folder
    raise Exception("Could not get path to Pictures folder. Defaulting to ~/Pictures.")
Exception: Could not get path to Pictures folder. Defaulting to ~/Pictures.
ERROR: 2026-10-03 21:11:15,581: get_xdg_pictures_folder() 'Could not get path to Pictures folder. Defaulting to ~/Pictures.'
Traceback (most recent call last):
  File "/usr/lib/python3.14/site-packages/variety/Util.py", line 847, in get_xdg_pictures_folder
    raise Exception("Could not get path to Pictures folder. Defaulting to ~/Pictures.")
Exception: Could not get path to Pictures folder. Defaulting to ~/Pictures.
ERROR: 2026-10-03 21:11:15,584: get_xdg_pictures_folder() 'Could not get path to Pictures folder. Defaulting to ~/Pictures.'
Traceback (most recent call last):
  File "/usr/lib/python3.14/site-packages/variety/Util.py", line 847, in get_xdg_pictures_folder
    raise Exception("Could not get path to Pictures folder. Defaulting to ~/Pictures.")
Exception: Could not get path to Pictures folder. Defaulting to ~/Pictures.
INFO: 2026-10-03 21:11:15,585: set_visible() 'Showing status icon'
INFO: 2026-10-03 21:11:15,586: set_icon() 'Showing status icon image: /usr/lib/python3.14/site-packages/variety/data/media/variety-indicator-dark.png'
INFO: 2026-10-03 21:11:15,586: log_options() 'Loaded options:'
INFO: 2026-10-03 21:11:15,586: log_options() 'change_enabled = True'
INFO: 2026-10-03 21:11:15,586: log_options() 'change_interval = 300'
INFO: 2026-10-03 21:11:15,586: log_options() 'change_lock_screen = False'
INFO: 2026-10-03 21:11:15,586: log_options() 'change_on_start = True'
INFO: 2026-10-03 21:11:15,586: log_options() 'clipboard_enabled = False'
INFO: 2026-10-03 21:11:15,586: log_options() 'clipboard_hosts = ['wallhaven.cc', 'wallpapers.net', 'flickr.com', 'imgur.com', 'deviantart.com', 'interfacelift.com', 'vladstudio.com', 'imageshack.us', 'deviantart.net', 'imageshack.com']'
INFO: 2026-10-03 21:11:15,586: log_options() 'clipboard_use_whitelist = True'
INFO: 2026-10-03 21:11:15,586: log_options() 'clock_date_font = Serif 30'
INFO: 2026-10-03 21:11:15,586: log_options() 'clock_enabled = True'
INFO: 2026-10-03 21:11:15,586: log_options() 'clock_filter = -density 100 -font '%CLOCK_FONT_FILE' -pointsize %CLOCK_FONT_SIZE -gravity SouthEast -fill '#00000044' -annotate 0x0+[%HOFFSET+58]+[%VOFFSET+108] '%H:%M' -fill white -annotate 0x0+[%HOFFSET+60]+[%VOFFSET+110] '%H:%M' -font '%DATE_FONT_FILE' -pointsize %DATE_FONT_SIZE -fill '#00000044' -annotate 0x0+[%HOFFSET+58]+[%VOFFSET+58] '%A, %B %d' -fill white -annotate 0x0+[%HOFFSET+60]+[%VOFFSET+60] '%A, %B %d''
INFO: 2026-10-03 21:11:15,586: log_options() 'clock_font = Serif 70'
INFO: 2026-10-03 21:11:15,587: log_options() 'configfile = /home/lunatik/.config/variety/variety.conf'
INFO: 2026-10-03 21:11:15,587: log_options() 'copyto_enabled = False'
INFO: 2026-10-03 21:11:15,587: log_options() 'copyto_folder = Default'
INFO: 2026-10-03 21:11:15,587: log_options() 'desired_color = [160, 160, 160]'
INFO: 2026-10-03 21:11:15,587: log_options() 'desired_color_enabled = False'
INFO: 2026-10-03 21:11:15,587: log_options() 'download_folder = /home/lunatik/.config/variety/Downloaded'
INFO: 2026-10-03 21:11:15,587: log_options() 'download_preference_ratio = 0.9'
INFO: 2026-10-03 21:11:15,587: log_options() 'favorites_folder = /home/lunatik/.config/variety/Favorites'
INFO: 2026-10-03 21:11:15,587: log_options() 'favorites_operations = [['Downloaded', 'Copy'], ['Fetched', 'Move'], ['Others', 'Copy']]'
INFO: 2026-10-03 21:11:15,587: log_options() 'fetched_folder = /home/lunatik/.config/variety/Fetched'
INFO: 2026-10-03 21:11:15,587: log_options() 'filters = [[True, 'Keep original', ''], [False, 'Grayscale', '-type Grayscale'], [False, 'Heavy blur', '-scale 20% -blur 0x10 -resize 500%'], [False, 'Soft blur', '-scale 20% -blur 0x2 -resize 500%'], [False, 'Oil painting', '-paint 8'], [True, 'Pointilism', '-spread 10 -noise 3'], [False, 'Pixellate', '-scale 3% -scale 3333%']]'
INFO: 2026-10-03 21:11:15,587: log_options() 'get_wallpaper_script = /home/lunatik/.config/variety/scripts/get_wallpaper'
INFO: 2026-10-03 21:11:15,587: log_options() 'icon = Dark'
INFO: 2026-10-03 21:11:15,587: log_options() 'internet_enabled = False'
INFO: 2026-10-03 21:11:15,587: log_options() 'lightness_enabled = False'
INFO: 2026-10-03 21:11:15,587: log_options() 'lightness_mode = 0'
INFO: 2026-10-03 21:11:15,587: log_options() 'min_rating = 4'
INFO: 2026-10-03 21:11:15,588: log_options() 'min_rating_enabled = False'
INFO: 2026-10-03 21:11:15,588: log_options() 'min_size = 80'
INFO: 2026-10-03 21:11:15,588: log_options() 'min_size_enabled = False'
INFO: 2026-10-03 21:11:15,588: log_options() 'name_regex = .*'
INFO: 2026-10-03 21:11:15,588: log_options() 'name_regex_enabled = False'
INFO: 2026-10-03 21:11:15,588: log_options() 'quota_enabled = True'
INFO: 2026-10-03 21:11:15,588: log_options() 'quota_size = 1000'
INFO: 2026-10-03 21:11:15,588: log_options() 'quotes_authors = '
INFO: 2026-10-03 21:11:15,588: log_options() 'quotes_bg_color = [80, 80, 80]'
INFO: 2026-10-03 21:11:15,588: log_options() 'quotes_bg_opacity = 55'
INFO: 2026-10-03 21:11:15,588: log_options() 'quotes_change_enabled = False'
INFO: 2026-10-03 21:11:15,588: log_options() 'quotes_change_interval = 10'
INFO: 2026-10-03 21:11:15,588: log_options() 'quotes_disabled_sources = ['Urban Dictionary']'
INFO: 2026-10-03 21:11:15,588: log_options() 'quotes_enabled = False'
INFO: 2026-10-03 21:11:15,588: log_options() 'quotes_favorites_file = /home/lunatik/.config/variety/favorite_quotes.txt'
INFO: 2026-10-03 21:11:15,588: log_options() 'quotes_font = Serif 30'
INFO: 2026-10-03 21:11:15,588: log_options() 'quotes_hpos = 100'
INFO: 2026-10-03 21:11:15,588: log_options() 'quotes_max_length = 250'
INFO: 2026-10-03 21:11:15,589: log_options() 'quotes_tags = '
INFO: 2026-10-03 21:11:15,589: log_options() 'quotes_text_color = [237, 51, 59]'
INFO: 2026-10-03 21:11:15,589: log_options() 'quotes_text_shadow = False'
INFO: 2026-10-03 21:11:15,589: log_options() 'quotes_vpos = 40'
INFO: 2026-10-03 21:11:15,589: log_options() 'quotes_width = 70'
INFO: 2026-10-03 21:11:15,589: log_options() 'safe_mode = False'
INFO: 2026-10-03 21:11:15,589: log_options() 'set_lock_screen_script = /home/lunatik/.config/variety/scripts/set_lock_screen'
INFO: 2026-10-03 21:11:15,589: log_options() 'set_wallpaper_script = /home/lunatik/.config/variety/scripts/set_wallpaper'
INFO: 2026-10-03 21:11:15,589: log_options() 'slideshow_custom_enabled = False'
INFO: 2026-10-03 21:11:15,589: log_options() 'slideshow_custom_folder = /home/lunatik/Pictures'
INFO: 2026-10-03 21:11:15,589: log_options() 'slideshow_downloads_enabled = False'
INFO: 2026-10-03 21:11:15,589: log_options() 'slideshow_fade = 0.4'
INFO: 2026-10-03 21:11:15,589: log_options() 'slideshow_favorites_enabled = True'
INFO: 2026-10-03 21:11:15,589: log_options() 'slideshow_mode = Fullscreen'
INFO: 2026-10-03 21:11:15,589: log_options() 'slideshow_monitor = All'
INFO: 2026-10-03 21:11:15,589: log_options() 'slideshow_pan = 0.05'
INFO: 2026-10-03 21:11:15,590: log_options() 'slideshow_seconds = 6.0'
INFO: 2026-10-03 21:11:15,590: log_options() 'slideshow_sort_order = Random'
INFO: 2026-10-03 21:11:15,590: log_options() 'slideshow_sources_enabled = True'
INFO: 2026-10-03 21:11:15,590: log_options() 'slideshow_zoom = 0.2'
INFO: 2026-10-03 21:11:15,590: log_options() 'smart_enabled = False'
INFO: 2026-10-03 21:11:15,590: log_options() 'smart_notice_shown = False'
INFO: 2026-10-03 21:11:15,590: log_options() 'smart_register_shown = False'
INFO: 2026-10-03 21:11:15,590: log_options() 'sources = [[False, 'favorites', 'The Favorites folder'], [False, 'fetched', 'The Fetched folder'], [False, 'apod', "NASA's Astronomy Picture of the Day"], [False, 'bing', 'Bing Photo of the Day'], [False, 'earthview', 'Google Earth View Wallpapers'], [False, 'unsplash', 'High-resolution photos from Unsplash.com'], [True, 'folder', '/home/lunatik/dwm-Gruvbox/wallpapers'], [False, 'flickr', 'user:www.flickr.com/photos/peter-levi/;user_id:93647178@N00;']]'
INFO: 2026-10-03 21:11:15,590: log_options() 'stats_enabled = True'
INFO: 2026-10-03 21:11:15,590: log_options() 'stats_notice_shown = False'
INFO: 2026-10-03 21:11:15,590: log_options() 'sync_enabled = True'
INFO: 2026-10-03 21:11:15,590: log_options() 'use_landscape_enabled = True'
INFO: 2026-10-03 21:11:15,590: log_options() 'wallhaven_api_key = '
INFO: 2026-10-03 21:11:15,590: log_options() 'wallpaper_auto_rotate = False'
INFO: 2026-10-03 21:11:15,590: log_options() 'wallpaper_display_mode = smart'
INFO: 2026-10-03 21:11:15,590: reload_config() 'No need to clear prepared queue'
INFO: 2026-10-03 21:11:15,590: update_indicator() 'Setting file info to: /home/lunatik/dwm-Gruvbox/wallpapers/Minimal/atoms.png'
INFO: 2026-10-03 21:11:15,592: prepare_thread() 'Prepared buffer contains 14 images'
INFO: 2026-10-03 21:11:15,693: do_set_wp() 'Calling do_set_wp with /home/lunatik/dwm-Gruvbox/wallpapers/Minimal/atoms.png, time: 1791051075.69304'
INFO: 2026-10-03 21:11:15,749: compute_trimmed_offsets() 'Trimmed offsets debug info: w:1920, h:1080, ratio:1.777778, iw:1920, ih:1080, scw:1920, sch:1080, ho:0, vo:0'
INFO: 2026-10-03 21:11:15,750: build_imagemagick_clock_cmd() 'Applying clock filter: -density 100 -font '/usr/share/fonts/gnu-free/FreeSerif.otf' -pointsize 70 -gravity SouthEast -fill '#00000044' -annotate 0x0+58+108 '21:11' -fill white -annotate 0x0+60+110 '21:11' -font '/usr/share/fonts/gnu-free/FreeSerif.otf' -pointsize 30 -fill '#00000044' -annotate 0x0+58+58 'Saturday, October 03' -fill white -annotate 0x0+60+60 'Saturday, October 03''
INFO: 2026-10-03 21:11:15,750: build_imagemagick_clock_cmd() 'ImageMagick clock args: ['/usr/bin/magick', '/home/lunatik/dwm-Gruvbox/wallpapers/Minimal/atoms.png', '-scale', '1920x1080^', '-density', '100', '-font', '/usr/share/fonts/gnu-free/FreeSerif.otf', '-pointsize', '70', '-gravity', 'SouthEast', '-fill', '#00000044', '-annotate', '0x0+58+108', '21:11', '-fill', 'white', '-annotate', '0x0+60+110', '21:11', '-font', '/usr/share/fonts/gnu-free/FreeSerif.otf', '-pointsize', '30', '-fill', '#00000044', '-annotate', '0x0+58+58', 'Saturday, October 03', '-fill', 'white', '-annotate', '0x0+60+60', 'Saturday, October 03', '/home/lunatik/.config/variety/wallpaper/wallpaper-clock-ece8eb0e65845596e827968689b56b28.jpg']'
INFO: 2026-10-03 21:11:15,968: update_indicator() 'Setting file info to: /home/lunatik/dwm-Gruvbox/wallpapers/Minimal/atoms.png'
INFO: 2026-10-03 21:11:17,593: trigger_download() 'Triggering download thread to check if download needed and possible'
INFO: 2026-10-03 21:11:21,156: apply() 'Applying preferences'
ERROR: 2026-10-03 21:11:21,157: get_xdg_pictures_folder() 'Could not get path to Pictures folder. Defaulting to ~/Pictures.'
Traceback (most recent call last):
  File "/usr/lib/python3.14/site-packages/variety/Util.py", line 847, in get_xdg_pictures_folder
    raise Exception("Could not get path to Pictures folder. Defaulting to ~/Pictures.")
Exception: Could not get path to Pictures folder. Defaulting to ~/Pictures.
ERROR: 2026-10-03 21:11:21,165: get_xdg_pictures_folder() 'Could not get path to Pictures folder. Defaulting to ~/Pictures.'
Traceback (most recent call last):
  File "/usr/lib/python3.14/site-packages/variety/Util.py", line 847, in get_xdg_pictures_folder
    raise Exception("Could not get path to Pictures folder. Defaulting to ~/Pictures.")
Exception: Could not get path to Pictures folder. Defaulting to ~/Pictures.
ERROR: 2026-10-03 21:11:21,169: get_xdg_pictures_folder() 'Could not get path to Pictures folder. Defaulting to ~/Pictures.'
Traceback (most recent call last):
  File "/usr/lib/python3.14/site-packages/variety/Util.py", line 847, in get_xdg_pictures_folder
    raise Exception("Could not get path to Pictures folder. Defaulting to ~/Pictures.")
Exception: Could not get path to Pictures folder. Defaulting to ~/Pictures.
ERROR: 2026-10-03 21:11:21,177: get_xdg_pictures_folder() 'Could not get path to Pictures folder. Defaulting to ~/Pictures.'
Traceback (most recent call last):
  File "/usr/lib/python3.14/site-packages/variety/Util.py", line 847, in get_xdg_pictures_folder
    raise Exception("Could not get path to Pictures folder. Defaulting to ~/Pictures.")
Exception: Could not get path to Pictures folder. Defaulting to ~/Pictures.
ERROR: 2026-10-03 21:11:21,182: get_xdg_pictures_folder() 'Could not get path to Pictures folder. Defaulting to ~/Pictures.'
Traceback (most recent call last):
  File "/usr/lib/python3.14/site-packages/variety/Util.py", line 847, in get_xdg_pictures_folder
    raise Exception("Could not get path to Pictures folder. Defaulting to ~/Pictures.")
Exception: Could not get path to Pictures folder. Defaulting to ~/Pictures.
INFO: 2026-10-03 21:11:21,186: set_visible() 'Showing status icon'
INFO: 2026-10-03 21:11:21,186: log_options() 'Loaded options:'
INFO: 2026-10-03 21:11:21,186: log_options() 'change_enabled = True'
INFO: 2026-10-03 21:11:21,187: log_options() 'change_interval = 300'
INFO: 2026-10-03 21:11:21,187: log_options() 'change_lock_screen = False'
INFO: 2026-10-03 21:11:21,187: log_options() 'change_on_start = True'
INFO: 2026-10-03 21:11:21,187: log_options() 'clipboard_enabled = False'
INFO: 2026-10-03 21:11:21,187: log_options() 'clipboard_hosts = ['wallhaven.cc', 'wallpapers.net', 'flickr.com', 'imgur.com', 'deviantart.com', 'interfacelift.com', 'vladstudio.com', 'imageshack.us', 'deviantart.net', 'imageshack.com']'
INFO: 2026-10-03 21:11:21,187: log_options() 'clipboard_use_whitelist = True'
INFO: 2026-10-03 21:11:21,187: log_options() 'clock_date_font = Serif 30'
INFO: 2026-10-03 21:11:21,187: log_options() 'clock_enabled = True'
INFO: 2026-10-03 21:11:21,187: log_options() 'clock_filter = -density 100 -font '%CLOCK_FONT_FILE' -pointsize %CLOCK_FONT_SIZE -gravity SouthEast -fill '#00000044' -annotate 0x0+[%HOFFSET+58]+[%VOFFSET+108] '%H:%M' -fill white -annotate 0x0+[%HOFFSET+60]+[%VOFFSET+110] '%H:%M' -font '%DATE_FONT_FILE' -pointsize %DATE_FONT_SIZE -fill '#00000044' -annotate 0x0+[%HOFFSET+58]+[%VOFFSET+58] '%A, %B %d' -fill white -annotate 0x0+[%HOFFSET+60]+[%VOFFSET+60] '%A, %B %d''
INFO: 2026-10-03 21:11:21,187: log_options() 'clock_font = Serif 70'
INFO: 2026-10-03 21:11:21,187: log_options() 'configfile = /home/lunatik/.config/variety/variety.conf'
INFO: 2026-10-03 21:11:21,187: log_options() 'copyto_enabled = False'
INFO: 2026-10-03 21:11:21,188: log_options() 'copyto_folder = Default'
INFO: 2026-10-03 21:11:21,188: log_options() 'desired_color = [160, 160, 160]'
INFO: 2026-10-03 21:11:21,188: log_options() 'desired_color_enabled = False'
INFO: 2026-10-03 21:11:21,188: log_options() 'download_folder = /home/lunatik/.config/variety/Downloaded'
INFO: 2026-10-03 21:11:21,188: log_options() 'download_preference_ratio = 0.9'
INFO: 2026-10-03 21:11:21,188: log_options() 'favorites_folder = /home/lunatik/.config/variety/Favorites'
INFO: 2026-10-03 21:11:21,188: log_options() 'favorites_operations = [['Downloaded', 'Copy'], ['Fetched', 'Move'], ['Others', 'Copy']]'
INFO: 2026-10-03 21:11:21,188: log_options() 'fetched_folder = /home/lunatik/.config/variety/Fetched'
INFO: 2026-10-03 21:11:21,189: log_options() 'filters = [[True, 'Keep original', ''], [False, 'Grayscale', '-type Grayscale'], [True, 'Heavy blur', '-scale 20% -blur 0x10 -resize 500%'], [False, 'Soft blur', '-scale 20% -blur 0x2 -resize 500%'], [False, 'Oil painting', '-paint 8'], [True, 'Pointilism', '-spread 10 -noise 3'], [False, 'Pixellate', '-scale 3% -scale 3333%']]'
INFO: 2026-10-03 21:11:21,189: log_options() 'get_wallpaper_script = /home/lunatik/.config/variety/scripts/get_wallpaper'
INFO: 2026-10-03 21:11:21,189: log_options() 'icon = Dark'
INFO: 2026-10-03 21:11:21,189: log_options() 'internet_enabled = False'
INFO: 2026-10-03 21:11:21,189: log_options() 'lightness_enabled = False'
INFO: 2026-10-03 21:11:21,189: log_options() 'lightness_mode = 0'
INFO: 2026-10-03 21:11:21,189: log_options() 'min_rating = 4'
INFO: 2026-10-03 21:11:21,189: log_options() 'min_rating_enabled = False'
INFO: 2026-10-03 21:11:21,189: log_options() 'min_size = 80'
INFO: 2026-10-03 21:11:21,189: log_options() 'min_size_enabled = False'
INFO: 2026-10-03 21:11:21,189: log_options() 'name_regex = .*'
INFO: 2026-10-03 21:11:21,189: log_options() 'name_regex_enabled = False'
INFO: 2026-10-03 21:11:21,189: log_options() 'quota_enabled = True'
INFO: 2026-10-03 21:11:21,189: log_options() 'quota_size = 1000'
INFO: 2026-10-03 21:11:21,189: log_options() 'quotes_authors = '
INFO: 2026-10-03 21:11:21,189: log_options() 'quotes_bg_color = [80, 80, 80]'
INFO: 2026-10-03 21:11:21,189: log_options() 'quotes_bg_opacity = 55'
INFO: 2026-10-03 21:11:21,190: log_options() 'quotes_change_enabled = False'
INFO: 2026-10-03 21:11:21,190: log_options() 'quotes_change_interval = 10'
INFO: 2026-10-03 21:11:21,190: log_options() 'quotes_disabled_sources = ['Urban Dictionary']'
INFO: 2026-10-03 21:11:21,190: log_options() 'quotes_enabled = False'
INFO: 2026-10-03 21:11:21,190: log_options() 'quotes_favorites_file = /home/lunatik/.config/variety/favorite_quotes.txt'
INFO: 2026-10-03 21:11:21,190: log_options() 'quotes_font = Serif 30'
INFO: 2026-10-03 21:11:21,190: log_options() 'quotes_hpos = 100'
INFO: 2026-10-03 21:11:21,190: log_options() 'quotes_max_length = 250'
INFO: 2026-10-03 21:11:21,190: log_options() 'quotes_tags = '
INFO: 2026-10-03 21:11:21,190: log_options() 'quotes_text_color = [237, 51, 59]'
INFO: 2026-10-03 21:11:21,190: log_options() 'quotes_text_shadow = False'
INFO: 2026-10-03 21:11:21,190: log_options() 'quotes_vpos = 40'
INFO: 2026-10-03 21:11:21,190: log_options() 'quotes_width = 70'
INFO: 2026-10-03 21:11:21,190: log_options() 'safe_mode = False'
INFO: 2026-10-03 21:11:21,190: log_options() 'set_lock_screen_script = /home/lunatik/.config/variety/scripts/set_lock_screen'
INFO: 2026-10-03 21:11:21,190: log_options() 'set_wallpaper_script = /home/lunatik/.config/variety/scripts/set_wallpaper'
INFO: 2026-10-03 21:11:21,190: log_options() 'slideshow_custom_enabled = False'
INFO: 2026-10-03 21:11:21,191: log_options() 'slideshow_custom_folder = /home/lunatik/Pictures'
INFO: 2026-10-03 21:11:21,191: log_options() 'slideshow_downloads_enabled = False'
INFO: 2026-10-03 21:11:21,191: log_options() 'slideshow_fade = 0.4'
INFO: 2026-10-03 21:11:21,191: log_options() 'slideshow_favorites_enabled = True'
INFO: 2026-10-03 21:11:21,191: log_options() 'slideshow_mode = Fullscreen'
INFO: 2026-10-03 21:11:21,191: log_options() 'slideshow_monitor = All'
INFO: 2026-10-03 21:11:21,191: log_options() 'slideshow_pan = 0.05'
INFO: 2026-10-03 21:11:21,191: log_options() 'slideshow_seconds = 6.0'
INFO: 2026-10-03 21:11:21,191: log_options() 'slideshow_sort_order = Random'
INFO: 2026-10-03 21:11:21,191: log_options() 'slideshow_sources_enabled = True'
INFO: 2026-10-03 21:11:21,191: log_options() 'slideshow_zoom = 0.2'
INFO: 2026-10-03 21:11:21,191: log_options() 'smart_enabled = False'
INFO: 2026-10-03 21:11:21,191: log_options() 'smart_notice_shown = False'
INFO: 2026-10-03 21:11:21,191: log_options() 'smart_register_shown = False'
INFO: 2026-10-03 21:11:21,188: set_icon() 'Showing status icon image: /usr/lib/python3.14/site-packages/variety/data/media/variety-indicator-dark.png'
INFO: 2026-10-03 21:11:21,191: log_options() 'sources = [[False, 'favorites', 'The Favorites folder'], [False, 'fetched', 'The Fetched folder'], [False, 'apod', "NASA's Astronomy Picture of the Day"], [False, 'bing', 'Bing Photo of the Day'], [False, 'earthview', 'Google Earth View Wallpapers'], [False, 'unsplash', 'High-resolution photos from Unsplash.com'], [True, 'folder', '/home/lunatik/dwm-Gruvbox/wallpapers'], [False, 'flickr', 'user:www.flickr.com/photos/peter-levi/;user_id:93647178@N00;']]'
INFO: 2026-10-03 21:11:21,192: log_options() 'stats_enabled = True'
INFO: 2026-10-03 21:11:21,192: log_options() 'stats_notice_shown = False'
INFO: 2026-10-03 21:11:21,192: log_options() 'sync_enabled = True'
INFO: 2026-10-03 21:11:21,192: log_options() 'use_landscape_enabled = True'
INFO: 2026-10-03 21:11:21,192: log_options() 'wallhaven_api_key = '
INFO: 2026-10-03 21:11:21,192: log_options() 'wallpaper_auto_rotate = False'
INFO: 2026-10-03 21:11:21,192: log_options() 'wallpaper_display_mode = smart'
INFO: 2026-10-03 21:11:21,192: reload_config() 'No need to clear prepared queue'
INFO: 2026-10-03 21:11:21,192: update_indicator() 'Setting file info to: /home/lunatik/dwm-Gruvbox/wallpapers/Minimal/atoms.png'
INFO: 2026-10-03 21:11:21,193: prepare_thread() 'Prepared buffer contains 14 images'
INFO: 2026-10-03 21:11:21,294: do_set_wp() 'Calling do_set_wp with /home/lunatik/dwm-Gruvbox/wallpapers/Minimal/atoms.png, time: 1791051081.2947712'
INFO: 2026-10-03 21:11:21,295: build_imagemagick_filter_cmd() 'Applying filter: -spread 10 -noise 3'
INFO: 2026-10-03 21:11:21,296: build_imagemagick_filter_cmd() 'ImageMagick args: ['/usr/bin/magick', '/home/lunatik/dwm-Gruvbox/wallpapers/Minimal/atoms.png', '-scale', '1920x1080^', '-spread', '10', '-noise', '3', '/home/lunatik/.config/variety/wallpaper/wallpaper-filter-474639fbe60b33a1b0a84c0ce7699609.jpg']'
INFO: 2026-10-03 21:11:22,017: compute_trimmed_offsets() 'Trimmed offsets debug info: w:1920, h:1080, ratio:1.777778, iw:1920, ih:1080, scw:1920, sch:1080, ho:0, vo:0'
INFO: 2026-10-03 21:11:22,018: build_imagemagick_clock_cmd() 'Applying clock filter: -density 100 -font '/usr/share/fonts/gnu-free/FreeSerif.otf' -pointsize 70 -gravity SouthEast -fill '#00000044' -annotate 0x0+58+108 '21:11' -fill white -annotate 0x0+60+110 '21:11' -font '/usr/share/fonts/gnu-free/FreeSerif.otf' -pointsize 30 -fill '#00000044' -annotate 0x0+58+58 'Saturday, October 03' -fill white -annotate 0x0+60+60 'Saturday, October 03''
INFO: 2026-10-03 21:11:22,018: build_imagemagick_clock_cmd() 'ImageMagick clock args: ['/usr/bin/magick', '/home/lunatik/.config/variety/wallpaper/wallpaper-filter-474639fbe60b33a1b0a84c0ce7699609.jpg', '-scale', '1920x1080^', '-density', '100', '-font', '/usr/share/fonts/gnu-free/FreeSerif.otf', '-pointsize', '70', '-gravity', 'SouthEast', '-fill', '#00000044', '-annotate', '0x0+58+108', '21:11', '-fill', 'white', '-annotate', '0x0+60+110', '21:11', '-font', '/usr/share/fonts/gnu-free/FreeSerif.otf', '-pointsize', '30', '-fill', '#00000044', '-annotate', '0x0+58+58', 'Saturday, October 03', '-fill', 'white', '-annotate', '0x0+60+60', 'Saturday, October 03', '/home/lunatik/.config/variety/wallpaper/wallpaper-clock-a3ac51fc1803ab8fad68b781944db421.jpg']'
INFO: 2026-10-03 21:11:22,199: update_indicator() 'Setting file info to: /home/lunatik/dwm-Gruvbox/wallpapers/Minimal/atoms.png'
INFO: 2026-10-03 21:11:23,194: trigger_download() 'Triggering download thread to check if download needed and possible'
INFO: 2026-10-03 21:11:24,268: apply() 'Applying preferences'
ERROR: 2026-10-03 21:11:24,269: get_xdg_pictures_folder() 'Could not get path to Pictures folder. Defaulting to ~/Pictures.'
Traceback (most recent call last):
  File "/usr/lib/python3.14/site-packages/variety/Util.py", line 847, in get_xdg_pictures_folder
    raise Exception("Could not get path to Pictures folder. Defaulting to ~/Pictures.")
Exception: Could not get path to Pictures folder. Defaulting to ~/Pictures.
ERROR: 2026-10-03 21:11:24,274: get_xdg_pictures_folder() 'Could not get path to Pictures folder. Defaulting to ~/Pictures.'
Traceback (most recent call last):
  File "/usr/lib/python3.14/site-packages/variety/Util.py", line 847, in get_xdg_pictures_folder
    raise Exception("Could not get path to Pictures folder. Defaulting to ~/Pictures.")
Exception: Could not get path to Pictures folder. Defaulting to ~/Pictures.
ERROR: 2026-10-03 21:11:24,277: get_xdg_pictures_folder() 'Could not get path to Pictures folder. Defaulting to ~/Pictures.'
Traceback (most recent call last):
  File "/usr/lib/python3.14/site-packages/variety/Util.py", line 847, in get_xdg_pictures_folder
    raise Exception("Could not get path to Pictures folder. Defaulting to ~/Pictures.")
Exception: Could not get path to Pictures folder. Defaulting to ~/Pictures.
ERROR: 2026-10-03 21:11:24,283: get_xdg_pictures_folder() 'Could not get path to Pictures folder. Defaulting to ~/Pictures.'
Traceback (most recent call last):
  File "/usr/lib/python3.14/site-packages/variety/Util.py", line 847, in get_xdg_pictures_folder
    raise Exception("Could not get path to Pictures folder. Defaulting to ~/Pictures.")
Exception: Could not get path to Pictures folder. Defaulting to ~/Pictures.
ERROR: 2026-10-03 21:11:24,287: get_xdg_pictures_folder() 'Could not get path to Pictures folder. Defaulting to ~/Pictures.'
Traceback (most recent call last):
  File "/usr/lib/python3.14/site-packages/variety/Util.py", line 847, in get_xdg_pictures_folder
    raise Exception("Could not get path to Pictures folder. Defaulting to ~/Pictures.")
Exception: Could not get path to Pictures folder. Defaulting to ~/Pictures.
INFO: 2026-10-03 21:11:24,288: set_visible() 'Showing status icon'
INFO: 2026-10-03 21:11:24,288: set_icon() 'Showing status icon image: /usr/lib/python3.14/site-packages/variety/data/media/variety-indicator-dark.png'
INFO: 2026-10-03 21:11:24,289: log_options() 'Loaded options:'
INFO: 2026-10-03 21:11:24,289: log_options() 'change_enabled = True'
INFO: 2026-10-03 21:11:24,289: log_options() 'change_interval = 300'
INFO: 2026-10-03 21:11:24,289: log_options() 'change_lock_screen = False'
INFO: 2026-10-03 21:11:24,289: log_options() 'change_on_start = True'
INFO: 2026-10-03 21:11:24,289: log_options() 'clipboard_enabled = False'
INFO: 2026-10-03 21:11:24,289: log_options() 'clipboard_hosts = ['wallhaven.cc', 'wallpapers.net', 'flickr.com', 'imgur.com', 'deviantart.com', 'interfacelift.com', 'vladstudio.com', 'imageshack.us', 'deviantart.net', 'imageshack.com']'
INFO: 2026-10-03 21:11:24,289: log_options() 'clipboard_use_whitelist = True'
INFO: 2026-10-03 21:11:24,289: log_options() 'clock_date_font = Serif 30'
INFO: 2026-10-03 21:11:24,289: log_options() 'clock_enabled = True'
INFO: 2026-10-03 21:11:24,289: log_options() 'clock_filter = -density 100 -font '%CLOCK_FONT_FILE' -pointsize %CLOCK_FONT_SIZE -gravity SouthEast -fill '#00000044' -annotate 0x0+[%HOFFSET+58]+[%VOFFSET+108] '%H:%M' -fill white -annotate 0x0+[%HOFFSET+60]+[%VOFFSET+110] '%H:%M' -font '%DATE_FONT_FILE' -pointsize %DATE_FONT_SIZE -fill '#00000044' -annotate 0x0+[%HOFFSET+58]+[%VOFFSET+58] '%A, %B %d' -fill white -annotate 0x0+[%HOFFSET+60]+[%VOFFSET+60] '%A, %B %d''
INFO: 2026-10-03 21:11:24,289: log_options() 'clock_font = Serif 70'
INFO: 2026-10-03 21:11:24,289: log_options() 'configfile = /home/lunatik/.config/variety/variety.conf'
INFO: 2026-10-03 21:11:24,289: log_options() 'copyto_enabled = False'
INFO: 2026-10-03 21:11:24,289: log_options() 'copyto_folder = Default'
INFO: 2026-10-03 21:11:24,289: log_options() 'desired_color = [160, 160, 160]'
INFO: 2026-10-03 21:11:24,290: log_options() 'desired_color_enabled = False'
INFO: 2026-10-03 21:11:24,290: log_options() 'download_folder = /home/lunatik/.config/variety/Downloaded'
INFO: 2026-10-03 21:11:24,290: log_options() 'download_preference_ratio = 0.9'
INFO: 2026-10-03 21:11:24,290: log_options() 'favorites_folder = /home/lunatik/.config/variety/Favorites'
INFO: 2026-10-03 21:11:24,290: log_options() 'favorites_operations = [['Downloaded', 'Copy'], ['Fetched', 'Move'], ['Others', 'Copy']]'
INFO: 2026-10-03 21:11:24,290: log_options() 'fetched_folder = /home/lunatik/.config/variety/Fetched'
INFO: 2026-10-03 21:11:24,290: log_options() 'filters = [[True, 'Keep original', ''], [False, 'Grayscale', '-type Grayscale'], [True, 'Heavy blur', '-scale 20% -blur 0x10 -resize 500%'], [False, 'Soft blur', '-scale 20% -blur 0x2 -resize 500%'], [False, 'Oil painting', '-paint 8'], [False, 'Pointilism', '-spread 10 -noise 3'], [False, 'Pixellate', '-scale 3% -scale 3333%']]'
INFO: 2026-10-03 21:11:24,290: log_options() 'get_wallpaper_script = /home/lunatik/.config/variety/scripts/get_wallpaper'
INFO: 2026-10-03 21:11:24,290: log_options() 'icon = Dark'
INFO: 2026-10-03 21:11:24,290: log_options() 'internet_enabled = False'
INFO: 2026-10-03 21:11:24,290: log_options() 'lightness_enabled = False'
INFO: 2026-10-03 21:11:24,290: log_options() 'lightness_mode = 0'
INFO: 2026-10-03 21:11:24,290: log_options() 'min_rating = 4'
INFO: 2026-10-03 21:11:24,290: log_options() 'min_rating_enabled = False'
INFO: 2026-10-03 21:11:24,290: log_options() 'min_size = 80'
INFO: 2026-10-03 21:11:24,290: log_options() 'min_size_enabled = False'
INFO: 2026-10-03 21:11:24,290: log_options() 'name_regex = .*'
INFO: 2026-10-03 21:11:24,290: log_options() 'name_regex_enabled = False'
INFO: 2026-10-03 21:11:24,290: log_options() 'quota_enabled = True'
INFO: 2026-10-03 21:11:24,290: log_options() 'quota_size = 1000'
INFO: 2026-10-03 21:11:24,290: log_options() 'quotes_authors = '
INFO: 2026-10-03 21:11:24,291: log_options() 'quotes_bg_color = [80, 80, 80]'
INFO: 2026-10-03 21:11:24,291: log_options() 'quotes_bg_opacity = 55'
INFO: 2026-10-03 21:11:24,291: log_options() 'quotes_change_enabled = False'
INFO: 2026-10-03 21:11:24,291: log_options() 'quotes_change_interval = 10'
INFO: 2026-10-03 21:11:24,291: log_options() 'quotes_disabled_sources = ['Urban Dictionary']'
INFO: 2026-10-03 21:11:24,291: log_options() 'quotes_enabled = False'
INFO: 2026-10-03 21:11:24,291: log_options() 'quotes_favorites_file = /home/lunatik/.config/variety/favorite_quotes.txt'
INFO: 2026-10-03 21:11:24,291: log_options() 'quotes_font = Serif 30'
INFO: 2026-10-03 21:11:24,291: log_options() 'quotes_hpos = 100'
INFO: 2026-10-03 21:11:24,291: log_options() 'quotes_max_length = 250'
INFO: 2026-10-03 21:11:24,291: log_options() 'quotes_tags = '
INFO: 2026-10-03 21:11:24,291: log_options() 'quotes_text_color = [237, 51, 59]'
INFO: 2026-10-03 21:11:24,291: log_options() 'quotes_text_shadow = False'
INFO: 2026-10-03 21:11:24,291: log_options() 'quotes_vpos = 40'
INFO: 2026-10-03 21:11:24,291: log_options() 'quotes_width = 70'
INFO: 2026-10-03 21:11:24,291: log_options() 'safe_mode = False'
INFO: 2026-10-03 21:11:24,291: log_options() 'set_lock_screen_script = /home/lunatik/.config/variety/scripts/set_lock_screen'
INFO: 2026-10-03 21:11:24,291: log_options() 'set_wallpaper_script = /home/lunatik/.config/variety/scripts/set_wallpaper'
INFO: 2026-10-03 21:11:24,291: log_options() 'slideshow_custom_enabled = False'
INFO: 2026-10-03 21:11:24,291: log_options() 'slideshow_custom_folder = /home/lunatik/Pictures'
INFO: 2026-10-03 21:11:24,292: log_options() 'slideshow_downloads_enabled = False'
INFO: 2026-10-03 21:11:24,292: log_options() 'slideshow_fade = 0.4'
INFO: 2026-10-03 21:11:24,292: log_options() 'slideshow_favorites_enabled = True'
INFO: 2026-10-03 21:11:24,292: log_options() 'slideshow_mode = Fullscreen'
INFO: 2026-10-03 21:11:24,292: log_options() 'slideshow_monitor = All'
INFO: 2026-10-03 21:11:24,292: log_options() 'slideshow_pan = 0.05'
INFO: 2026-10-03 21:11:24,292: log_options() 'slideshow_seconds = 6.0'
INFO: 2026-10-03 21:11:24,292: log_options() 'slideshow_sort_order = Random'
INFO: 2026-10-03 21:11:24,292: log_options() 'slideshow_sources_enabled = True'
INFO: 2026-10-03 21:11:24,292: log_options() 'slideshow_zoom = 0.2'
INFO: 2026-10-03 21:11:24,292: log_options() 'smart_enabled = False'
INFO: 2026-10-03 21:11:24,292: log_options() 'smart_notice_shown = False'
INFO: 2026-10-03 21:11:24,292: log_options() 'smart_register_shown = False'
INFO: 2026-10-03 21:11:24,292: log_options() 'sources = [[False, 'favorites', 'The Favorites folder'], [False, 'fetched', 'The Fetched folder'], [False, 'apod', "NASA's Astronomy Picture of the Day"], [False, 'bing', 'Bing Photo of the Day'], [False, 'earthview', 'Google Earth View Wallpapers'], [False, 'unsplash', 'High-resolution photos from Unsplash.com'], [True, 'folder', '/home/lunatik/dwm-Gruvbox/wallpapers'], [False, 'flickr', 'user:www.flickr.com/photos/peter-levi/;user_id:93647178@N00;']]'
INFO: 2026-10-03 21:11:24,292: log_options() 'stats_enabled = True'
INFO: 2026-10-03 21:11:24,292: log_options() 'stats_notice_shown = False'
INFO: 2026-10-03 21:11:24,292: log_options() 'sync_enabled = True'
INFO: 2026-10-03 21:11:24,292: log_options() 'use_landscape_enabled = True'
INFO: 2026-10-03 21:11:24,292: log_options() 'wallhaven_api_key = '
INFO: 2026-10-03 21:11:24,292: log_options() 'wallpaper_auto_rotate = False'
INFO: 2026-10-03 21:11:24,292: log_options() 'wallpaper_display_mode = smart'
INFO: 2026-10-03 21:11:24,293: reload_config() 'No need to clear prepared queue'
INFO: 2026-10-03 21:11:24,293: update_indicator() 'Setting file info to: /home/lunatik/dwm-Gruvbox/wallpapers/Minimal/atoms.png'
INFO: 2026-10-03 21:11:24,294: prepare_thread() 'Prepared buffer contains 14 images'
INFO: 2026-10-03 21:11:24,395: do_set_wp() 'Calling do_set_wp with /home/lunatik/dwm-Gruvbox/wallpapers/Minimal/atoms.png, time: 1791051084.395041'
INFO: 2026-10-03 21:11:24,456: compute_trimmed_offsets() 'Trimmed offsets debug info: w:1920, h:1080, ratio:1.777778, iw:1920, ih:1080, scw:1920, sch:1080, ho:0, vo:0'
INFO: 2026-10-03 21:11:24,456: build_imagemagick_clock_cmd() 'Applying clock filter: -density 100 -font '/usr/share/fonts/gnu-free/FreeSerif.otf' -pointsize 70 -gravity SouthEast -fill '#00000044' -annotate 0x0+58+108 '21:11' -fill white -annotate 0x0+60+110 '21:11' -font '/usr/share/fonts/gnu-free/FreeSerif.otf' -pointsize 30 -fill '#00000044' -annotate 0x0+58+58 'Saturday, October 03' -fill white -annotate 0x0+60+60 'Saturday, October 03''
INFO: 2026-10-03 21:11:24,456: build_imagemagick_clock_cmd() 'ImageMagick clock args: ['/usr/bin/magick', '/home/lunatik/dwm-Gruvbox/wallpapers/Minimal/atoms.png', '-scale', '1920x1080^', '-density', '100', '-font', '/usr/share/fonts/gnu-free/FreeSerif.otf', '-pointsize', '70', '-gravity', 'SouthEast', '-fill', '#00000044', '-annotate', '0x0+58+108', '21:11', '-fill', 'white', '-annotate', '0x0+60+110', '21:11', '-font', '/usr/share/fonts/gnu-free/FreeSerif.otf', '-pointsize', '30', '-fill', '#00000044', '-annotate', '0x0+58+58', 'Saturday, October 03', '-fill', 'white', '-annotate', '0x0+60+60', 'Saturday, October 03', '/home/lunatik/.config/variety/wallpaper/wallpaper-clock-b19ea8fcc41ca2d3b2b9628399356239.jpg']'
INFO: 2026-10-03 21:11:24,658: update_indicator() 'Setting file info to: /home/lunatik/dwm-Gruvbox/wallpapers/Minimal/atoms.png'
INFO: 2026-10-03 21:11:26,173: apply() 'Applying preferences'
ERROR: 2026-10-03 21:11:26,173: get_xdg_pictures_folder() 'Could not get path to Pictures folder. Defaulting to ~/Pictures.'
Traceback (most recent call last):
  File "/usr/lib/python3.14/site-packages/variety/Util.py", line 847, in get_xdg_pictures_folder
    raise Exception("Could not get path to Pictures folder. Defaulting to ~/Pictures.")
Exception: Could not get path to Pictures folder. Defaulting to ~/Pictures.
ERROR: 2026-10-03 21:11:26,182: get_xdg_pictures_folder() 'Could not get path to Pictures folder. Defaulting to ~/Pictures.'
Traceback (most recent call last):
  File "/usr/lib/python3.14/site-packages/variety/Util.py", line 847, in get_xdg_pictures_folder
    raise Exception("Could not get path to Pictures folder. Defaulting to ~/Pictures.")
Exception: Could not get path to Pictures folder. Defaulting to ~/Pictures.
ERROR: 2026-10-03 21:11:26,186: get_xdg_pictures_folder() 'Could not get path to Pictures folder. Defaulting to ~/Pictures.'
Traceback (most recent call last):
  File "/usr/lib/python3.14/site-packages/variety/Util.py", line 847, in get_xdg_pictures_folder
    raise Exception("Could not get path to Pictures folder. Defaulting to ~/Pictures.")
Exception: Could not get path to Pictures folder. Defaulting to ~/Pictures.
ERROR: 2026-10-03 21:11:26,194: get_xdg_pictures_folder() 'Could not get path to Pictures folder. Defaulting to ~/Pictures.'
Traceback (most recent call last):
  File "/usr/lib/python3.14/site-packages/variety/Util.py", line 847, in get_xdg_pictures_folder
    raise Exception("Could not get path to Pictures folder. Defaulting to ~/Pictures.")
Exception: Could not get path to Pictures folder. Defaulting to ~/Pictures.
ERROR: 2026-10-03 21:11:26,199: get_xdg_pictures_folder() 'Could not get path to Pictures folder. Defaulting to ~/Pictures.'
Traceback (most recent call last):
  File "/usr/lib/python3.14/site-packages/variety/Util.py", line 847, in get_xdg_pictures_folder
    raise Exception("Could not get path to Pictures folder. Defaulting to ~/Pictures.")
Exception: Could not get path to Pictures folder. Defaulting to ~/Pictures.
INFO: 2026-10-03 21:11:26,200: log_options() 'Loaded options:'
INFO: 2026-10-03 21:11:26,201: log_options() 'change_enabled = True'
INFO: 2026-10-03 21:11:26,201: log_options() 'change_interval = 300'
INFO: 2026-10-03 21:11:26,201: log_options() 'change_lock_screen = False'
INFO: 2026-10-03 21:11:26,201: log_options() 'change_on_start = True'
INFO: 2026-10-03 21:11:26,201: log_options() 'clipboard_enabled = False'
INFO: 2026-10-03 21:11:26,201: log_options() 'clipboard_hosts = ['wallhaven.cc', 'wallpapers.net', 'flickr.com', 'imgur.com', 'deviantart.com', 'interfacelift.com', 'vladstudio.com', 'imageshack.us', 'deviantart.net', 'imageshack.com']'
INFO: 2026-10-03 21:11:26,201: log_options() 'clipboard_use_whitelist = True'
INFO: 2026-10-03 21:11:26,201: log_options() 'clock_date_font = Serif 30'
INFO: 2026-10-03 21:11:26,201: log_options() 'clock_enabled = True'
INFO: 2026-10-03 21:11:26,201: log_options() 'clock_filter = -density 100 -font '%CLOCK_FONT_FILE' -pointsize %CLOCK_FONT_SIZE -gravity SouthEast -fill '#00000044' -annotate 0x0+[%HOFFSET+58]+[%VOFFSET+108] '%H:%M' -fill white -annotate 0x0+[%HOFFSET+60]+[%VOFFSET+110] '%H:%M' -font '%DATE_FONT_FILE' -pointsize %DATE_FONT_SIZE -fill '#00000044' -annotate 0x0+[%HOFFSET+58]+[%VOFFSET+58] '%A, %B %d' -fill white -annotate 0x0+[%HOFFSET+60]+[%VOFFSET+60] '%A, %B %d''
INFO: 2026-10-03 21:11:26,201: log_options() 'clock_font = Serif 70'
INFO: 2026-10-03 21:11:26,201: log_options() 'configfile = /home/lunatik/.config/variety/variety.conf'
INFO: 2026-10-03 21:11:26,202: log_options() 'copyto_enabled = False'
INFO: 2026-10-03 21:11:26,202: log_options() 'copyto_folder = Default'
INFO: 2026-10-03 21:11:26,202: log_options() 'desired_color = [160, 160, 160]'
INFO: 2026-10-03 21:11:26,202: log_options() 'desired_color_enabled = False'
INFO: 2026-10-03 21:11:26,202: log_options() 'download_folder = /home/lunatik/.config/variety/Downloaded'
INFO: 2026-10-03 21:11:26,202: log_options() 'download_preference_ratio = 0.9'
INFO: 2026-10-03 21:11:26,202: log_options() 'favorites_folder = /home/lunatik/.config/variety/Favorites'
INFO: 2026-10-03 21:11:26,202: log_options() 'favorites_operations = [['Downloaded', 'Copy'], ['Fetched', 'Move'], ['Others', 'Copy']]'
INFO: 2026-10-03 21:11:26,202: log_options() 'fetched_folder = /home/lunatik/.config/variety/Fetched'
INFO: 2026-10-03 21:11:26,202: log_options() 'filters = [[True, 'Keep original', ''], [False, 'Grayscale', '-type Grayscale'], [False, 'Heavy blur', '-scale 20% -blur 0x10 -resize 500%'], [False, 'Soft blur', '-scale 20% -blur 0x2 -resize 500%'], [False, 'Oil painting', '-paint 8'], [False, 'Pointilism', '-spread 10 -noise 3'], [False, 'Pixellate', '-scale 3% -scale 3333%']]'
INFO: 2026-10-03 21:11:26,203: log_options() 'get_wallpaper_script = /home/lunatik/.config/variety/scripts/get_wallpaper'
INFO: 2026-10-03 21:11:26,203: log_options() 'icon = Dark'
INFO: 2026-10-03 21:11:26,203: log_options() 'internet_enabled = False'
INFO: 2026-10-03 21:11:26,203: log_options() 'lightness_enabled = False'
INFO: 2026-10-03 21:11:26,203: log_options() 'lightness_mode = 0'
INFO: 2026-10-03 21:11:26,203: log_options() 'min_rating = 4'
INFO: 2026-10-03 21:11:26,203: log_options() 'min_rating_enabled = False'
INFO: 2026-10-03 21:11:26,203: log_options() 'min_size = 80'
INFO: 2026-10-03 21:11:26,203: log_options() 'min_size_enabled = False'
INFO: 2026-10-03 21:11:26,203: log_options() 'name_regex = .*'
INFO: 2026-10-03 21:11:26,203: log_options() 'name_regex_enabled = False'
INFO: 2026-10-03 21:11:26,203: log_options() 'quota_enabled = True'
INFO: 2026-10-03 21:11:26,203: log_options() 'quota_size = 1000'
INFO: 2026-10-03 21:11:26,203: log_options() 'quotes_authors = '
INFO: 2026-10-03 21:11:26,203: log_options() 'quotes_bg_color = [80, 80, 80]'
INFO: 2026-10-03 21:11:26,204: log_options() 'quotes_bg_opacity = 55'
INFO: 2026-10-03 21:11:26,204: log_options() 'quotes_change_enabled = False'
INFO: 2026-10-03 21:11:26,204: log_options() 'quotes_change_interval = 10'
INFO: 2026-10-03 21:11:26,204: log_options() 'quotes_disabled_sources = ['Urban Dictionary']'
INFO: 2026-10-03 21:11:26,204: log_options() 'quotes_enabled = False'
INFO: 2026-10-03 21:11:26,204: log_options() 'quotes_favorites_file = /home/lunatik/.config/variety/favorite_quotes.txt'
INFO: 2026-10-03 21:11:26,204: log_options() 'quotes_font = Serif 30'
INFO: 2026-10-03 21:11:26,204: log_options() 'quotes_hpos = 100'
INFO: 2026-10-03 21:11:26,204: log_options() 'quotes_max_length = 250'
INFO: 2026-10-03 21:11:26,202: set_visible() 'Showing status icon'
INFO: 2026-10-03 21:11:26,204: log_options() 'quotes_tags = '
INFO: 2026-10-03 21:11:26,204: log_options() 'quotes_text_color = [237, 51, 59]'
INFO: 2026-10-03 21:11:26,205: log_options() 'quotes_text_shadow = False'
INFO: 2026-10-03 21:11:26,205: log_options() 'quotes_vpos = 40'
INFO: 2026-10-03 21:11:26,205: log_options() 'quotes_width = 70'
INFO: 2026-10-03 21:11:26,205: log_options() 'safe_mode = False'
INFO: 2026-10-03 21:11:26,205: log_options() 'set_lock_screen_script = /home/lunatik/.config/variety/scripts/set_lock_screen'
INFO: 2026-10-03 21:11:26,205: log_options() 'set_wallpaper_script = /home/lunatik/.config/variety/scripts/set_wallpaper'
INFO: 2026-10-03 21:11:26,205: log_options() 'slideshow_custom_enabled = False'
INFO: 2026-10-03 21:11:26,205: log_options() 'slideshow_custom_folder = /home/lunatik/Pictures'
INFO: 2026-10-03 21:11:26,205: log_options() 'slideshow_downloads_enabled = False'
INFO: 2026-10-03 21:11:26,205: log_options() 'slideshow_fade = 0.4'
INFO: 2026-10-03 21:11:26,205: log_options() 'slideshow_favorites_enabled = True'
INFO: 2026-10-03 21:11:26,205: log_options() 'slideshow_mode = Fullscreen'
INFO: 2026-10-03 21:11:26,205: log_options() 'slideshow_monitor = All'
INFO: 2026-10-03 21:11:26,205: log_options() 'slideshow_pan = 0.05'
INFO: 2026-10-03 21:11:26,205: log_options() 'slideshow_seconds = 6.0'
INFO: 2026-10-03 21:11:26,205: log_options() 'slideshow_sort_order = Random'
INFO: 2026-10-03 21:11:26,205: log_options() 'slideshow_sources_enabled = True'
INFO: 2026-10-03 21:11:26,205: log_options() 'slideshow_zoom = 0.2'
INFO: 2026-10-03 21:11:26,205: log_options() 'smart_enabled = False'
INFO: 2026-10-03 21:11:26,205: log_options() 'smart_notice_shown = False'
INFO: 2026-10-03 21:11:26,206: log_options() 'smart_register_shown = False'
INFO: 2026-10-03 21:11:26,206: log_options() 'sources = [[False, 'favorites', 'The Favorites folder'], [False, 'fetched', 'The Fetched folder'], [False, 'apod', "NASA's Astronomy Picture of the Day"], [False, 'bing', 'Bing Photo of the Day'], [False, 'earthview', 'Google Earth View Wallpapers'], [False, 'unsplash', 'High-resolution photos from Unsplash.com'], [True, 'folder', '/home/lunatik/dwm-Gruvbox/wallpapers'], [False, 'flickr', 'user:www.flickr.com/photos/peter-levi/;user_id:93647178@N00;']]'
INFO: 2026-10-03 21:11:26,206: log_options() 'stats_enabled = True'
INFO: 2026-10-03 21:11:26,206: log_options() 'stats_notice_shown = False'
INFO: 2026-10-03 21:11:26,206: log_options() 'sync_enabled = True'
INFO: 2026-10-03 21:11:26,204: set_icon() 'Showing status icon image: /usr/lib/python3.14/site-packages/variety/data/media/variety-indicator-dark.png'
INFO: 2026-10-03 21:11:26,206: log_options() 'use_landscape_enabled = True'
INFO: 2026-10-03 21:11:26,206: log_options() 'wallhaven_api_key = '
INFO: 2026-10-03 21:11:26,206: log_options() 'wallpaper_auto_rotate = False'
INFO: 2026-10-03 21:11:26,206: log_options() 'wallpaper_display_mode = smart'
INFO: 2026-10-03 21:11:26,206: reload_config() 'No need to clear prepared queue'
INFO: 2026-10-03 21:11:26,206: update_indicator() 'Setting file info to: /home/lunatik/dwm-Gruvbox/wallpapers/Minimal/atoms.png'
INFO: 2026-10-03 21:11:26,208: prepare_thread() 'Prepared buffer contains 14 images'
INFO: 2026-10-03 21:11:26,295: trigger_download() 'Triggering download thread to check if download needed and possible'
INFO: 2026-10-03 21:11:26,308: do_set_wp() 'Calling do_set_wp with /home/lunatik/dwm-Gruvbox/wallpapers/Minimal/atoms.png, time: 1791051086.3084867'
INFO: 2026-10-03 21:11:26,363: compute_trimmed_offsets() 'Trimmed offsets debug info: w:1920, h:1080, ratio:1.777778, iw:1920, ih:1080, scw:1920, sch:1080, ho:0, vo:0'
INFO: 2026-10-03 21:11:26,363: build_imagemagick_clock_cmd() 'Applying clock filter: -density 100 -font '/usr/share/fonts/gnu-free/FreeSerif.otf' -pointsize 70 -gravity SouthEast -fill '#00000044' -annotate 0x0+58+108 '21:11' -fill white -annotate 0x0+60+110 '21:11' -font '/usr/share/fonts/gnu-free/FreeSerif.otf' -pointsize 30 -fill '#00000044' -annotate 0x0+58+58 'Saturday, October 03' -fill white -annotate 0x0+60+60 'Saturday, October 03''
INFO: 2026-10-03 21:11:26,363: build_imagemagick_clock_cmd() 'ImageMagick clock args: ['/usr/bin/magick', '/home/lunatik/dwm-Gruvbox/wallpapers/Minimal/atoms.png', '-scale', '1920x1080^', '-density', '100', '-font', '/usr/share/fonts/gnu-free/FreeSerif.otf', '-pointsize', '70', '-gravity', 'SouthEast', '-fill', '#00000044', '-annotate', '0x0+58+108', '21:11', '-fill', 'white', '-annotate', '0x0+60+110', '21:11', '-font', '/usr/share/fonts/gnu-free/FreeSerif.otf', '-pointsize', '30', '-fill', '#00000044', '-annotate', '0x0+58+58', 'Saturday, October 03', '-fill', 'white', '-annotate', '0x0+60+60', 'Saturday, October 03', '/home/lunatik/.config/variety/wallpaper/wallpaper-clock-78b8213810c1a1e750c0293d88f48037.jpg']'
INFO: 2026-10-03 21:11:26,581: update_indicator() 'Setting file info to: /home/lunatik/dwm-Gruvbox/wallpapers/Minimal/atoms.png'
INFO: 2026-10-03 21:11:26,908: apply() 'Applying preferences'
ERROR: 2026-10-03 21:11:26,909: get_xdg_pictures_folder() 'Could not get path to Pictures folder. Defaulting to ~/Pictures.'
Traceback (most recent call last):
  File "/usr/lib/python3.14/site-packages/variety/Util.py", line 847, in get_xdg_pictures_folder
    raise Exception("Could not get path to Pictures folder. Defaulting to ~/Pictures.")
Exception: Could not get path to Pictures folder. Defaulting to ~/Pictures.
ERROR: 2026-10-03 21:11:26,913: get_xdg_pictures_folder() 'Could not get path to Pictures folder. Defaulting to ~/Pictures.'
Traceback (most recent call last):
  File "/usr/lib/python3.14/site-packages/variety/Util.py", line 847, in get_xdg_pictures_folder
    raise Exception("Could not get path to Pictures folder. Defaulting to ~/Pictures.")
Exception: Could not get path to Pictures folder. Defaulting to ~/Pictures.
ERROR: 2026-10-03 21:11:26,916: get_xdg_pictures_folder() 'Could not get path to Pictures folder. Defaulting to ~/Pictures.'
Traceback (most recent call last):
  File "/usr/lib/python3.14/site-packages/variety/Util.py", line 847, in get_xdg_pictures_folder
    raise Exception("Could not get path to Pictures folder. Defaulting to ~/Pictures.")
Exception: Could not get path to Pictures folder. Defaulting to ~/Pictures.
ERROR: 2026-10-03 21:11:26,923: get_xdg_pictures_folder() 'Could not get path to Pictures folder. Defaulting to ~/Pictures.'
Traceback (most recent call last):
  File "/usr/lib/python3.14/site-packages/variety/Util.py", line 847, in get_xdg_pictures_folder
    raise Exception("Could not get path to Pictures folder. Defaulting to ~/Pictures.")
Exception: Could not get path to Pictures folder. Defaulting to ~/Pictures.
ERROR: 2026-10-03 21:11:26,927: get_xdg_pictures_folder() 'Could not get path to Pictures folder. Defaulting to ~/Pictures.'
Traceback (most recent call last):
  File "/usr/lib/python3.14/site-packages/variety/Util.py", line 847, in get_xdg_pictures_folder
    raise Exception("Could not get path to Pictures folder. Defaulting to ~/Pictures.")
Exception: Could not get path to Pictures folder. Defaulting to ~/Pictures.
INFO: 2026-10-03 21:11:26,930: set_visible() 'Showing status icon'
INFO: 2026-10-03 21:11:26,930: set_icon() 'Showing status icon image: /usr/lib/python3.14/site-packages/variety/data/media/variety-indicator-dark.png'
INFO: 2026-10-03 21:11:26,931: log_options() 'Loaded options:'
INFO: 2026-10-03 21:11:26,931: log_options() 'change_enabled = True'
INFO: 2026-10-03 21:11:26,931: log_options() 'change_interval = 300'
INFO: 2026-10-03 21:11:26,931: log_options() 'change_lock_screen = False'
INFO: 2026-10-03 21:11:26,931: log_options() 'change_on_start = True'
INFO: 2026-10-03 21:11:26,931: log_options() 'clipboard_enabled = False'
INFO: 2026-10-03 21:11:26,931: log_options() 'clipboard_hosts = ['wallhaven.cc', 'wallpapers.net', 'flickr.com', 'imgur.com', 'deviantart.com', 'interfacelift.com', 'vladstudio.com', 'imageshack.us', 'deviantart.net', 'imageshack.com']'
INFO: 2026-10-03 21:11:26,932: log_options() 'clipboard_use_whitelist = True'
INFO: 2026-10-03 21:11:26,932: log_options() 'clock_date_font = Serif 30'
INFO: 2026-10-03 21:11:26,932: log_options() 'clock_enabled = True'
INFO: 2026-10-03 21:11:26,932: log_options() 'clock_filter = -density 100 -font '%CLOCK_FONT_FILE' -pointsize %CLOCK_FONT_SIZE -gravity SouthEast -fill '#00000044' -annotate 0x0+[%HOFFSET+58]+[%VOFFSET+108] '%H:%M' -fill white -annotate 0x0+[%HOFFSET+60]+[%VOFFSET+110] '%H:%M' -font '%DATE_FONT_FILE' -pointsize %DATE_FONT_SIZE -fill '#00000044' -annotate 0x0+[%HOFFSET+58]+[%VOFFSET+58] '%A, %B %d' -fill white -annotate 0x0+[%HOFFSET+60]+[%VOFFSET+60] '%A, %B %d''
INFO: 2026-10-03 21:11:26,932: log_options() 'clock_font = Serif 70'
INFO: 2026-10-03 21:11:26,932: log_options() 'configfile = /home/lunatik/.config/variety/variety.conf'
INFO: 2026-10-03 21:11:26,932: log_options() 'copyto_enabled = False'
INFO: 2026-10-03 21:11:26,932: log_options() 'copyto_folder = Default'
INFO: 2026-10-03 21:11:26,933: log_options() 'desired_color = [160, 160, 160]'
INFO: 2026-10-03 21:11:26,933: log_options() 'desired_color_enabled = False'
INFO: 2026-10-03 21:11:26,933: log_options() 'download_folder = /home/lunatik/.config/variety/Downloaded'
INFO: 2026-10-03 21:11:26,934: log_options() 'download_preference_ratio = 0.9'
INFO: 2026-10-03 21:11:26,935: log_options() 'favorites_folder = /home/lunatik/.config/variety/Favorites'
INFO: 2026-10-03 21:11:26,935: log_options() 'favorites_operations = [['Downloaded', 'Copy'], ['Fetched', 'Move'], ['Others', 'Copy']]'
INFO: 2026-10-03 21:11:26,936: log_options() 'fetched_folder = /home/lunatik/.config/variety/Fetched'
INFO: 2026-10-03 21:11:26,937: log_options() 'filters = [[True, 'Keep original', ''], [False, 'Grayscale', '-type Grayscale'], [False, 'Heavy blur', '-scale 20% -blur 0x10 -resize 500%'], [False, 'Soft blur', '-scale 20% -blur 0x2 -resize 500%'], [False, 'Oil painting', '-paint 8'], [True, 'Pointilism', '-spread 10 -noise 3'], [False, 'Pixellate', '-scale 3% -scale 3333%']]'
INFO: 2026-10-03 21:11:26,937: log_options() 'get_wallpaper_script = /home/lunatik/.config/variety/scripts/get_wallpaper'
INFO: 2026-10-03 21:11:26,937: log_options() 'icon = Dark'
INFO: 2026-10-03 21:11:26,937: log_options() 'internet_enabled = False'
INFO: 2026-10-03 21:11:26,937: log_options() 'lightness_enabled = False'
INFO: 2026-10-03 21:11:26,937: log_options() 'lightness_mode = 0'
INFO: 2026-10-03 21:11:26,938: log_options() 'min_rating = 4'
INFO: 2026-10-03 21:11:26,938: log_options() 'min_rating_enabled = False'
INFO: 2026-10-03 21:11:26,939: log_options() 'min_size = 80'
INFO: 2026-10-03 21:11:26,939: log_options() 'min_size_enabled = False'
INFO: 2026-10-03 21:11:26,939: log_options() 'name_regex = .*'
INFO: 2026-10-03 21:11:26,939: log_options() 'name_regex_enabled = False'
INFO: 2026-10-03 21:11:26,939: log_options() 'quota_enabled = True'
INFO: 2026-10-03 21:11:26,939: log_options() 'quota_size = 1000'
INFO: 2026-10-03 21:11:26,940: log_options() 'quotes_authors = '
INFO: 2026-10-03 21:11:26,941: log_options() 'quotes_bg_color = [80, 80, 80]'
INFO: 2026-10-03 21:11:26,941: log_options() 'quotes_bg_opacity = 55'
INFO: 2026-10-03 21:11:26,941: log_options() 'quotes_change_enabled = False'
INFO: 2026-10-03 21:11:26,941: log_options() 'quotes_change_interval = 10'
INFO: 2026-10-03 21:11:26,941: log_options() 'quotes_disabled_sources = ['Urban Dictionary']'
INFO: 2026-10-03 21:11:26,941: log_options() 'quotes_enabled = False'
INFO: 2026-10-03 21:11:26,941: log_options() 'quotes_favorites_file = /home/lunatik/.config/variety/favorite_quotes.txt'
INFO: 2026-10-03 21:11:26,942: log_options() 'quotes_font = Serif 30'
INFO: 2026-10-03 21:11:26,942: log_options() 'quotes_hpos = 100'
INFO: 2026-10-03 21:11:26,942: log_options() 'quotes_max_length = 250'
INFO: 2026-10-03 21:11:26,943: log_options() 'quotes_tags = '
INFO: 2026-10-03 21:11:26,943: log_options() 'quotes_text_color = [237, 51, 59]'
INFO: 2026-10-03 21:11:26,943: log_options() 'quotes_text_shadow = False'
INFO: 2026-10-03 21:11:26,943: log_options() 'quotes_vpos = 40'
INFO: 2026-10-03 21:11:26,943: log_options() 'quotes_width = 70'
INFO: 2026-10-03 21:11:26,943: log_options() 'safe_mode = False'
INFO: 2026-10-03 21:11:26,943: log_options() 'set_lock_screen_script = /home/lunatik/.config/variety/scripts/set_lock_screen'
INFO: 2026-10-03 21:11:26,943: log_options() 'set_wallpaper_script = /home/lunatik/.config/variety/scripts/set_wallpaper'
INFO: 2026-10-03 21:11:26,943: log_options() 'slideshow_custom_enabled = False'
INFO: 2026-10-03 21:11:26,943: log_options() 'slideshow_custom_folder = /home/lunatik/Pictures'
INFO: 2026-10-03 21:11:26,943: log_options() 'slideshow_downloads_enabled = False'
INFO: 2026-10-03 21:11:26,943: log_options() 'slideshow_fade = 0.4'
INFO: 2026-10-03 21:11:26,943: log_options() 'slideshow_favorites_enabled = True'
INFO: 2026-10-03 21:11:26,943: log_options() 'slideshow_mode = Fullscreen'
INFO: 2026-10-03 21:11:26,943: log_options() 'slideshow_monitor = All'
INFO: 2026-10-03 21:11:26,943: log_options() 'slideshow_pan = 0.05'
INFO: 2026-10-03 21:11:26,943: log_options() 'slideshow_seconds = 6.0'
INFO: 2026-10-03 21:11:26,943: log_options() 'slideshow_sort_order = Random'
INFO: 2026-10-03 21:11:26,943: log_options() 'slideshow_sources_enabled = True'
INFO: 2026-10-03 21:11:26,943: log_options() 'slideshow_zoom = 0.2'
INFO: 2026-10-03 21:11:26,944: log_options() 'smart_enabled = False'
INFO: 2026-10-03 21:11:26,944: log_options() 'smart_notice_shown = False'
INFO: 2026-10-03 21:11:26,944: log_options() 'smart_register_shown = False'
INFO: 2026-10-03 21:11:26,944: log_options() 'sources = [[False, 'favorites', 'The Favorites folder'], [False, 'fetched', 'The Fetched folder'], [False, 'apod', "NASA's Astronomy Picture of the Day"], [False, 'bing', 'Bing Photo of the Day'], [False, 'earthview', 'Google Earth View Wallpapers'], [False, 'unsplash', 'High-resolution photos from Unsplash.com'], [True, 'folder', '/home/lunatik/dwm-Gruvbox/wallpapers'], [False, 'flickr', 'user:www.flickr.com/photos/peter-levi/;user_id:93647178@N00;']]'
INFO: 2026-10-03 21:11:26,944: log_options() 'stats_enabled = True'
INFO: 2026-10-03 21:11:26,944: log_options() 'stats_notice_shown = False'
INFO: 2026-10-03 21:11:26,944: log_options() 'sync_enabled = True'
INFO: 2026-10-03 21:11:26,944: log_options() 'use_landscape_enabled = True'
INFO: 2026-10-03 21:11:26,944: log_options() 'wallhaven_api_key = '
INFO: 2026-10-03 21:11:26,944: log_options() 'wallpaper_auto_rotate = False'
INFO: 2026-10-03 21:11:26,944: log_options() 'wallpaper_display_mode = smart'
INFO: 2026-10-03 21:11:26,944: reload_config() 'No need to clear prepared queue'
INFO: 2026-10-03 21:11:26,944: update_indicator() 'Setting file info to: /home/lunatik/dwm-Gruvbox/wallpapers/Minimal/atoms.png'
INFO: 2026-10-03 21:11:26,946: prepare_thread() 'Prepared buffer contains 14 images'
INFO: 2026-10-03 21:11:27,309: do_set_wp() 'Calling do_set_wp with /home/lunatik/dwm-Gruvbox/wallpapers/Minimal/atoms.png, time: 1791051087.309374'
INFO: 2026-10-03 21:11:27,310: build_imagemagick_filter_cmd() 'Applying filter: -spread 10 -noise 3'
INFO: 2026-10-03 21:11:27,310: build_imagemagick_filter_cmd() 'ImageMagick args: ['/usr/bin/magick', '/home/lunatik/dwm-Gruvbox/wallpapers/Minimal/atoms.png', '-scale', '1920x1080^', '-spread', '10', '-noise', '3', '/home/lunatik/.config/variety/wallpaper/wallpaper-filter-6cc96a8e6f4af0bdd6207406dae5831f.jpg']'
INFO: 2026-10-03 21:11:28,073: compute_trimmed_offsets() 'Trimmed offsets debug info: w:1920, h:1080, ratio:1.777778, iw:1920, ih:1080, scw:1920, sch:1080, ho:0, vo:0'
INFO: 2026-10-03 21:11:28,073: build_imagemagick_clock_cmd() 'Applying clock filter: -density 100 -font '/usr/share/fonts/gnu-free/FreeSerif.otf' -pointsize 70 -gravity SouthEast -fill '#00000044' -annotate 0x0+58+108 '21:11' -fill white -annotate 0x0+60+110 '21:11' -font '/usr/share/fonts/gnu-free/FreeSerif.otf' -pointsize 30 -fill '#00000044' -annotate 0x0+58+58 'Saturday, October 03' -fill white -annotate 0x0+60+60 'Saturday, October 03''
INFO: 2026-10-03 21:11:28,073: build_imagemagick_clock_cmd() 'ImageMagick clock args: ['/usr/bin/magick', '/home/lunatik/.config/variety/wallpaper/wallpaper-filter-6cc96a8e6f4af0bdd6207406dae5831f.jpg', '-scale', '1920x1080^', '-density', '100', '-font', '/usr/share/fonts/gnu-free/FreeSerif.otf', '-pointsize', '70', '-gravity', 'SouthEast', '-fill', '#00000044', '-annotate', '0x0+58+108', '21:11', '-fill', 'white', '-annotate', '0x0+60+110', '21:11', '-font', '/usr/share/fonts/gnu-free/FreeSerif.otf', '-pointsize', '30', '-fill', '#00000044', '-annotate', '0x0+58+58', 'Saturday, October 03', '-fill', 'white', '-annotate', '0x0+60+60', 'Saturday, October 03', '/home/lunatik/.config/variety/wallpaper/wallpaper-clock-465bbd488e31703658a3bf87d67c7628.jpg']'
INFO: 2026-10-03 21:11:28,208: trigger_download() 'Triggering download thread to check if download needed and possible'
INFO: 2026-10-03 21:11:28,263: update_indicator() 'Setting file info to: /home/lunatik/dwm-Gruvbox/wallpapers/Minimal/atoms.png'
INFO: 2026-10-03 21:11:28,947: trigger_download() 'Triggering download thread to check if download needed and possible'
INFO: 2026-10-03 21:11:29,980: apply() 'Applying preferences'
ERROR: 2026-10-03 21:11:29,981: get_xdg_pictures_folder() 'Could not get path to Pictures folder. Defaulting to ~/Pictures.'
Traceback (most recent call last):
  File "/usr/lib/python3.14/site-packages/variety/Util.py", line 847, in get_xdg_pictures_folder
    raise Exception("Could not get path to Pictures folder. Defaulting to ~/Pictures.")
Exception: Could not get path to Pictures folder. Defaulting to ~/Pictures.
ERROR: 2026-10-03 21:11:29,986: get_xdg_pictures_folder() 'Could not get path to Pictures folder. Defaulting to ~/Pictures.'
Traceback (most recent call last):
  File "/usr/lib/python3.14/site-packages/variety/Util.py", line 847, in get_xdg_pictures_folder
    raise Exception("Could not get path to Pictures folder. Defaulting to ~/Pictures.")
Exception: Could not get path to Pictures folder. Defaulting to ~/Pictures.
ERROR: 2026-10-03 21:11:29,989: get_xdg_pictures_folder() 'Could not get path to Pictures folder. Defaulting to ~/Pictures.'
Traceback (most recent call last):
  File "/usr/lib/python3.14/site-packages/variety/Util.py", line 847, in get_xdg_pictures_folder
    raise Exception("Could not get path to Pictures folder. Defaulting to ~/Pictures.")
Exception: Could not get path to Pictures folder. Defaulting to ~/Pictures.
ERROR: 2026-10-03 21:11:29,997: get_xdg_pictures_folder() 'Could not get path to Pictures folder. Defaulting to ~/Pictures.'
Traceback (most recent call last):
  File "/usr/lib/python3.14/site-packages/variety/Util.py", line 847, in get_xdg_pictures_folder
    raise Exception("Could not get path to Pictures folder. Defaulting to ~/Pictures.")
Exception: Could not get path to Pictures folder. Defaulting to ~/Pictures.
ERROR: 2026-10-03 21:11:30,002: get_xdg_pictures_folder() 'Could not get path to Pictures folder. Defaulting to ~/Pictures.'
Traceback (most recent call last):
  File "/usr/lib/python3.14/site-packages/variety/Util.py", line 847, in get_xdg_pictures_folder
    raise Exception("Could not get path to Pictures folder. Defaulting to ~/Pictures.")
Exception: Could not get path to Pictures folder. Defaulting to ~/Pictures.
INFO: 2026-10-03 21:11:30,004: set_visible() 'Showing status icon'
INFO: 2026-10-03 21:11:30,004: log_options() 'Loaded options:'
INFO: 2026-10-03 21:11:30,005: log_options() 'change_enabled = True'
INFO: 2026-10-03 21:11:30,005: log_options() 'change_interval = 300'
INFO: 2026-10-03 21:11:30,005: log_options() 'change_lock_screen = False'
INFO: 2026-10-03 21:11:30,005: log_options() 'change_on_start = True'
INFO: 2026-10-03 21:11:30,005: log_options() 'clipboard_enabled = False'
INFO: 2026-10-03 21:11:30,006: log_options() 'clipboard_hosts = ['wallhaven.cc', 'wallpapers.net', 'flickr.com', 'imgur.com', 'deviantart.com', 'interfacelift.com', 'vladstudio.com', 'imageshack.us', 'deviantart.net', 'imageshack.com']'
INFO: 2026-10-03 21:11:30,006: log_options() 'clipboard_use_whitelist = True'
INFO: 2026-10-03 21:11:30,006: log_options() 'clock_date_font = Serif 30'
INFO: 2026-10-03 21:11:30,006: log_options() 'clock_enabled = True'
INFO: 2026-10-03 21:11:30,006: log_options() 'clock_filter = -density 100 -font '%CLOCK_FONT_FILE' -pointsize %CLOCK_FONT_SIZE -gravity SouthEast -fill '#00000044' -annotate 0x0+[%HOFFSET+58]+[%VOFFSET+108] '%H:%M' -fill white -annotate 0x0+[%HOFFSET+60]+[%VOFFSET+110] '%H:%M' -font '%DATE_FONT_FILE' -pointsize %DATE_FONT_SIZE -fill '#00000044' -annotate 0x0+[%HOFFSET+58]+[%VOFFSET+58] '%A, %B %d' -fill white -annotate 0x0+[%HOFFSET+60]+[%VOFFSET+60] '%A, %B %d''
INFO: 2026-10-03 21:11:30,006: log_options() 'clock_font = Serif 70'
INFO: 2026-10-03 21:11:30,006: log_options() 'configfile = /home/lunatik/.config/variety/variety.conf'
INFO: 2026-10-03 21:11:30,006: log_options() 'copyto_enabled = False'
INFO: 2026-10-03 21:11:30,006: log_options() 'copyto_folder = Default'
INFO: 2026-10-03 21:11:30,006: log_options() 'desired_color = [160, 160, 160]'
INFO: 2026-10-03 21:11:30,006: log_options() 'desired_color_enabled = False'
INFO: 2026-10-03 21:11:30,006: log_options() 'download_folder = /home/lunatik/.config/variety/Downloaded'
INFO: 2026-10-03 21:11:30,006: log_options() 'download_preference_ratio = 0.9'
INFO: 2026-10-03 21:11:30,006: log_options() 'favorites_folder = /home/lunatik/.config/variety/Favorites'
INFO: 2026-10-03 21:11:30,006: log_options() 'favorites_operations = [['Downloaded', 'Copy'], ['Fetched', 'Move'], ['Others', 'Copy']]'
INFO: 2026-10-03 21:11:30,007: log_options() 'fetched_folder = /home/lunatik/.config/variety/Fetched'
INFO: 2026-10-03 21:11:30,007: log_options() 'filters = [[True, 'Keep original', ''], [False, 'Grayscale', '-type Grayscale'], [False, 'Heavy blur', '-scale 20% -blur 0x10 -resize 500%'], [False, 'Soft blur', '-scale 20% -blur 0x2 -resize 500%'], [False, 'Oil painting', '-paint 8'], [False, 'Pointilism', '-spread 10 -noise 3'], [False, 'Pixellate', '-scale 3% -scale 3333%']]'
INFO: 2026-10-03 21:11:30,007: log_options() 'get_wallpaper_script = /home/lunatik/.config/variety/scripts/get_wallpaper'
INFO: 2026-10-03 21:11:30,007: log_options() 'icon = Dark'
INFO: 2026-10-03 21:11:30,007: log_options() 'internet_enabled = False'
INFO: 2026-10-03 21:11:30,007: log_options() 'lightness_enabled = False'
INFO: 2026-10-03 21:11:30,005: set_icon() 'Showing status icon image: /usr/lib/python3.14/site-packages/variety/data/media/variety-indicator-dark.png'
INFO: 2026-10-03 21:11:30,007: log_options() 'lightness_mode = 0'
INFO: 2026-10-03 21:11:30,007: log_options() 'min_rating = 4'
INFO: 2026-10-03 21:11:30,007: log_options() 'min_rating_enabled = False'
INFO: 2026-10-03 21:11:30,007: log_options() 'min_size = 80'
INFO: 2026-10-03 21:11:30,008: log_options() 'min_size_enabled = False'
INFO: 2026-10-03 21:11:30,008: log_options() 'name_regex = .*'
INFO: 2026-10-03 21:11:30,008: log_options() 'name_regex_enabled = False'
INFO: 2026-10-03 21:11:30,008: log_options() 'quota_enabled = True'
INFO: 2026-10-03 21:11:30,008: log_options() 'quota_size = 1000'
INFO: 2026-10-03 21:11:30,008: log_options() 'quotes_authors = '
INFO: 2026-10-03 21:11:30,008: log_options() 'quotes_bg_color = [80, 80, 80]'
INFO: 2026-10-03 21:11:30,008: log_options() 'quotes_bg_opacity = 55'
INFO: 2026-10-03 21:11:30,008: log_options() 'quotes_change_enabled = False'
INFO: 2026-10-03 21:11:30,008: log_options() 'quotes_change_interval = 10'
INFO: 2026-10-03 21:11:30,008: log_options() 'quotes_disabled_sources = ['Urban Dictionary']'
INFO: 2026-10-03 21:11:30,008: log_options() 'quotes_enabled = False'
INFO: 2026-10-03 21:11:30,008: log_options() 'quotes_favorites_file = /home/lunatik/.config/variety/favorite_quotes.txt'
INFO: 2026-10-03 21:11:30,008: log_options() 'quotes_font = Serif 30'
INFO: 2026-10-03 21:11:30,008: log_options() 'quotes_hpos = 100'
INFO: 2026-10-03 21:11:30,009: log_options() 'quotes_max_length = 250'
INFO: 2026-10-03 21:11:30,009: log_options() 'quotes_tags = '
INFO: 2026-10-03 21:11:30,009: log_options() 'quotes_text_color = [237, 51, 59]'
INFO: 2026-10-03 21:11:30,009: log_options() 'quotes_text_shadow = False'
INFO: 2026-10-03 21:11:30,009: log_options() 'quotes_vpos = 40'
INFO: 2026-10-03 21:11:30,009: log_options() 'quotes_width = 70'
INFO: 2026-10-03 21:11:30,009: log_options() 'safe_mode = False'
INFO: 2026-10-03 21:11:30,009: log_options() 'set_lock_screen_script = /home/lunatik/.config/variety/scripts/set_lock_screen'
INFO: 2026-10-03 21:11:30,009: log_options() 'set_wallpaper_script = /home/lunatik/.config/variety/scripts/set_wallpaper'
INFO: 2026-10-03 21:11:30,009: log_options() 'slideshow_custom_enabled = False'
INFO: 2026-10-03 21:11:30,009: log_options() 'slideshow_custom_folder = /home/lunatik/Pictures'
INFO: 2026-10-03 21:11:30,009: log_options() 'slideshow_downloads_enabled = False'
INFO: 2026-10-03 21:11:30,009: log_options() 'slideshow_fade = 0.4'
INFO: 2026-10-03 21:11:30,009: log_options() 'slideshow_favorites_enabled = True'
INFO: 2026-10-03 21:11:30,009: log_options() 'slideshow_mode = Fullscreen'
INFO: 2026-10-03 21:11:30,009: log_options() 'slideshow_monitor = All'
INFO: 2026-10-03 21:11:30,009: log_options() 'slideshow_pan = 0.05'
INFO: 2026-10-03 21:11:30,009: log_options() 'slideshow_seconds = 6.0'
INFO: 2026-10-03 21:11:30,010: log_options() 'slideshow_sort_order = Random'
INFO: 2026-10-03 21:11:30,010: log_options() 'slideshow_sources_enabled = True'
INFO: 2026-10-03 21:11:30,010: log_options() 'slideshow_zoom = 0.2'
INFO: 2026-10-03 21:11:30,010: log_options() 'smart_enabled = False'
INFO: 2026-10-03 21:11:30,010: log_options() 'smart_notice_shown = False'
INFO: 2026-10-03 21:11:30,010: log_options() 'smart_register_shown = False'
INFO: 2026-10-03 21:11:30,010: log_options() 'sources = [[False, 'favorites', 'The Favorites folder'], [False, 'fetched', 'The Fetched folder'], [False, 'apod', "NASA's Astronomy Picture of the Day"], [False, 'bing', 'Bing Photo of the Day'], [False, 'earthview', 'Google Earth View Wallpapers'], [False, 'unsplash', 'High-resolution photos from Unsplash.com'], [True, 'folder', '/home/lunatik/dwm-Gruvbox/wallpapers'], [False, 'flickr', 'user:www.flickr.com/photos/peter-levi/;user_id:93647178@N00;']]'
INFO: 2026-10-03 21:11:30,010: log_options() 'stats_enabled = True'
INFO: 2026-10-03 21:11:30,010: log_options() 'stats_notice_shown = False'
INFO: 2026-10-03 21:11:30,010: log_options() 'sync_enabled = True'
INFO: 2026-10-03 21:11:30,010: log_options() 'use_landscape_enabled = True'
INFO: 2026-10-03 21:11:30,010: log_options() 'wallhaven_api_key = '
INFO: 2026-10-03 21:11:30,010: log_options() 'wallpaper_auto_rotate = False'
INFO: 2026-10-03 21:11:30,010: log_options() 'wallpaper_display_mode = smart'
INFO: 2026-10-03 21:11:30,010: reload_config() 'No need to clear prepared queue'
INFO: 2026-10-03 21:11:30,010: update_indicator() 'Setting file info to: /home/lunatik/dwm-Gruvbox/wallpapers/Minimal/atoms.png'
INFO: 2026-10-03 21:11:30,012: prepare_thread() 'Prepared buffer contains 14 images'
INFO: 2026-10-03 21:11:30,112: do_set_wp() 'Calling do_set_wp with /home/lunatik/dwm-Gruvbox/wallpapers/Minimal/atoms.png, time: 1791051090.1127303'
INFO: 2026-10-03 21:11:30,169: compute_trimmed_offsets() 'Trimmed offsets debug info: w:1920, h:1080, ratio:1.777778, iw:1920, ih:1080, scw:1920, sch:1080, ho:0, vo:0'
INFO: 2026-10-03 21:11:30,169: build_imagemagick_clock_cmd() 'Applying clock filter: -density 100 -font '/usr/share/fonts/gnu-free/FreeSerif.otf' -pointsize 70 -gravity SouthEast -fill '#00000044' -annotate 0x0+58+108 '21:11' -fill white -annotate 0x0+60+110 '21:11' -font '/usr/share/fonts/gnu-free/FreeSerif.otf' -pointsize 30 -fill '#00000044' -annotate 0x0+58+58 'Saturday, October 03' -fill white -annotate 0x0+60+60 'Saturday, October 03''
INFO: 2026-10-03 21:11:30,170: build_imagemagick_clock_cmd() 'ImageMagick clock args: ['/usr/bin/magick', '/home/lunatik/dwm-Gruvbox/wallpapers/Minimal/atoms.png', '-scale', '1920x1080^', '-density', '100', '-font', '/usr/share/fonts/gnu-free/FreeSerif.otf', '-pointsize', '70', '-gravity', 'SouthEast', '-fill', '#00000044', '-annotate', '0x0+58+108', '21:11', '-fill', 'white', '-annotate', '0x0+60+110', '21:11', '-font', '/usr/share/fonts/gnu-free/FreeSerif.otf', '-pointsize', '30', '-fill', '#00000044', '-annotate', '0x0+58+58', 'Saturday, October 03', '-fill', 'white', '-annotate', '0x0+60+60', 'Saturday, October 03', '/home/lunatik/.config/variety/wallpaper/wallpaper-clock-f237b883404871f7722cff88ebc4b067.jpg']'
INFO: 2026-10-03 21:11:30,383: update_indicator() 'Setting file info to: /home/lunatik/dwm-Gruvbox/wallpapers/Minimal/atoms.png'
INFO: 2026-10-03 21:11:31,037: apply() 'Applying preferences'
ERROR: 2026-10-03 21:11:31,037: get_xdg_pictures_folder() 'Could not get path to Pictures folder. Defaulting to ~/Pictures.'
Traceback (most recent call last):
  File "/usr/lib/python3.14/site-packages/variety/Util.py", line 847, in get_xdg_pictures_folder
    raise Exception("Could not get path to Pictures folder. Defaulting to ~/Pictures.")
Exception: Could not get path to Pictures folder. Defaulting to ~/Pictures.
ERROR: 2026-10-03 21:11:31,042: get_xdg_pictures_folder() 'Could not get path to Pictures folder. Defaulting to ~/Pictures.'
Traceback (most recent call last):
  File "/usr/lib/python3.14/site-packages/variety/Util.py", line 847, in get_xdg_pictures_folder
    raise Exception("Could not get path to Pictures folder. Defaulting to ~/Pictures.")
Exception: Could not get path to Pictures folder. Defaulting to ~/Pictures.
ERROR: 2026-10-03 21:11:31,045: get_xdg_pictures_folder() 'Could not get path to Pictures folder. Defaulting to ~/Pictures.'
Traceback (most recent call last):
  File "/usr/lib/python3.14/site-packages/variety/Util.py", line 847, in get_xdg_pictures_folder
    raise Exception("Could not get path to Pictures folder. Defaulting to ~/Pictures.")
Exception: Could not get path to Pictures folder. Defaulting to ~/Pictures.
ERROR: 2026-10-03 21:11:31,052: get_xdg_pictures_folder() 'Could not get path to Pictures folder. Defaulting to ~/Pictures.'
Traceback (most recent call last):
  File "/usr/lib/python3.14/site-packages/variety/Util.py", line 847, in get_xdg_pictures_folder
    raise Exception("Could not get path to Pictures folder. Defaulting to ~/Pictures.")
Exception: Could not get path to Pictures folder. Defaulting to ~/Pictures.
ERROR: 2026-10-03 21:11:31,057: get_xdg_pictures_folder() 'Could not get path to Pictures folder. Defaulting to ~/Pictures.'
Traceback (most recent call last):
  File "/usr/lib/python3.14/site-packages/variety/Util.py", line 847, in get_xdg_pictures_folder
    raise Exception("Could not get path to Pictures folder. Defaulting to ~/Pictures.")
Exception: Could not get path to Pictures folder. Defaulting to ~/Pictures.
INFO: 2026-10-03 21:11:31,060: set_visible() 'Showing status icon'
INFO: 2026-10-03 21:11:31,060: log_options() 'Loaded options:'
INFO: 2026-10-03 21:11:31,061: log_options() 'change_enabled = True'
INFO: 2026-10-03 21:11:31,061: log_options() 'change_interval = 300'
INFO: 2026-10-03 21:11:31,061: log_options() 'change_lock_screen = False'
INFO: 2026-10-03 21:11:31,061: log_options() 'change_on_start = True'
INFO: 2026-10-03 21:11:31,061: log_options() 'clipboard_enabled = False'
INFO: 2026-10-03 21:11:31,061: log_options() 'clipboard_hosts = ['wallhaven.cc', 'wallpapers.net', 'flickr.com', 'imgur.com', 'deviantart.com', 'interfacelift.com', 'vladstudio.com', 'imageshack.us', 'deviantart.net', 'imageshack.com']'
INFO: 2026-10-03 21:11:31,061: log_options() 'clipboard_use_whitelist = True'
INFO: 2026-10-03 21:11:31,062: log_options() 'clock_date_font = Serif 30'
INFO: 2026-10-03 21:11:31,062: log_options() 'clock_enabled = True'
INFO: 2026-10-03 21:11:31,062: log_options() 'clock_filter = -density 100 -font '%CLOCK_FONT_FILE' -pointsize %CLOCK_FONT_SIZE -gravity SouthEast -fill '#00000044' -annotate 0x0+[%HOFFSET+58]+[%VOFFSET+108] '%H:%M' -fill white -annotate 0x0+[%HOFFSET+60]+[%VOFFSET+110] '%H:%M' -font '%DATE_FONT_FILE' -pointsize %DATE_FONT_SIZE -fill '#00000044' -annotate 0x0+[%HOFFSET+58]+[%VOFFSET+58] '%A, %B %d' -fill white -annotate 0x0+[%HOFFSET+60]+[%VOFFSET+60] '%A, %B %d''
INFO: 2026-10-03 21:11:31,062: log_options() 'clock_font = Serif 70'
INFO: 2026-10-03 21:11:31,062: log_options() 'configfile = /home/lunatik/.config/variety/variety.conf'
INFO: 2026-10-03 21:11:31,062: log_options() 'copyto_enabled = False'
INFO: 2026-10-03 21:11:31,062: log_options() 'copyto_folder = Default'
INFO: 2026-10-03 21:11:31,062: log_options() 'desired_color = [160, 160, 160]'
INFO: 2026-10-03 21:11:31,062: log_options() 'desired_color_enabled = False'
INFO: 2026-10-03 21:11:31,062: log_options() 'download_folder = /home/lunatik/.config/variety/Downloaded'
INFO: 2026-10-03 21:11:31,062: log_options() 'download_preference_ratio = 0.9'
INFO: 2026-10-03 21:11:31,063: log_options() 'favorites_folder = /home/lunatik/.config/variety/Favorites'
INFO: 2026-10-03 21:11:31,063: log_options() 'favorites_operations = [['Downloaded', 'Copy'], ['Fetched', 'Move'], ['Others', 'Copy']]'
INFO: 2026-10-03 21:11:31,063: log_options() 'fetched_folder = /home/lunatik/.config/variety/Fetched'
INFO: 2026-10-03 21:11:31,063: log_options() 'filters = [[True, 'Keep original', ''], [False, 'Grayscale', '-type Grayscale'], [False, 'Heavy blur', '-scale 20% -blur 0x10 -resize 500%'], [False, 'Soft blur', '-scale 20% -blur 0x2 -resize 500%'], [True, 'Oil painting', '-paint 8'], [False, 'Pointilism', '-spread 10 -noise 3'], [False, 'Pixellate', '-scale 3% -scale 3333%']]'
INFO: 2026-10-03 21:11:31,063: log_options() 'get_wallpaper_script = /home/lunatik/.config/variety/scripts/get_wallpaper'
INFO: 2026-10-03 21:11:31,063: log_options() 'icon = Dark'
INFO: 2026-10-03 21:11:31,063: log_options() 'internet_enabled = False'
INFO: 2026-10-03 21:11:31,063: log_options() 'lightness_enabled = False'
INFO: 2026-10-03 21:11:31,063: log_options() 'lightness_mode = 0'
INFO: 2026-10-03 21:11:31,064: log_options() 'min_rating = 4'
INFO: 2026-10-03 21:11:31,064: log_options() 'min_rating_enabled = False'
INFO: 2026-10-03 21:11:31,064: log_options() 'min_size = 80'
INFO: 2026-10-03 21:11:31,064: log_options() 'min_size_enabled = False'
INFO: 2026-10-03 21:11:31,064: log_options() 'name_regex = .*'
INFO: 2026-10-03 21:11:31,064: log_options() 'name_regex_enabled = False'
INFO: 2026-10-03 21:11:31,064: log_options() 'quota_enabled = True'
INFO: 2026-10-03 21:11:31,064: log_options() 'quota_size = 1000'
INFO: 2026-10-03 21:11:31,064: log_options() 'quotes_authors = '
INFO: 2026-10-03 21:11:31,064: log_options() 'quotes_bg_color = [80, 80, 80]'
INFO: 2026-10-03 21:11:31,065: log_options() 'quotes_bg_opacity = 55'
INFO: 2026-10-03 21:11:31,065: log_options() 'quotes_change_enabled = False'
INFO: 2026-10-03 21:11:31,065: log_options() 'quotes_change_interval = 10'
INFO: 2026-10-03 21:11:31,065: log_options() 'quotes_disabled_sources = ['Urban Dictionary']'
INFO: 2026-10-03 21:11:31,065: log_options() 'quotes_enabled = False'
INFO: 2026-10-03 21:11:31,065: log_options() 'quotes_favorites_file = /home/lunatik/.config/variety/favorite_quotes.txt'
INFO: 2026-10-03 21:11:31,065: log_options() 'quotes_font = Serif 30'
INFO: 2026-10-03 21:11:31,065: log_options() 'quotes_hpos = 100'
INFO: 2026-10-03 21:11:31,065: log_options() 'quotes_max_length = 250'
INFO: 2026-10-03 21:11:31,065: log_options() 'quotes_tags = '
INFO: 2026-10-03 21:11:31,065: log_options() 'quotes_text_color = [237, 51, 59]'
INFO: 2026-10-03 21:11:31,066: log_options() 'quotes_text_shadow = False'
INFO: 2026-10-03 21:11:31,066: log_options() 'quotes_vpos = 40'
INFO: 2026-10-03 21:11:31,066: log_options() 'quotes_width = 70'
INFO: 2026-10-03 21:11:31,066: log_options() 'safe_mode = False'
INFO: 2026-10-03 21:11:31,066: log_options() 'set_lock_screen_script = /home/lunatik/.config/variety/scripts/set_lock_screen'
INFO: 2026-10-03 21:11:31,067: log_options() 'set_wallpaper_script = /home/lunatik/.config/variety/scripts/set_wallpaper'
INFO: 2026-10-03 21:11:31,067: log_options() 'slideshow_custom_enabled = False'
INFO: 2026-10-03 21:11:31,067: log_options() 'slideshow_custom_folder = /home/lunatik/Pictures'
INFO: 2026-10-03 21:11:31,067: log_options() 'slideshow_downloads_enabled = False'
INFO: 2026-10-03 21:11:31,067: log_options() 'slideshow_fade = 0.4'
INFO: 2026-10-03 21:11:31,067: log_options() 'slideshow_favorites_enabled = True'
INFO: 2026-10-03 21:11:31,067: log_options() 'slideshow_mode = Fullscreen'
INFO: 2026-10-03 21:11:31,067: log_options() 'slideshow_monitor = All'
INFO: 2026-10-03 21:11:31,068: log_options() 'slideshow_pan = 0.05'
INFO: 2026-10-03 21:11:31,068: log_options() 'slideshow_seconds = 6.0'
INFO: 2026-10-03 21:11:31,068: log_options() 'slideshow_sort_order = Random'
INFO: 2026-10-03 21:11:31,068: log_options() 'slideshow_sources_enabled = True'
INFO: 2026-10-03 21:11:31,068: log_options() 'slideshow_zoom = 0.2'
INFO: 2026-10-03 21:11:31,066: set_icon() 'Showing status icon image: /usr/lib/python3.14/site-packages/variety/data/media/variety-indicator-dark.png'
INFO: 2026-10-03 21:11:31,068: log_options() 'smart_enabled = False'
INFO: 2026-10-03 21:11:31,068: log_options() 'smart_notice_shown = False'
INFO: 2026-10-03 21:11:31,069: log_options() 'smart_register_shown = False'
INFO: 2026-10-03 21:11:31,069: log_options() 'sources = [[False, 'favorites', 'The Favorites folder'], [False, 'fetched', 'The Fetched folder'], [False, 'apod', "NASA's Astronomy Picture of the Day"], [False, 'bing', 'Bing Photo of the Day'], [False, 'earthview', 'Google Earth View Wallpapers'], [False, 'unsplash', 'High-resolution photos from Unsplash.com'], [True, 'folder', '/home/lunatik/dwm-Gruvbox/wallpapers'], [False, 'flickr', 'user:www.flickr.com/photos/peter-levi/;user_id:93647178@N00;']]'
INFO: 2026-10-03 21:11:31,069: log_options() 'stats_enabled = True'
INFO: 2026-10-03 21:11:31,069: log_options() 'stats_notice_shown = False'
INFO: 2026-10-03 21:11:31,069: log_options() 'sync_enabled = True'
INFO: 2026-10-03 21:11:31,069: log_options() 'use_landscape_enabled = True'
INFO: 2026-10-03 21:11:31,069: log_options() 'wallhaven_api_key = '
INFO: 2026-10-03 21:11:31,069: log_options() 'wallpaper_auto_rotate = False'
INFO: 2026-10-03 21:11:31,069: log_options() 'wallpaper_display_mode = smart'
INFO: 2026-10-03 21:11:31,069: reload_config() 'No need to clear prepared queue'
INFO: 2026-10-03 21:11:31,070: update_indicator() 'Setting file info to: /home/lunatik/dwm-Gruvbox/wallpapers/Minimal/atoms.png'
INFO: 2026-10-03 21:11:31,071: prepare_thread() 'Prepared buffer contains 14 images'
INFO: 2026-10-03 21:11:31,172: do_set_wp() 'Calling do_set_wp with /home/lunatik/dwm-Gruvbox/wallpapers/Minimal/atoms.png, time: 1791051091.1719584'
INFO: 2026-10-03 21:11:31,226: compute_trimmed_offsets() 'Trimmed offsets debug info: w:1920, h:1080, ratio:1.777778, iw:1920, ih:1080, scw:1920, sch:1080, ho:0, vo:0'
INFO: 2026-10-03 21:11:31,226: build_imagemagick_clock_cmd() 'Applying clock filter: -density 100 -font '/usr/share/fonts/gnu-free/FreeSerif.otf' -pointsize 70 -gravity SouthEast -fill '#00000044' -annotate 0x0+58+108 '21:11' -fill white -annotate 0x0+60+110 '21:11' -font '/usr/share/fonts/gnu-free/FreeSerif.otf' -pointsize 30 -fill '#00000044' -annotate 0x0+58+58 'Saturday, October 03' -fill white -annotate 0x0+60+60 'Saturday, October 03''
INFO: 2026-10-03 21:11:31,226: build_imagemagick_clock_cmd() 'ImageMagick clock args: ['/usr/bin/magick', '/home/lunatik/dwm-Gruvbox/wallpapers/Minimal/atoms.png', '-scale', '1920x1080^', '-density', '100', '-font', '/usr/share/fonts/gnu-free/FreeSerif.otf', '-pointsize', '70', '-gravity', 'SouthEast', '-fill', '#00000044', '-annotate', '0x0+58+108', '21:11', '-fill', 'white', '-annotate', '0x0+60+110', '21:11', '-font', '/usr/share/fonts/gnu-free/FreeSerif.otf', '-pointsize', '30', '-fill', '#00000044', '-annotate', '0x0+58+58', 'Saturday, October 03', '-fill', 'white', '-annotate', '0x0+60+60', 'Saturday, October 03', '/home/lunatik/.config/variety/wallpaper/wallpaper-clock-86b0c26af3cd03a5b92cd4a505132bd3.jpg']'
INFO: 2026-10-03 21:11:31,435: update_indicator() 'Setting file info to: /home/lunatik/dwm-Gruvbox/wallpapers/Minimal/atoms.png'
INFO: 2026-10-03 21:11:32,013: trigger_download() 'Triggering download thread to check if download needed and possible'
INFO: 2026-10-03 21:11:33,072: trigger_download() 'Triggering download thread to check if download needed and possible'
INFO: 2026-10-03 21:11:41,244: apply() 'Applying preferences'
ERROR: 2026-10-03 21:11:41,245: get_xdg_pictures_folder() 'Could not get path to Pictures folder. Defaulting to ~/Pictures.'
Traceback (most recent call last):
  File "/usr/lib/python3.14/site-packages/variety/Util.py", line 847, in get_xdg_pictures_folder
    raise Exception("Could not get path to Pictures folder. Defaulting to ~/Pictures.")
Exception: Could not get path to Pictures folder. Defaulting to ~/Pictures.
ERROR: 2026-10-03 21:11:41,251: get_xdg_pictures_folder() 'Could not get path to Pictures folder. Defaulting to ~/Pictures.'
Traceback (most recent call last):
  File "/usr/lib/python3.14/site-packages/variety/Util.py", line 847, in get_xdg_pictures_folder
    raise Exception("Could not get path to Pictures folder. Defaulting to ~/Pictures.")
Exception: Could not get path to Pictures folder. Defaulting to ~/Pictures.
ERROR: 2026-10-03 21:11:41,254: get_xdg_pictures_folder() 'Could not get path to Pictures folder. Defaulting to ~/Pictures.'
Traceback (most recent call last):
  File "/usr/lib/python3.14/site-packages/variety/Util.py", line 847, in get_xdg_pictures_folder
    raise Exception("Could not get path to Pictures folder. Defaulting to ~/Pictures.")
Exception: Could not get path to Pictures folder. Defaulting to ~/Pictures.
ERROR: 2026-10-03 21:11:41,260: get_xdg_pictures_folder() 'Could not get path to Pictures folder. Defaulting to ~/Pictures.'
Traceback (most recent call last):
  File "/usr/lib/python3.14/site-packages/variety/Util.py", line 847, in get_xdg_pictures_folder
    raise Exception("Could not get path to Pictures folder. Defaulting to ~/Pictures.")
Exception: Could not get path to Pictures folder. Defaulting to ~/Pictures.
ERROR: 2026-10-03 21:11:41,264: get_xdg_pictures_folder() 'Could not get path to Pictures folder. Defaulting to ~/Pictures.'
Traceback (most recent call last):
  File "/usr/lib/python3.14/site-packages/variety/Util.py", line 847, in get_xdg_pictures_folder
    raise Exception("Could not get path to Pictures folder. Defaulting to ~/Pictures.")
Exception: Could not get path to Pictures folder. Defaulting to ~/Pictures.
INFO: 2026-10-03 21:11:41,267: set_visible() 'Showing status icon'
INFO: 2026-10-03 21:11:41,268: set_icon() 'Showing status icon image: /usr/lib/python3.14/site-packages/variety/data/media/variety-indicator-dark.png'
INFO: 2026-10-03 21:11:41,268: log_options() 'Loaded options:'
INFO: 2026-10-03 21:11:41,268: log_options() 'change_enabled = True'
INFO: 2026-10-03 21:11:41,268: log_options() 'change_interval = 300'
INFO: 2026-10-03 21:11:41,269: log_options() 'change_lock_screen = False'
INFO: 2026-10-03 21:11:41,269: log_options() 'change_on_start = True'
INFO: 2026-10-03 21:11:41,269: log_options() 'clipboard_enabled = False'
INFO: 2026-10-03 21:11:41,269: log_options() 'clipboard_hosts = ['wallhaven.cc', 'wallpapers.net', 'flickr.com', 'imgur.com', 'deviantart.com', 'interfacelift.com', 'vladstudio.com', 'imageshack.us', 'deviantart.net', 'imageshack.com']'
INFO: 2026-10-03 21:11:41,269: log_options() 'clipboard_use_whitelist = True'
INFO: 2026-10-03 21:11:41,269: log_options() 'clock_date_font = Serif 30'
INFO: 2026-10-03 21:11:41,269: log_options() 'clock_enabled = True'
INFO: 2026-10-03 21:11:41,269: log_options() 'clock_filter = -density 100 -font '%CLOCK_FONT_FILE' -pointsize %CLOCK_FONT_SIZE -gravity SouthEast -fill '#00000044' -annotate 0x0+[%HOFFSET+58]+[%VOFFSET+108] '%H:%M' -fill white -annotate 0x0+[%HOFFSET+60]+[%VOFFSET+110] '%H:%M' -font '%DATE_FONT_FILE' -pointsize %DATE_FONT_SIZE -fill '#00000044' -annotate 0x0+[%HOFFSET+58]+[%VOFFSET+58] '%A, %B %d' -fill white -annotate 0x0+[%HOFFSET+60]+[%VOFFSET+60] '%A, %B %d''
INFO: 2026-10-03 21:11:41,269: log_options() 'clock_font = Serif 70'
INFO: 2026-10-03 21:11:41,269: log_options() 'configfile = /home/lunatik/.config/variety/variety.conf'
INFO: 2026-10-03 21:11:41,270: log_options() 'copyto_enabled = False'
INFO: 2026-10-03 21:11:41,270: log_options() 'copyto_folder = Default'
INFO: 2026-10-03 21:11:41,270: log_options() 'desired_color = [160, 160, 160]'
INFO: 2026-10-03 21:11:41,270: log_options() 'desired_color_enabled = False'
INFO: 2026-10-03 21:11:41,270: log_options() 'download_folder = /home/lunatik/.config/variety/Downloaded'
INFO: 2026-10-03 21:11:41,270: log_options() 'download_preference_ratio = 0.9'
INFO: 2026-10-03 21:11:41,270: log_options() 'favorites_folder = /home/lunatik/.config/variety/Favorites'
INFO: 2026-10-03 21:11:41,270: log_options() 'favorites_operations = [['Downloaded', 'Copy'], ['Fetched', 'Move'], ['Others', 'Copy']]'
INFO: 2026-10-03 21:11:41,270: log_options() 'fetched_folder = /home/lunatik/.config/variety/Fetched'
INFO: 2026-10-03 21:11:41,270: log_options() 'filters = [[True, 'Keep original', ''], [False, 'Grayscale', '-type Grayscale'], [False, 'Heavy blur', '-scale 20% -blur 0x10 -resize 500%'], [False, 'Soft blur', '-scale 20% -blur 0x2 -resize 500%'], [False, 'Oil painting', '-paint 8'], [False, 'Pointilism', '-spread 10 -noise 3'], [False, 'Pixellate', '-scale 3% -scale 3333%']]'
INFO: 2026-10-03 21:11:41,271: log_options() 'get_wallpaper_script = /home/lunatik/.config/variety/scripts/get_wallpaper'
INFO: 2026-10-03 21:11:41,271: log_options() 'icon = Dark'
INFO: 2026-10-03 21:11:41,271: log_options() 'internet_enabled = False'
INFO: 2026-10-03 21:11:41,271: log_options() 'lightness_enabled = False'
INFO: 2026-10-03 21:11:41,271: log_options() 'lightness_mode = 0'
INFO: 2026-10-03 21:11:41,271: log_options() 'min_rating = 4'
INFO: 2026-10-03 21:11:41,271: log_options() 'min_rating_enabled = False'
INFO: 2026-10-03 21:11:41,271: log_options() 'min_size = 80'
INFO: 2026-10-03 21:11:41,271: log_options() 'min_size_enabled = False'
INFO: 2026-10-03 21:11:41,271: log_options() 'name_regex = .*'
INFO: 2026-10-03 21:11:41,271: log_options() 'name_regex_enabled = False'
INFO: 2026-10-03 21:11:41,272: log_options() 'quota_enabled = True'
INFO: 2026-10-03 21:11:41,272: log_options() 'quota_size = 1000'
INFO: 2026-10-03 21:11:41,272: log_options() 'quotes_authors = '
INFO: 2026-10-03 21:11:41,272: log_options() 'quotes_bg_color = [80, 80, 80]'
INFO: 2026-10-03 21:11:41,272: log_options() 'quotes_bg_opacity = 55'
INFO: 2026-10-03 21:11:41,272: log_options() 'quotes_change_enabled = False'
INFO: 2026-10-03 21:11:41,272: log_options() 'quotes_change_interval = 10'
INFO: 2026-10-03 21:11:41,272: log_options() 'quotes_disabled_sources = ['Urban Dictionary']'
INFO: 2026-10-03 21:11:41,272: log_options() 'quotes_enabled = False'
INFO: 2026-10-03 21:11:41,272: log_options() 'quotes_favorites_file = /home/lunatik/.config/variety/favorite_quotes.txt'
INFO: 2026-10-03 21:11:41,272: log_options() 'quotes_font = Serif 30'
INFO: 2026-10-03 21:11:41,273: log_options() 'quotes_hpos = 100'
INFO: 2026-10-03 21:11:41,273: log_options() 'quotes_max_length = 250'
INFO: 2026-10-03 21:11:41,273: log_options() 'quotes_tags = '
INFO: 2026-10-03 21:11:41,273: log_options() 'quotes_text_color = [237, 51, 59]'
INFO: 2026-10-03 21:11:41,273: log_options() 'quotes_text_shadow = False'
INFO: 2026-10-03 21:11:41,273: log_options() 'quotes_vpos = 40'
INFO: 2026-10-03 21:11:41,273: log_options() 'quotes_width = 70'
INFO: 2026-10-03 21:11:41,273: log_options() 'safe_mode = False'
INFO: 2026-10-03 21:11:41,273: log_options() 'set_lock_screen_script = /home/lunatik/.config/variety/scripts/set_lock_screen'
INFO: 2026-10-03 21:11:41,273: log_options() 'set_wallpaper_script = /home/lunatik/.config/variety/scripts/set_wallpaper'
INFO: 2026-10-03 21:11:41,273: log_options() 'slideshow_custom_enabled = False'
INFO: 2026-10-03 21:11:41,274: log_options() 'slideshow_custom_folder = /home/lunatik/Pictures'
INFO: 2026-10-03 21:11:41,274: log_options() 'slideshow_downloads_enabled = False'
INFO: 2026-10-03 21:11:41,274: log_options() 'slideshow_fade = 0.4'
INFO: 2026-10-03 21:11:41,274: log_options() 'slideshow_favorites_enabled = True'
INFO: 2026-10-03 21:11:41,274: log_options() 'slideshow_mode = Fullscreen'
INFO: 2026-10-03 21:11:41,274: log_options() 'slideshow_monitor = All'
INFO: 2026-10-03 21:11:41,274: log_options() 'slideshow_pan = 0.05'
INFO: 2026-10-03 21:11:41,274: log_options() 'slideshow_seconds = 6.0'
INFO: 2026-10-03 21:11:41,275: log_options() 'slideshow_sort_order = Random'
INFO: 2026-10-03 21:11:41,275: log_options() 'slideshow_sources_enabled = True'
INFO: 2026-10-03 21:11:41,275: log_options() 'slideshow_zoom = 0.2'
INFO: 2026-10-03 21:11:41,275: log_options() 'smart_enabled = False'
INFO: 2026-10-03 21:11:41,275: log_options() 'smart_notice_shown = False'
INFO: 2026-10-03 21:11:41,275: log_options() 'smart_register_shown = False'
INFO: 2026-10-03 21:11:41,275: log_options() 'sources = [[False, 'favorites', 'The Favorites folder'], [False, 'fetched', 'The Fetched folder'], [False, 'apod', "NASA's Astronomy Picture of the Day"], [False, 'bing', 'Bing Photo of the Day'], [False, 'earthview', 'Google Earth View Wallpapers'], [False, 'unsplash', 'High-resolution photos from Unsplash.com'], [True, 'folder', '/home/lunatik/dwm-Gruvbox/wallpapers'], [False, 'flickr', 'user:www.flickr.com/photos/peter-levi/;user_id:93647178@N00;']]'
INFO: 2026-10-03 21:11:41,276: log_options() 'stats_enabled = True'
INFO: 2026-10-03 21:11:41,276: log_options() 'stats_notice_shown = False'
INFO: 2026-10-03 21:11:41,276: log_options() 'sync_enabled = True'
INFO: 2026-10-03 21:11:41,276: log_options() 'use_landscape_enabled = True'
INFO: 2026-10-03 21:11:41,276: log_options() 'wallhaven_api_key = '
INFO: 2026-10-03 21:11:41,276: log_options() 'wallpaper_auto_rotate = False'
INFO: 2026-10-03 21:11:41,276: log_options() 'wallpaper_display_mode = smart'
INFO: 2026-10-03 21:11:41,276: reload_config() 'No need to clear prepared queue'
INFO: 2026-10-03 21:11:41,276: update_indicator() 'Setting file info to: /home/lunatik/dwm-Gruvbox/wallpapers/Minimal/atoms.png'
INFO: 2026-10-03 21:11:41,278: prepare_thread() 'Prepared buffer contains 14 images'
INFO: 2026-10-03 21:11:41,378: do_set_wp() 'Calling do_set_wp with /home/lunatik/dwm-Gruvbox/wallpapers/Minimal/atoms.png, time: 1791051101.378454'
INFO: 2026-10-03 21:11:41,435: compute_trimmed_offsets() 'Trimmed offsets debug info: w:1920, h:1080, ratio:1.777778, iw:1920, ih:1080, scw:1920, sch:1080, ho:0, vo:0'
INFO: 2026-10-03 21:11:41,436: build_imagemagick_clock_cmd() 'Applying clock filter: -density 100 -font '/usr/share/fonts/gnu-free/FreeSerif.otf' -pointsize 70 -gravity SouthEast -fill '#00000044' -annotate 0x0+58+108 '21:11' -fill white -annotate 0x0+60+110 '21:11' -font '/usr/share/fonts/gnu-free/FreeSerif.otf' -pointsize 30 -fill '#00000044' -annotate 0x0+58+58 'Saturday, October 03' -fill white -annotate 0x0+60+60 'Saturday, October 03''
INFO: 2026-10-03 21:11:41,436: build_imagemagick_clock_cmd() 'ImageMagick clock args: ['/usr/bin/magick', '/home/lunatik/dwm-Gruvbox/wallpapers/Minimal/atoms.png', '-scale', '1920x1080^', '-density', '100', '-font', '/usr/share/fonts/gnu-free/FreeSerif.otf', '-pointsize', '70', '-gravity', 'SouthEast', '-fill', '#00000044', '-annotate', '0x0+58+108', '21:11', '-fill', 'white', '-annotate', '0x0+60+110', '21:11', '-font', '/usr/share/fonts/gnu-free/FreeSerif.otf', '-pointsize', '30', '-fill', '#00000044', '-annotate', '0x0+58+58', 'Saturday, October 03', '-fill', 'white', '-annotate', '0x0+60+60', 'Saturday, October 03', '/home/lunatik/.config/variety/wallpaper/wallpaper-clock-3b1d0afa7d49f6b25dba2bc909b8036d.jpg']'
INFO: 2026-10-03 21:11:41,646: update_indicator() 'Setting file info to: /home/lunatik/dwm-Gruvbox/wallpapers/Minimal/atoms.png'
INFO: 2026-10-03 21:11:43,279: trigger_download() 'Triggering download thread to check if download needed and possible'
INFO: 2026-10-03 21:11:43,662: apply() 'Applying preferences'
ERROR: 2026-10-03 21:11:43,663: get_xdg_pictures_folder() 'Could not get path to Pictures folder. Defaulting to ~/Pictures.'
Traceback (most recent call last):
  File "/usr/lib/python3.14/site-packages/variety/Util.py", line 847, in get_xdg_pictures_folder
    raise Exception("Could not get path to Pictures folder. Defaulting to ~/Pictures.")
Exception: Could not get path to Pictures folder. Defaulting to ~/Pictures.
ERROR: 2026-10-03 21:11:43,666: get_xdg_pictures_folder() 'Could not get path to Pictures folder. Defaulting to ~/Pictures.'
Traceback (most recent call last):
  File "/usr/lib/python3.14/site-packages/variety/Util.py", line 847, in get_xdg_pictures_folder
    raise Exception("Could not get path to Pictures folder. Defaulting to ~/Pictures.")
Exception: Could not get path to Pictures folder. Defaulting to ~/Pictures.
ERROR: 2026-10-03 21:11:43,667: get_xdg_pictures_folder() 'Could not get path to Pictures folder. Defaulting to ~/Pictures.'
Traceback (most recent call last):
  File "/usr/lib/python3.14/site-packages/variety/Util.py", line 847, in get_xdg_pictures_folder
    raise Exception("Could not get path to Pictures folder. Defaulting to ~/Pictures.")
Exception: Could not get path to Pictures folder. Defaulting to ~/Pictures.
ERROR: 2026-10-03 21:11:43,671: get_xdg_pictures_folder() 'Could not get path to Pictures folder. Defaulting to ~/Pictures.'
Traceback (most recent call last):
  File "/usr/lib/python3.14/site-packages/variety/Util.py", line 847, in get_xdg_pictures_folder
    raise Exception("Could not get path to Pictures folder. Defaulting to ~/Pictures.")
Exception: Could not get path to Pictures folder. Defaulting to ~/Pictures.
ERROR: 2026-10-03 21:11:43,674: get_xdg_pictures_folder() 'Could not get path to Pictures folder. Defaulting to ~/Pictures.'
Traceback (most recent call last):
  File "/usr/lib/python3.14/site-packages/variety/Util.py", line 847, in get_xdg_pictures_folder
    raise Exception("Could not get path to Pictures folder. Defaulting to ~/Pictures.")
Exception: Could not get path to Pictures folder. Defaulting to ~/Pictures.
INFO: 2026-10-03 21:11:43,675: log_options() 'Loaded options:'
INFO: 2026-10-03 21:11:43,675: log_options() 'change_enabled = True'
INFO: 2026-10-03 21:11:43,675: log_options() 'change_interval = 300'
INFO: 2026-10-03 21:11:43,675: log_options() 'change_lock_screen = False'
INFO: 2026-10-03 21:11:43,675: log_options() 'change_on_start = True'
INFO: 2026-10-03 21:11:43,675: log_options() 'clipboard_enabled = False'
INFO: 2026-10-03 21:11:43,675: log_options() 'clipboard_hosts = ['wallhaven.cc', 'wallpapers.net', 'flickr.com', 'imgur.com', 'deviantart.com', 'interfacelift.com', 'vladstudio.com', 'imageshack.us', 'deviantart.net', 'imageshack.com']'
INFO: 2026-10-03 21:11:43,675: log_options() 'clipboard_use_whitelist = True'
INFO: 2026-10-03 21:11:43,676: log_options() 'clock_date_font = Serif 30'
INFO: 2026-10-03 21:11:43,676: log_options() 'clock_enabled = True'
INFO: 2026-10-03 21:11:43,676: log_options() 'clock_filter = -density 100 -font '%CLOCK_FONT_FILE' -pointsize %CLOCK_FONT_SIZE -gravity SouthEast -fill '#00000044' -annotate 0x0+[%HOFFSET+58]+[%VOFFSET+108] '%H:%M' -fill white -annotate 0x0+[%HOFFSET+60]+[%VOFFSET+110] '%H:%M' -font '%DATE_FONT_FILE' -pointsize %DATE_FONT_SIZE -fill '#00000044' -annotate 0x0+[%HOFFSET+58]+[%VOFFSET+58] '%A, %B %d' -fill white -annotate 0x0+[%HOFFSET+60]+[%VOFFSET+60] '%A, %B %d''
INFO: 2026-10-03 21:11:43,676: log_options() 'clock_font = Serif 70'
INFO: 2026-10-03 21:11:43,676: log_options() 'configfile = /home/lunatik/.config/variety/variety.conf'
INFO: 2026-10-03 21:11:43,676: log_options() 'copyto_enabled = False'
INFO: 2026-10-03 21:11:43,676: log_options() 'copyto_folder = Default'
INFO: 2026-10-03 21:11:43,676: log_options() 'desired_color = [160, 160, 160]'
INFO: 2026-10-03 21:11:43,676: log_options() 'desired_color_enabled = False'
INFO: 2026-10-03 21:11:43,676: log_options() 'download_folder = /home/lunatik/.config/variety/Downloaded'
INFO: 2026-10-03 21:11:43,676: log_options() 'download_preference_ratio = 0.9'
INFO: 2026-10-03 21:11:43,676: log_options() 'favorites_folder = /home/lunatik/.config/variety/Favorites'
INFO: 2026-10-03 21:11:43,676: log_options() 'favorites_operations = [['Downloaded', 'Copy'], ['Fetched', 'Move'], ['Others', 'Copy']]'
INFO: 2026-10-03 21:11:43,676: log_options() 'fetched_folder = /home/lunatik/.config/variety/Fetched'
INFO: 2026-10-03 21:11:43,676: log_options() 'filters = [[True, 'Keep original', ''], [False, 'Grayscale', '-type Grayscale'], [False, 'Heavy blur', '-scale 20% -blur 0x10 -resize 500%'], [False, 'Soft blur', '-scale 20% -blur 0x2 -resize 500%'], [False, 'Oil painting', '-paint 8'], [False, 'Pointilism', '-spread 10 -noise 3'], [False, 'Pixellate', '-scale 3% -scale 3333%']]'
INFO: 2026-10-03 21:11:43,676: log_options() 'get_wallpaper_script = /home/lunatik/.config/variety/scripts/get_wallpaper'
INFO: 2026-10-03 21:11:43,677: log_options() 'icon = Dark'
INFO: 2026-10-03 21:11:43,677: log_options() 'internet_enabled = False'
INFO: 2026-10-03 21:11:43,677: log_options() 'lightness_enabled = False'
INFO: 2026-10-03 21:11:43,677: log_options() 'lightness_mode = 0'
INFO: 2026-10-03 21:11:43,677: log_options() 'min_rating = 4'
INFO: 2026-10-03 21:11:43,677: log_options() 'min_rating_enabled = False'
INFO: 2026-10-03 21:11:43,677: log_options() 'min_size = 80'
INFO: 2026-10-03 21:11:43,677: log_options() 'min_size_enabled = False'
INFO: 2026-10-03 21:11:43,676: set_visible() 'Showing status icon'
INFO: 2026-10-03 21:11:43,677: log_options() 'name_regex = .*'
INFO: 2026-10-03 21:11:43,677: log_options() 'name_regex_enabled = False'
INFO: 2026-10-03 21:11:43,677: log_options() 'quota_enabled = True'
INFO: 2026-10-03 21:11:43,677: log_options() 'quota_size = 1000'
INFO: 2026-10-03 21:11:43,677: log_options() 'quotes_authors = '
INFO: 2026-10-03 21:11:43,677: log_options() 'quotes_bg_color = [80, 80, 80]'
INFO: 2026-10-03 21:11:43,677: log_options() 'quotes_bg_opacity = 55'
INFO: 2026-10-03 21:11:43,678: log_options() 'quotes_change_enabled = False'
INFO: 2026-10-03 21:11:43,678: log_options() 'quotes_change_interval = 10'
INFO: 2026-10-03 21:11:43,678: log_options() 'quotes_disabled_sources = ['Urban Dictionary']'
INFO: 2026-10-03 21:11:43,678: log_options() 'quotes_enabled = False'
INFO: 2026-10-03 21:11:43,678: log_options() 'quotes_favorites_file = /home/lunatik/.config/variety/favorite_quotes.txt'
INFO: 2026-10-03 21:11:43,678: log_options() 'quotes_font = Serif 30'
INFO: 2026-10-03 21:11:43,678: log_options() 'quotes_hpos = 100'
INFO: 2026-10-03 21:11:43,678: log_options() 'quotes_max_length = 250'
INFO: 2026-10-03 21:11:43,678: log_options() 'quotes_tags = '
INFO: 2026-10-03 21:11:43,678: log_options() 'quotes_text_color = [237, 51, 59]'
INFO: 2026-10-03 21:11:43,678: log_options() 'quotes_text_shadow = False'
INFO: 2026-10-03 21:11:43,678: log_options() 'quotes_vpos = 40'
INFO: 2026-10-03 21:11:43,679: log_options() 'quotes_width = 70'
INFO: 2026-10-03 21:11:43,679: log_options() 'safe_mode = False'
INFO: 2026-10-03 21:11:43,679: log_options() 'set_lock_screen_script = /home/lunatik/.config/variety/scripts/set_lock_screen'
INFO: 2026-10-03 21:11:43,679: log_options() 'set_wallpaper_script = /home/lunatik/.config/variety/scripts/set_wallpaper'
INFO: 2026-10-03 21:11:43,679: log_options() 'slideshow_custom_enabled = False'
INFO: 2026-10-03 21:11:43,679: log_options() 'slideshow_custom_folder = /home/lunatik/Pictures'
INFO: 2026-10-03 21:11:43,679: log_options() 'slideshow_downloads_enabled = False'
INFO: 2026-10-03 21:11:43,679: log_options() 'slideshow_fade = 0.4'
INFO: 2026-10-03 21:11:43,679: log_options() 'slideshow_favorites_enabled = True'
INFO: 2026-10-03 21:11:43,679: log_options() 'slideshow_mode = Fullscreen'
INFO: 2026-10-03 21:11:43,679: log_options() 'slideshow_monitor = All'
INFO: 2026-10-03 21:11:43,679: log_options() 'slideshow_pan = 0.05'
INFO: 2026-10-03 21:11:43,679: log_options() 'slideshow_seconds = 6.0'
INFO: 2026-10-03 21:11:43,679: log_options() 'slideshow_sort_order = Random'
INFO: 2026-10-03 21:11:43,679: log_options() 'slideshow_sources_enabled = True'
INFO: 2026-10-03 21:11:43,679: log_options() 'slideshow_zoom = 0.2'
INFO: 2026-10-03 21:11:43,679: log_options() 'smart_enabled = False'
INFO: 2026-10-03 21:11:43,679: log_options() 'smart_notice_shown = False'
INFO: 2026-10-03 21:11:43,679: log_options() 'smart_register_shown = False'
INFO: 2026-10-03 21:11:43,679: log_options() 'sources = [[False, 'favorites', 'The Favorites folder'], [False, 'fetched', 'The Fetched folder'], [False, 'apod', "NASA's Astronomy Picture of the Day"], [False, 'bing', 'Bing Photo of the Day'], [False, 'earthview', 'Google Earth View Wallpapers'], [False, 'unsplash', 'High-resolution photos from Unsplash.com'], [True, 'folder', '/home/lunatik/dwm-Gruvbox/wallpapers'], [False, 'flickr', 'user:www.flickr.com/photos/peter-levi/;user_id:93647178@N00;']]'
INFO: 2026-10-03 21:11:43,680: log_options() 'stats_enabled = True'
INFO: 2026-10-03 21:11:43,680: log_options() 'stats_notice_shown = False'
INFO: 2026-10-03 21:11:43,680: log_options() 'sync_enabled = True'
INFO: 2026-10-03 21:11:43,680: log_options() 'use_landscape_enabled = True'
INFO: 2026-10-03 21:11:43,680: log_options() 'wallhaven_api_key = '
INFO: 2026-10-03 21:11:43,680: log_options() 'wallpaper_auto_rotate = False'
INFO: 2026-10-03 21:11:43,680: log_options() 'wallpaper_display_mode = zoom'
INFO: 2026-10-03 21:11:43,680: reload_config() 'No need to clear prepared queue'
INFO: 2026-10-03 21:11:43,678: set_icon() 'Showing status icon image: /usr/lib/python3.14/site-packages/variety/data/media/variety-indicator-dark.png'
INFO: 2026-10-03 21:11:43,680: update_indicator() 'Setting file info to: /home/lunatik/dwm-Gruvbox/wallpapers/Minimal/atoms.png'
INFO: 2026-10-03 21:11:43,681: prepare_thread() 'Prepared buffer contains 14 images'
INFO: 2026-10-03 21:11:43,782: do_set_wp() 'Calling do_set_wp with /home/lunatik/dwm-Gruvbox/wallpapers/Minimal/atoms.png, time: 1791051103.7826598'
INFO: 2026-10-03 21:11:43,784: apply_display_mode() 'ImageMagick display mode cmd: ['/usr/bin/magick', '/home/lunatik/dwm-Gruvbox/wallpapers/Minimal/atoms.png', '-scale', '1920x1080^', '/home/lunatik/.config/variety/wallpaper/wallpaper-zoomed-296675554ed6ce4058e21a3bd4074732.jpg']'
INFO: 2026-10-03 21:11:43,999: compute_trimmed_offsets() 'Trimmed offsets debug info: w:1920, h:1080, ratio:1.777778, iw:1920, ih:1080, scw:1920, sch:1080, ho:0, vo:0'
INFO: 2026-10-03 21:11:43,999: build_imagemagick_clock_cmd() 'Applying clock filter: -density 100 -font '/usr/share/fonts/gnu-free/FreeSerif.otf' -pointsize 70 -gravity SouthEast -fill '#00000044' -annotate 0x0+58+108 '21:11' -fill white -annotate 0x0+60+110 '21:11' -font '/usr/share/fonts/gnu-free/FreeSerif.otf' -pointsize 30 -fill '#00000044' -annotate 0x0+58+58 'Saturday, October 03' -fill white -annotate 0x0+60+60 'Saturday, October 03''
INFO: 2026-10-03 21:11:44,000: build_imagemagick_clock_cmd() 'ImageMagick clock args: ['/usr/bin/magick', '/home/lunatik/.config/variety/wallpaper/wallpaper-zoomed-296675554ed6ce4058e21a3bd4074732.jpg', '-scale', '1920x1080^', '-density', '100', '-font', '/usr/share/fonts/gnu-free/FreeSerif.otf', '-pointsize', '70', '-gravity', 'SouthEast', '-fill', '#00000044', '-annotate', '0x0+58+108', '21:11', '-fill', 'white', '-annotate', '0x0+60+110', '21:11', '-font', '/usr/share/fonts/gnu-free/FreeSerif.otf', '-pointsize', '30', '-fill', '#00000044', '-annotate', '0x0+58+58', 'Saturday, October 03', '-fill', 'white', '-annotate', '0x0+60+60', 'Saturday, October 03', '/home/lunatik/.config/variety/wallpaper/wallpaper-clock-e479662ef4322d3966ca2b5ecb49d027.jpg']'
INFO: 2026-10-03 21:11:44,172: update_indicator() 'Setting file info to: /home/lunatik/dwm-Gruvbox/wallpapers/Minimal/atoms.png'
INFO: 2026-10-03 21:11:45,683: trigger_download() 'Triggering download thread to check if download needed and possible'
INFO: 2026-10-03 21:11:47,883: process_command() 'Received command: ['--selector']'
INFO: 2026-10-03 21:11:47,889: update_indicator() 'Setting file info to: /home/lunatik/dwm-Gruvbox/wallpapers/Minimal/atoms.png'
INFO: 2026-10-03 21:11:53,527: set_wallpaper() 'Calling set_wallpaper with /home/lunatik/dwm-Gruvbox/wallpapers/Minimal/gruv-abstract-maze.png'
INFO: 2026-10-03 21:11:53,528: do_set_wp() 'Calling do_set_wp with /home/lunatik/dwm-Gruvbox/wallpapers/Minimal/gruv-abstract-maze.png, time: 1791051113.5279794'
INFO: 2026-10-03 21:11:53,533: apply_display_mode() 'ImageMagick display mode cmd: ['/usr/bin/magick', '/home/lunatik/dwm-Gruvbox/wallpapers/Minimal/gruv-abstract-maze.png', '-scale', '1920x1080^', '/home/lunatik/.config/variety/wallpaper/wallpaper-zoomed-9c4755675b90c77fab183c474c025649.jpg']'
INFO: 2026-10-03 21:11:55,604: compute_trimmed_offsets() 'Trimmed offsets debug info: w:1920, h:1080, ratio:1.777778, iw:1920, ih:1080, scw:1920, sch:1080, ho:0, vo:0'
INFO: 2026-10-03 21:11:55,604: build_imagemagick_clock_cmd() 'Applying clock filter: -density 100 -font '/usr/share/fonts/gnu-free/FreeSerif.otf' -pointsize 70 -gravity SouthEast -fill '#00000044' -annotate 0x0+58+108 '21:11' -fill white -annotate 0x0+60+110 '21:11' -font '/usr/share/fonts/gnu-free/FreeSerif.otf' -pointsize 30 -fill '#00000044' -annotate 0x0+58+58 'Saturday, October 03' -fill white -annotate 0x0+60+60 'Saturday, October 03''
INFO: 2026-10-03 21:11:55,604: build_imagemagick_clock_cmd() 'ImageMagick clock args: ['/usr/bin/magick', '/home/lunatik/.config/variety/wallpaper/wallpaper-zoomed-9c4755675b90c77fab183c474c025649.jpg', '-scale', '1920x1080^', '-density', '100', '-font', '/usr/share/fonts/gnu-free/FreeSerif.otf', '-pointsize', '70', '-gravity', 'SouthEast', '-fill', '#00000044', '-annotate', '0x0+58+108', '21:11', '-fill', 'white', '-annotate', '0x0+60+110', '21:11', '-font', '/usr/share/fonts/gnu-free/FreeSerif.otf', '-pointsize', '30', '-fill', '#00000044', '-annotate', '0x0+58+58', 'Saturday, October 03', '-fill', 'white', '-annotate', '0x0+60+60', 'Saturday, October 03', '/home/lunatik/.config/variety/wallpaper/wallpaper-clock-cc919d40518d768bbdd1dc7e7d34e03b.jpg']'
INFO: 2026-10-03 21:11:55,804: update_indicator() 'Setting file info to: /home/lunatik/dwm-Gruvbox/wallpapers/Minimal/gruv-abstract-maze.png'
INFO: 2026-10-03 21:11:58,838: set_wallpaper() 'Calling set_wallpaper with /home/lunatik/dwm-Gruvbox/wallpapers/Nature/forest-2.jpg'
INFO: 2026-10-03 21:11:58,839: do_set_wp() 'Calling do_set_wp with /home/lunatik/dwm-Gruvbox/wallpapers/Nature/forest-2.jpg, time: 1791051118.839767'
INFO: 2026-10-03 21:11:58,844: apply_display_mode() 'ImageMagick display mode cmd: ['/usr/bin/magick', '/home/lunatik/dwm-Gruvbox/wallpapers/Nature/forest-2.jpg', '-scale', '1920x1080^', '/home/lunatik/.config/variety/wallpaper/wallpaper-zoomed-edc7238e6e85069ef19ef1dea89e6527.jpg']'
INFO: 2026-10-03 21:11:59,380: compute_trimmed_offsets() 'Trimmed offsets debug info: w:1920, h:1080, ratio:1.777778, iw:1920, ih:1080, scw:1920, sch:1080, ho:0, vo:0'
INFO: 2026-10-03 21:11:59,380: build_imagemagick_clock_cmd() 'Applying clock filter: -density 100 -font '/usr/share/fonts/gnu-free/FreeSerif.otf' -pointsize 70 -gravity SouthEast -fill '#00000044' -annotate 0x0+58+108 '21:11' -fill white -annotate 0x0+60+110 '21:11' -font '/usr/share/fonts/gnu-free/FreeSerif.otf' -pointsize 30 -fill '#00000044' -annotate 0x0+58+58 'Saturday, October 03' -fill white -annotate 0x0+60+60 'Saturday, October 03''
INFO: 2026-10-03 21:11:59,381: build_imagemagick_clock_cmd() 'ImageMagick clock args: ['/usr/bin/magick', '/home/lunatik/.config/variety/wallpaper/wallpaper-zoomed-edc7238e6e85069ef19ef1dea89e6527.jpg', '-scale', '1920x1080^', '-density', '100', '-font', '/usr/share/fonts/gnu-free/FreeSerif.otf', '-pointsize', '70', '-gravity', 'SouthEast', '-fill', '#00000044', '-annotate', '0x0+58+108', '21:11', '-fill', 'white', '-annotate', '0x0+60+110', '21:11', '-font', '/usr/share/fonts/gnu-free/FreeSerif.otf', '-pointsize', '30', '-fill', '#00000044', '-annotate', '0x0+58+58', 'Saturday, October 03', '-fill', 'white', '-annotate', '0x0+60+60', 'Saturday, October 03', '/home/lunatik/.config/variety/wallpaper/wallpaper-clock-a9d3a335157fcd5f4e3e80d26d26fe7d.jpg']'
INFO: 2026-10-03 21:11:59,579: update_indicator() 'Setting file info to: /home/lunatik/dwm-Gruvbox/wallpapers/Nature/forest-2.jpg'
INFO: 2026-10-03 21:12:00,243: apply() 'Applying preferences'
ERROR: 2026-10-03 21:12:00,243: get_xdg_pictures_folder() 'Could not get path to Pictures folder. Defaulting to ~/Pictures.'
Traceback (most recent call last):
  File "/usr/lib/python3.14/site-packages/variety/Util.py", line 847, in get_xdg_pictures_folder
    raise Exception("Could not get path to Pictures folder. Defaulting to ~/Pictures.")
Exception: Could not get path to Pictures folder. Defaulting to ~/Pictures.
ERROR: 2026-10-03 21:12:00,250: get_xdg_pictures_folder() 'Could not get path to Pictures folder. Defaulting to ~/Pictures.'
Traceback (most recent call last):
  File "/usr/lib/python3.14/site-packages/variety/Util.py", line 847, in get_xdg_pictures_folder
    raise Exception("Could not get path to Pictures folder. Defaulting to ~/Pictures.")
Exception: Could not get path to Pictures folder. Defaulting to ~/Pictures.
ERROR: 2026-10-03 21:12:00,253: get_xdg_pictures_folder() 'Could not get path to Pictures folder. Defaulting to ~/Pictures.'
Traceback (most recent call last):
  File "/usr/lib/python3.14/site-packages/variety/Util.py", line 847, in get_xdg_pictures_folder
    raise Exception("Could not get path to Pictures folder. Defaulting to ~/Pictures.")
Exception: Could not get path to Pictures folder. Defaulting to ~/Pictures.
ERROR: 2026-10-03 21:12:00,259: get_xdg_pictures_folder() 'Could not get path to Pictures folder. Defaulting to ~/Pictures.'
Traceback (most recent call last):
  File "/usr/lib/python3.14/site-packages/variety/Util.py", line 847, in get_xdg_pictures_folder
    raise Exception("Could not get path to Pictures folder. Defaulting to ~/Pictures.")
Exception: Could not get path to Pictures folder. Defaulting to ~/Pictures.
ERROR: 2026-10-03 21:12:00,261: get_xdg_pictures_folder() 'Could not get path to Pictures folder. Defaulting to ~/Pictures.'
Traceback (most recent call last):
  File "/usr/lib/python3.14/site-packages/variety/Util.py", line 847, in get_xdg_pictures_folder
    raise Exception("Could not get path to Pictures folder. Defaulting to ~/Pictures.")
Exception: Could not get path to Pictures folder. Defaulting to ~/Pictures.
INFO: 2026-10-03 21:12:00,262: set_visible() 'Showing status icon'
INFO: 2026-10-03 21:12:00,263: log_options() 'Loaded options:'
INFO: 2026-10-03 21:12:00,263: log_options() 'change_enabled = True'
INFO: 2026-10-03 21:12:00,263: log_options() 'change_interval = 300'
INFO: 2026-10-03 21:12:00,263: log_options() 'change_lock_screen = False'
INFO: 2026-10-03 21:12:00,263: log_options() 'change_on_start = True'
INFO: 2026-10-03 21:12:00,263: log_options() 'clipboard_enabled = False'
INFO: 2026-10-03 21:12:00,263: log_options() 'clipboard_hosts = ['wallhaven.cc', 'wallpapers.net', 'flickr.com', 'imgur.com', 'deviantart.com', 'interfacelift.com', 'vladstudio.com', 'imageshack.us', 'deviantart.net', 'imageshack.com']'
INFO: 2026-10-03 21:12:00,263: log_options() 'clipboard_use_whitelist = True'
INFO: 2026-10-03 21:12:00,263: log_options() 'clock_date_font = Serif 30'
INFO: 2026-10-03 21:12:00,263: log_options() 'clock_enabled = True'
INFO: 2026-10-03 21:12:00,263: log_options() 'clock_filter = -density 100 -font '%CLOCK_FONT_FILE' -pointsize %CLOCK_FONT_SIZE -gravity SouthEast -fill '#00000044' -annotate 0x0+[%HOFFSET+58]+[%VOFFSET+108] '%H:%M' -fill white -annotate 0x0+[%HOFFSET+60]+[%VOFFSET+110] '%H:%M' -font '%DATE_FONT_FILE' -pointsize %DATE_FONT_SIZE -fill '#00000044' -annotate 0x0+[%HOFFSET+58]+[%VOFFSET+58] '%A, %B %d' -fill white -annotate 0x0+[%HOFFSET+60]+[%VOFFSET+60] '%A, %B %d''
INFO: 2026-10-03 21:12:00,264: log_options() 'clock_font = Serif 70'
INFO: 2026-10-03 21:12:00,264: log_options() 'configfile = /home/lunatik/.config/variety/variety.conf'
INFO: 2026-10-03 21:12:00,264: log_options() 'copyto_enabled = False'
INFO: 2026-10-03 21:12:00,264: log_options() 'copyto_folder = Default'
INFO: 2026-10-03 21:12:00,264: log_options() 'desired_color = [160, 160, 160]'
INFO: 2026-10-03 21:12:00,264: log_options() 'desired_color_enabled = False'
INFO: 2026-10-03 21:12:00,264: log_options() 'download_folder = /home/lunatik/.config/variety/Downloaded'
INFO: 2026-10-03 21:12:00,264: log_options() 'download_preference_ratio = 0.9'
INFO: 2026-10-03 21:12:00,264: log_options() 'favorites_folder = /home/lunatik/.config/variety/Favorites'
INFO: 2026-10-03 21:12:00,264: log_options() 'favorites_operations = [['Downloaded', 'Copy'], ['Fetched', 'Move'], ['Others', 'Copy']]'
INFO: 2026-10-03 21:12:00,264: log_options() 'fetched_folder = /home/lunatik/.config/variety/Fetched'
INFO: 2026-10-03 21:12:00,264: log_options() 'filters = [[True, 'Keep original', ''], [False, 'Grayscale', '-type Grayscale'], [False, 'Heavy blur', '-scale 20% -blur 0x10 -resize 500%'], [False, 'Soft blur', '-scale 20% -blur 0x2 -resize 500%'], [False, 'Oil painting', '-paint 8'], [False, 'Pointilism', '-spread 10 -noise 3'], [False, 'Pixellate', '-scale 3% -scale 3333%']]'
INFO: 2026-10-03 21:12:00,265: log_options() 'get_wallpaper_script = /home/lunatik/.config/variety/scripts/get_wallpaper'
INFO: 2026-10-03 21:12:00,265: log_options() 'icon = Dark'
INFO: 2026-10-03 21:12:00,265: log_options() 'internet_enabled = False'
INFO: 2026-10-03 21:12:00,265: log_options() 'lightness_enabled = False'
INFO: 2026-10-03 21:12:00,265: log_options() 'lightness_mode = 0'
INFO: 2026-10-03 21:12:00,265: log_options() 'min_rating = 4'
INFO: 2026-10-03 21:12:00,265: log_options() 'min_rating_enabled = False'
INFO: 2026-10-03 21:12:00,265: log_options() 'min_size = 80'
INFO: 2026-10-03 21:12:00,265: log_options() 'min_size_enabled = False'
INFO: 2026-10-03 21:12:00,265: log_options() 'name_regex = .*'
INFO: 2026-10-03 21:12:00,265: log_options() 'name_regex_enabled = False'
INFO: 2026-10-03 21:12:00,265: log_options() 'quota_enabled = True'
INFO: 2026-10-03 21:12:00,265: log_options() 'quota_size = 1000'
INFO: 2026-10-03 21:12:00,265: log_options() 'quotes_authors = '
INFO: 2026-10-03 21:12:00,265: log_options() 'quotes_bg_color = [80, 80, 80]'
INFO: 2026-10-03 21:12:00,265: log_options() 'quotes_bg_opacity = 55'
INFO: 2026-10-03 21:12:00,265: log_options() 'quotes_change_enabled = False'
INFO: 2026-10-03 21:12:00,266: log_options() 'quotes_change_interval = 10'
INFO: 2026-10-03 21:12:00,266: log_options() 'quotes_disabled_sources = ['Urban Dictionary']'
INFO: 2026-10-03 21:12:00,266: log_options() 'quotes_enabled = False'
INFO: 2026-10-03 21:12:00,266: log_options() 'quotes_favorites_file = /home/lunatik/.config/variety/favorite_quotes.txt'
INFO: 2026-10-03 21:12:00,266: log_options() 'quotes_font = Serif 30'
INFO: 2026-10-03 21:12:00,266: log_options() 'quotes_hpos = 100'
INFO: 2026-10-03 21:12:00,266: log_options() 'quotes_max_length = 250'
INFO: 2026-10-03 21:12:00,266: log_options() 'quotes_tags = '
INFO: 2026-10-03 21:12:00,266: log_options() 'quotes_text_color = [237, 51, 59]'
INFO: 2026-10-03 21:12:00,266: log_options() 'quotes_text_shadow = False'
INFO: 2026-10-03 21:12:00,266: log_options() 'quotes_vpos = 40'
INFO: 2026-10-03 21:12:00,266: log_options() 'quotes_width = 70'
INFO: 2026-10-03 21:12:00,266: log_options() 'safe_mode = False'
INFO: 2026-10-03 21:12:00,266: log_options() 'set_lock_screen_script = /home/lunatik/.config/variety/scripts/set_lock_screen'
INFO: 2026-10-03 21:12:00,264: set_icon() 'Showing status icon image: /usr/lib/python3.14/site-packages/variety/data/media/variety-indicator-dark.png'
INFO: 2026-10-03 21:12:00,266: log_options() 'set_wallpaper_script = /home/lunatik/.config/variety/scripts/set_wallpaper'
INFO: 2026-10-03 21:12:00,267: log_options() 'slideshow_custom_enabled = False'
INFO: 2026-10-03 21:12:00,267: log_options() 'slideshow_custom_folder = /home/lunatik/Pictures'
INFO: 2026-10-03 21:12:00,267: log_options() 'slideshow_downloads_enabled = False'
INFO: 2026-10-03 21:12:00,267: log_options() 'slideshow_fade = 0.4'
INFO: 2026-10-03 21:12:00,267: log_options() 'slideshow_favorites_enabled = True'
INFO: 2026-10-03 21:12:00,267: log_options() 'slideshow_mode = Fullscreen'
INFO: 2026-10-03 21:12:00,267: log_options() 'slideshow_monitor = All'
INFO: 2026-10-03 21:12:00,267: log_options() 'slideshow_pan = 0.05'
INFO: 2026-10-03 21:12:00,267: log_options() 'slideshow_seconds = 6.0'
INFO: 2026-10-03 21:12:00,267: log_options() 'slideshow_sort_order = Random'
INFO: 2026-10-03 21:12:00,267: log_options() 'slideshow_sources_enabled = True'
INFO: 2026-10-03 21:12:00,267: log_options() 'slideshow_zoom = 0.2'
INFO: 2026-10-03 21:12:00,267: log_options() 'smart_enabled = False'
INFO: 2026-10-03 21:12:00,267: log_options() 'smart_notice_shown = False'
INFO: 2026-10-03 21:12:00,267: log_options() 'smart_register_shown = False'
INFO: 2026-10-03 21:12:00,268: log_options() 'sources = [[False, 'favorites', 'The Favorites folder'], [False, 'fetched', 'The Fetched folder'], [False, 'apod', "NASA's Astronomy Picture of the Day"], [False, 'bing', 'Bing Photo of the Day'], [False, 'earthview', 'Google Earth View Wallpapers'], [False, 'unsplash', 'High-resolution photos from Unsplash.com'], [True, 'folder', '/home/lunatik/dwm-Gruvbox/wallpapers'], [False, 'flickr', 'user:www.flickr.com/photos/peter-levi/;user_id:93647178@N00;']]'
INFO: 2026-10-03 21:12:00,268: log_options() 'stats_enabled = True'
INFO: 2026-10-03 21:12:00,268: log_options() 'stats_notice_shown = False'
INFO: 2026-10-03 21:12:00,268: log_options() 'sync_enabled = True'
INFO: 2026-10-03 21:12:00,268: log_options() 'use_landscape_enabled = True'
INFO: 2026-10-03 21:12:00,268: log_options() 'wallhaven_api_key = '
INFO: 2026-10-03 21:12:00,268: log_options() 'wallpaper_auto_rotate = True'
INFO: 2026-10-03 21:12:00,268: log_options() 'wallpaper_display_mode = zoom'
INFO: 2026-10-03 21:12:00,268: reload_config() 'No need to clear prepared queue'
INFO: 2026-10-03 21:12:00,268: update_indicator() 'Setting file info to: /home/lunatik/dwm-Gruvbox/wallpapers/Nature/forest-2.jpg'
INFO: 2026-10-03 21:12:00,269: prepare_thread() 'Prepared buffer contains 14 images'
INFO: 2026-10-03 21:12:00,370: do_set_wp() 'Calling do_set_wp with /home/lunatik/dwm-Gruvbox/wallpapers/Nature/forest-2.jpg, time: 1791051120.370197'
INFO: 2026-10-03 21:12:00,370: apply_auto_rotate() 'ImageMagick auto-rotate cmd: ['/usr/bin/magick', '/home/lunatik/dwm-Gruvbox/wallpapers/Nature/forest-2.jpg', '-auto-orient', '/home/lunatik/.config/variety/wallpaper/wallpaper-auto-rotated-ca17ddc2244cdfb6ecb59a00f727c7ae.jpg']'
INFO: 2026-10-03 21:12:00,396: clock_thread_method() 'clock_thread updates wallpaper'
INFO: 2026-10-03 21:12:00,808: apply_display_mode() 'ImageMagick display mode cmd: ['/usr/bin/magick', '/home/lunatik/dwm-Gruvbox/wallpapers/Nature/forest-2.jpg', '-scale', '1920x1080^', '/home/lunatik/.config/variety/wallpaper/wallpaper-zoomed-94461b74fd438dda0c441d86e712fdce.jpg']'
INFO: 2026-10-03 21:12:01,329: compute_trimmed_offsets() 'Trimmed offsets debug info: w:1920, h:1080, ratio:1.777778, iw:1920, ih:1080, scw:1920, sch:1080, ho:0, vo:0'
INFO: 2026-10-03 21:12:01,329: build_imagemagick_clock_cmd() 'Applying clock filter: -density 100 -font '/usr/share/fonts/gnu-free/FreeSerif.otf' -pointsize 70 -gravity SouthEast -fill '#00000044' -annotate 0x0+58+108 '21:12' -fill white -annotate 0x0+60+110 '21:12' -font '/usr/share/fonts/gnu-free/FreeSerif.otf' -pointsize 30 -fill '#00000044' -annotate 0x0+58+58 'Saturday, October 03' -fill white -annotate 0x0+60+60 'Saturday, October 03''
INFO: 2026-10-03 21:12:01,330: build_imagemagick_clock_cmd() 'ImageMagick clock args: ['/usr/bin/magick', '/home/lunatik/.config/variety/wallpaper/wallpaper-zoomed-94461b74fd438dda0c441d86e712fdce.jpg', '-scale', '1920x1080^', '-density', '100', '-font', '/usr/share/fonts/gnu-free/FreeSerif.otf', '-pointsize', '70', '-gravity', 'SouthEast', '-fill', '#00000044', '-annotate', '0x0+58+108', '21:12', '-fill', 'white', '-annotate', '0x0+60+110', '21:12', '-font', '/usr/share/fonts/gnu-free/FreeSerif.otf', '-pointsize', '30', '-fill', '#00000044', '-annotate', '0x0+58+58', 'Saturday, October 03', '-fill', 'white', '-annotate', '0x0+60+60', 'Saturday, October 03', '/home/lunatik/.config/variety/wallpaper/wallpaper-clock-bd71fb38fc07af61b87dae1a3190dcf6.jpg']'
INFO: 2026-10-03 21:12:01,370: do_set_wp() 'Calling do_set_wp with /home/lunatik/dwm-Gruvbox/wallpapers/Nature/forest-2.jpg, time: 1791051121.3706095'
INFO: 2026-10-03 21:12:01,511: update_indicator() 'Setting file info to: /home/lunatik/dwm-Gruvbox/wallpapers/Nature/forest-2.jpg'
INFO: 2026-10-03 21:12:01,625: apply_auto_rotate() 'ImageMagick auto-rotate cmd: ['/usr/bin/magick', '/home/lunatik/dwm-Gruvbox/wallpapers/Nature/forest-2.jpg', '-auto-orient', '/home/lunatik/.config/variety/wallpaper/wallpaper-auto-rotated-22ea42143bf6f49f185ed1c85b83a3c5.jpg']'
INFO: 2026-10-03 21:12:01,747: apply() 'Applying preferences'
ERROR: 2026-10-03 21:12:01,748: get_xdg_pictures_folder() 'Could not get path to Pictures folder. Defaulting to ~/Pictures.'
Traceback (most recent call last):
  File "/usr/lib/python3.14/site-packages/variety/Util.py", line 847, in get_xdg_pictures_folder
    raise Exception("Could not get path to Pictures folder. Defaulting to ~/Pictures.")
Exception: Could not get path to Pictures folder. Defaulting to ~/Pictures.
ERROR: 2026-10-03 21:12:01,751: get_xdg_pictures_folder() 'Could not get path to Pictures folder. Defaulting to ~/Pictures.'
Traceback (most recent call last):
  File "/usr/lib/python3.14/site-packages/variety/Util.py", line 847, in get_xdg_pictures_folder
    raise Exception("Could not get path to Pictures folder. Defaulting to ~/Pictures.")
Exception: Could not get path to Pictures folder. Defaulting to ~/Pictures.
ERROR: 2026-10-03 21:12:01,753: get_xdg_pictures_folder() 'Could not get path to Pictures folder. Defaulting to ~/Pictures.'
Traceback (most recent call last):
  File "/usr/lib/python3.14/site-packages/variety/Util.py", line 847, in get_xdg_pictures_folder
    raise Exception("Could not get path to Pictures folder. Defaulting to ~/Pictures.")
Exception: Could not get path to Pictures folder. Defaulting to ~/Pictures.
ERROR: 2026-10-03 21:12:01,757: get_xdg_pictures_folder() 'Could not get path to Pictures folder. Defaulting to ~/Pictures.'
Traceback (most recent call last):
  File "/usr/lib/python3.14/site-packages/variety/Util.py", line 847, in get_xdg_pictures_folder
    raise Exception("Could not get path to Pictures folder. Defaulting to ~/Pictures.")
Exception: Could not get path to Pictures folder. Defaulting to ~/Pictures.
ERROR: 2026-10-03 21:12:01,759: get_xdg_pictures_folder() 'Could not get path to Pictures folder. Defaulting to ~/Pictures.'
Traceback (most recent call last):
  File "/usr/lib/python3.14/site-packages/variety/Util.py", line 847, in get_xdg_pictures_folder
    raise Exception("Could not get path to Pictures folder. Defaulting to ~/Pictures.")
Exception: Could not get path to Pictures folder. Defaulting to ~/Pictures.
INFO: 2026-10-03 21:12:01,760: set_visible() 'Showing status icon'
INFO: 2026-10-03 21:12:01,761: log_options() 'Loaded options:'
INFO: 2026-10-03 21:12:01,761: log_options() 'change_enabled = True'
INFO: 2026-10-03 21:12:01,761: log_options() 'change_interval = 300'
INFO: 2026-10-03 21:12:01,761: log_options() 'change_lock_screen = False'
INFO: 2026-10-03 21:12:01,761: log_options() 'change_on_start = True'
INFO: 2026-10-03 21:12:01,761: log_options() 'clipboard_enabled = False'
INFO: 2026-10-03 21:12:01,761: log_options() 'clipboard_hosts = ['wallhaven.cc', 'wallpapers.net', 'flickr.com', 'imgur.com', 'deviantart.com', 'interfacelift.com', 'vladstudio.com', 'imageshack.us', 'deviantart.net', 'imageshack.com']'
INFO: 2026-10-03 21:12:01,762: log_options() 'clipboard_use_whitelist = True'
INFO: 2026-10-03 21:12:01,762: log_options() 'clock_date_font = Serif 30'
INFO: 2026-10-03 21:12:01,762: log_options() 'clock_enabled = True'
INFO: 2026-10-03 21:12:01,762: log_options() 'clock_filter = -density 100 -font '%CLOCK_FONT_FILE' -pointsize %CLOCK_FONT_SIZE -gravity SouthEast -fill '#00000044' -annotate 0x0+[%HOFFSET+58]+[%VOFFSET+108] '%H:%M' -fill white -annotate 0x0+[%HOFFSET+60]+[%VOFFSET+110] '%H:%M' -font '%DATE_FONT_FILE' -pointsize %DATE_FONT_SIZE -fill '#00000044' -annotate 0x0+[%HOFFSET+58]+[%VOFFSET+58] '%A, %B %d' -fill white -annotate 0x0+[%HOFFSET+60]+[%VOFFSET+60] '%A, %B %d''
INFO: 2026-10-03 21:12:01,762: log_options() 'clock_font = Serif 70'
INFO: 2026-10-03 21:12:01,762: log_options() 'configfile = /home/lunatik/.config/variety/variety.conf'
INFO: 2026-10-03 21:12:01,762: log_options() 'copyto_enabled = False'
INFO: 2026-10-03 21:12:01,762: log_options() 'copyto_folder = Default'
INFO: 2026-10-03 21:12:01,762: log_options() 'desired_color = [160, 160, 160]'
INFO: 2026-10-03 21:12:01,762: log_options() 'desired_color_enabled = False'
INFO: 2026-10-03 21:12:01,762: log_options() 'download_folder = /home/lunatik/.config/variety/Downloaded'
INFO: 2026-10-03 21:12:01,762: log_options() 'download_preference_ratio = 0.9'
INFO: 2026-10-03 21:12:01,763: log_options() 'favorites_folder = /home/lunatik/.config/variety/Favorites'
INFO: 2026-10-03 21:12:01,763: log_options() 'favorites_operations = [['Downloaded', 'Copy'], ['Fetched', 'Move'], ['Others', 'Copy']]'
INFO: 2026-10-03 21:12:01,763: log_options() 'fetched_folder = /home/lunatik/.config/variety/Fetched'
INFO: 2026-10-03 21:12:01,763: log_options() 'filters = [[True, 'Keep original', ''], [False, 'Grayscale', '-type Grayscale'], [False, 'Heavy blur', '-scale 20% -blur 0x10 -resize 500%'], [False, 'Soft blur', '-scale 20% -blur 0x2 -resize 500%'], [False, 'Oil painting', '-paint 8'], [False, 'Pointilism', '-spread 10 -noise 3'], [False, 'Pixellate', '-scale 3% -scale 3333%']]'
INFO: 2026-10-03 21:12:01,763: log_options() 'get_wallpaper_script = /home/lunatik/.config/variety/scripts/get_wallpaper'
INFO: 2026-10-03 21:12:01,761: set_icon() 'Showing status icon image: /usr/lib/python3.14/site-packages/variety/data/media/variety-indicator-dark.png'
INFO: 2026-10-03 21:12:01,763: log_options() 'icon = Dark'
INFO: 2026-10-03 21:12:01,763: log_options() 'internet_enabled = False'
INFO: 2026-10-03 21:12:01,763: log_options() 'lightness_enabled = False'
INFO: 2026-10-03 21:12:01,763: log_options() 'lightness_mode = 0'
INFO: 2026-10-03 21:12:01,763: log_options() 'min_rating = 4'
INFO: 2026-10-03 21:12:01,763: log_options() 'min_rating_enabled = False'
INFO: 2026-10-03 21:12:01,764: log_options() 'min_size = 80'
INFO: 2026-10-03 21:12:01,764: log_options() 'min_size_enabled = False'
INFO: 2026-10-03 21:12:01,764: log_options() 'name_regex = .*'
INFO: 2026-10-03 21:12:01,764: log_options() 'name_regex_enabled = False'
INFO: 2026-10-03 21:12:01,764: log_options() 'quota_enabled = True'
INFO: 2026-10-03 21:12:01,764: log_options() 'quota_size = 1000'
INFO: 2026-10-03 21:12:01,764: log_options() 'quotes_authors = '
INFO: 2026-10-03 21:12:01,764: log_options() 'quotes_bg_color = [80, 80, 80]'
INFO: 2026-10-03 21:12:01,764: log_options() 'quotes_bg_opacity = 55'
INFO: 2026-10-03 21:12:01,764: log_options() 'quotes_change_enabled = False'
INFO: 2026-10-03 21:12:01,764: log_options() 'quotes_change_interval = 10'
INFO: 2026-10-03 21:12:01,764: log_options() 'quotes_disabled_sources = ['Urban Dictionary']'
INFO: 2026-10-03 21:12:01,764: log_options() 'quotes_enabled = False'
INFO: 2026-10-03 21:12:01,764: log_options() 'quotes_favorites_file = /home/lunatik/.config/variety/favorite_quotes.txt'
INFO: 2026-10-03 21:12:01,764: log_options() 'quotes_font = Serif 30'
INFO: 2026-10-03 21:12:01,764: log_options() 'quotes_hpos = 100'
INFO: 2026-10-03 21:12:01,764: log_options() 'quotes_max_length = 250'
INFO: 2026-10-03 21:12:01,764: log_options() 'quotes_tags = '
INFO: 2026-10-03 21:12:01,764: log_options() 'quotes_text_color = [237, 51, 59]'
INFO: 2026-10-03 21:12:01,764: log_options() 'quotes_text_shadow = False'
INFO: 2026-10-03 21:12:01,765: log_options() 'quotes_vpos = 40'
INFO: 2026-10-03 21:12:01,765: log_options() 'quotes_width = 70'
INFO: 2026-10-03 21:12:01,765: log_options() 'safe_mode = False'
INFO: 2026-10-03 21:12:01,765: log_options() 'set_lock_screen_script = /home/lunatik/.config/variety/scripts/set_lock_screen'
INFO: 2026-10-03 21:12:01,765: log_options() 'set_wallpaper_script = /home/lunatik/.config/variety/scripts/set_wallpaper'
INFO: 2026-10-03 21:12:01,765: log_options() 'slideshow_custom_enabled = False'
INFO: 2026-10-03 21:12:01,765: log_options() 'slideshow_custom_folder = /home/lunatik/Pictures'
INFO: 2026-10-03 21:12:01,765: log_options() 'slideshow_downloads_enabled = False'
INFO: 2026-10-03 21:12:01,765: log_options() 'slideshow_fade = 0.4'
INFO: 2026-10-03 21:12:01,765: log_options() 'slideshow_favorites_enabled = True'
INFO: 2026-10-03 21:12:01,765: log_options() 'slideshow_mode = Fullscreen'
INFO: 2026-10-03 21:12:01,765: log_options() 'slideshow_monitor = All'
INFO: 2026-10-03 21:12:01,765: log_options() 'slideshow_pan = 0.05'
INFO: 2026-10-03 21:12:01,765: log_options() 'slideshow_seconds = 6.0'
INFO: 2026-10-03 21:12:01,765: log_options() 'slideshow_sort_order = Random'
INFO: 2026-10-03 21:12:01,765: log_options() 'slideshow_sources_enabled = True'
INFO: 2026-10-03 21:12:01,765: log_options() 'slideshow_zoom = 0.2'
INFO: 2026-10-03 21:12:01,765: log_options() 'smart_enabled = False'
INFO: 2026-10-03 21:12:01,765: log_options() 'smart_notice_shown = False'
INFO: 2026-10-03 21:12:01,765: log_options() 'smart_register_shown = False'
INFO: 2026-10-03 21:12:01,766: log_options() 'sources = [[False, 'favorites', 'The Favorites folder'], [False, 'fetched', 'The Fetched folder'], [False, 'apod', "NASA's Astronomy Picture of the Day"], [False, 'bing', 'Bing Photo of the Day'], [False, 'earthview', 'Google Earth View Wallpapers'], [False, 'unsplash', 'High-resolution photos from Unsplash.com'], [True, 'folder', '/home/lunatik/dwm-Gruvbox/wallpapers'], [False, 'flickr', 'user:www.flickr.com/photos/peter-levi/;user_id:93647178@N00;']]'
INFO: 2026-10-03 21:12:01,766: log_options() 'stats_enabled = True'
INFO: 2026-10-03 21:12:01,766: log_options() 'stats_notice_shown = False'
INFO: 2026-10-03 21:12:01,766: log_options() 'sync_enabled = True'
INFO: 2026-10-03 21:12:01,766: log_options() 'use_landscape_enabled = True'
INFO: 2026-10-03 21:12:01,766: log_options() 'wallhaven_api_key = '
INFO: 2026-10-03 21:12:01,766: log_options() 'wallpaper_auto_rotate = True'
INFO: 2026-10-03 21:12:01,766: log_options() 'wallpaper_display_mode = smart'
INFO: 2026-10-03 21:12:01,766: reload_config() 'No need to clear prepared queue'
INFO: 2026-10-03 21:12:01,766: update_indicator() 'Setting file info to: /home/lunatik/dwm-Gruvbox/wallpapers/Nature/forest-2.jpg'
INFO: 2026-10-03 21:12:01,768: prepare_thread() 'Prepared buffer contains 14 images'
INFO: 2026-10-03 21:12:02,270: trigger_download() 'Triggering download thread to check if download needed and possible'
INFO: 2026-10-03 21:12:02,295: compute_trimmed_offsets() 'Trimmed offsets debug info: w:1920, h:1080, ratio:1.777778, iw:3840, ih:2160, scw:1920, sch:1080, ho:0, vo:0'
INFO: 2026-10-03 21:12:02,295: build_imagemagick_clock_cmd() 'Applying clock filter: -density 100 -font '/usr/share/fonts/gnu-free/FreeSerif.otf' -pointsize 70 -gravity SouthEast -fill '#00000044' -annotate 0x0+58+108 '21:12' -fill white -annotate 0x0+60+110 '21:12' -font '/usr/share/fonts/gnu-free/FreeSerif.otf' -pointsize 30 -fill '#00000044' -annotate 0x0+58+58 'Saturday, October 03' -fill white -annotate 0x0+60+60 'Saturday, October 03''
INFO: 2026-10-03 21:12:02,295: build_imagemagick_clock_cmd() 'ImageMagick clock args: ['/usr/bin/magick', '/home/lunatik/dwm-Gruvbox/wallpapers/Nature/forest-2.jpg', '-scale', '1920x1080^', '-density', '100', '-font', '/usr/share/fonts/gnu-free/FreeSerif.otf', '-pointsize', '70', '-gravity', 'SouthEast', '-fill', '#00000044', '-annotate', '0x0+58+108', '21:12', '-fill', 'white', '-annotate', '0x0+60+110', '21:12', '-font', '/usr/share/fonts/gnu-free/FreeSerif.otf', '-pointsize', '30', '-fill', '#00000044', '-annotate', '0x0+58+58', 'Saturday, October 03', '-fill', 'white', '-annotate', '0x0+60+60', 'Saturday, October 03', '/home/lunatik/.config/variety/wallpaper/wallpaper-clock-2c1c996b250cc443b8c88f4f7825227c.jpg']'
INFO: 2026-10-03 21:12:02,371: do_set_wp() 'Calling do_set_wp with /home/lunatik/dwm-Gruvbox/wallpapers/Nature/forest-2.jpg, time: 1791051122.3713758'
INFO: 2026-10-03 21:12:02,846: update_indicator() 'Setting file info to: /home/lunatik/dwm-Gruvbox/wallpapers/Nature/forest-2.jpg'
INFO: 2026-10-03 21:12:02,961: apply_auto_rotate() 'ImageMagick auto-rotate cmd: ['/usr/bin/magick', '/home/lunatik/dwm-Gruvbox/wallpapers/Nature/forest-2.jpg', '-auto-orient', '/home/lunatik/.config/variety/wallpaper/wallpaper-auto-rotated-fa3f78923ede2aca45237dd5ebdd0ca6.jpg']'
INFO: 2026-10-03 21:12:03,632: compute_trimmed_offsets() 'Trimmed offsets debug info: w:1920, h:1080, ratio:1.777778, iw:3840, ih:2160, scw:1920, sch:1080, ho:0, vo:0'
INFO: 2026-10-03 21:12:03,632: build_imagemagick_clock_cmd() 'Applying clock filter: -density 100 -font '/usr/share/fonts/gnu-free/FreeSerif.otf' -pointsize 70 -gravity SouthEast -fill '#00000044' -annotate 0x0+58+108 '21:12' -fill white -annotate 0x0+60+110 '21:12' -font '/usr/share/fonts/gnu-free/FreeSerif.otf' -pointsize 30 -fill '#00000044' -annotate 0x0+58+58 'Saturday, October 03' -fill white -annotate 0x0+60+60 'Saturday, October 03''
INFO: 2026-10-03 21:12:03,633: build_imagemagick_clock_cmd() 'ImageMagick clock args: ['/usr/bin/magick', '/home/lunatik/dwm-Gruvbox/wallpapers/Nature/forest-2.jpg', '-scale', '1920x1080^', '-density', '100', '-font', '/usr/share/fonts/gnu-free/FreeSerif.otf', '-pointsize', '70', '-gravity', 'SouthEast', '-fill', '#00000044', '-annotate', '0x0+58+108', '21:12', '-fill', 'white', '-annotate', '0x0+60+110', '21:12', '-font', '/usr/share/fonts/gnu-free/FreeSerif.otf', '-pointsize', '30', '-fill', '#00000044', '-annotate', '0x0+58+58', 'Saturday, October 03', '-fill', 'white', '-annotate', '0x0+60+60', 'Saturday, October 03', '/home/lunatik/.config/variety/wallpaper/wallpaper-clock-feb706f4c5a46bcd33a723b3a40cd66c.jpg']'
INFO: 2026-10-03 21:12:03,769: trigger_download() 'Triggering download thread to check if download needed and possible'
INFO: 2026-10-03 21:12:04,205: update_indicator() 'Setting file info to: /home/lunatik/dwm-Gruvbox/wallpapers/Nature/forest-2.jpg'
INFO: 2026-10-03 21:12:04,394: apply() 'Applying preferences'
ERROR: 2026-10-03 21:12:04,394: get_xdg_pictures_folder() 'Could not get path to Pictures folder. Defaulting to ~/Pictures.'
Traceback (most recent call last):
  File "/usr/lib/python3.14/site-packages/variety/Util.py", line 847, in get_xdg_pictures_folder
    raise Exception("Could not get path to Pictures folder. Defaulting to ~/Pictures.")
Exception: Could not get path to Pictures folder. Defaulting to ~/Pictures.
ERROR: 2026-10-03 21:12:04,398: get_xdg_pictures_folder() 'Could not get path to Pictures folder. Defaulting to ~/Pictures.'
Traceback (most recent call last):
  File "/usr/lib/python3.14/site-packages/variety/Util.py", line 847, in get_xdg_pictures_folder
    raise Exception("Could not get path to Pictures folder. Defaulting to ~/Pictures.")
Exception: Could not get path to Pictures folder. Defaulting to ~/Pictures.
ERROR: 2026-10-03 21:12:04,400: get_xdg_pictures_folder() 'Could not get path to Pictures folder. Defaulting to ~/Pictures.'
Traceback (most recent call last):
  File "/usr/lib/python3.14/site-packages/variety/Util.py", line 847, in get_xdg_pictures_folder
    raise Exception("Could not get path to Pictures folder. Defaulting to ~/Pictures.")
Exception: Could not get path to Pictures folder. Defaulting to ~/Pictures.
ERROR: 2026-10-03 21:12:04,405: get_xdg_pictures_folder() 'Could not get path to Pictures folder. Defaulting to ~/Pictures.'
Traceback (most recent call last):
  File "/usr/lib/python3.14/site-packages/variety/Util.py", line 847, in get_xdg_pictures_folder
    raise Exception("Could not get path to Pictures folder. Defaulting to ~/Pictures.")
Exception: Could not get path to Pictures folder. Defaulting to ~/Pictures.
ERROR: 2026-10-03 21:12:04,410: get_xdg_pictures_folder() 'Could not get path to Pictures folder. Defaulting to ~/Pictures.'
Traceback (most recent call last):
  File "/usr/lib/python3.14/site-packages/variety/Util.py", line 847, in get_xdg_pictures_folder
    raise Exception("Could not get path to Pictures folder. Defaulting to ~/Pictures.")
Exception: Could not get path to Pictures folder. Defaulting to ~/Pictures.
INFO: 2026-10-03 21:12:04,412: set_visible() 'Showing status icon'
INFO: 2026-10-03 21:12:04,412: log_options() 'Loaded options:'
INFO: 2026-10-03 21:12:04,413: log_options() 'change_enabled = True'
INFO: 2026-10-03 21:12:04,413: log_options() 'change_interval = 300'
INFO: 2026-10-03 21:12:04,413: log_options() 'change_lock_screen = False'
INFO: 2026-10-03 21:12:04,413: log_options() 'change_on_start = True'
INFO: 2026-10-03 21:12:04,413: log_options() 'clipboard_enabled = False'
INFO: 2026-10-03 21:12:04,413: log_options() 'clipboard_hosts = ['wallhaven.cc', 'wallpapers.net', 'flickr.com', 'imgur.com', 'deviantart.com', 'interfacelift.com', 'vladstudio.com', 'imageshack.us', 'deviantart.net', 'imageshack.com']'
INFO: 2026-10-03 21:12:04,413: log_options() 'clipboard_use_whitelist = True'
INFO: 2026-10-03 21:12:04,413: log_options() 'clock_date_font = Serif 30'
INFO: 2026-10-03 21:12:04,414: log_options() 'clock_enabled = True'
INFO: 2026-10-03 21:12:04,414: log_options() 'clock_filter = -density 100 -font '%CLOCK_FONT_FILE' -pointsize %CLOCK_FONT_SIZE -gravity SouthEast -fill '#00000044' -annotate 0x0+[%HOFFSET+58]+[%VOFFSET+108] '%H:%M' -fill white -annotate 0x0+[%HOFFSET+60]+[%VOFFSET+110] '%H:%M' -font '%DATE_FONT_FILE' -pointsize %DATE_FONT_SIZE -fill '#00000044' -annotate 0x0+[%HOFFSET+58]+[%VOFFSET+58] '%A, %B %d' -fill white -annotate 0x0+[%HOFFSET+60]+[%VOFFSET+60] '%A, %B %d''
INFO: 2026-10-03 21:12:04,414: log_options() 'clock_font = Serif 70'
INFO: 2026-10-03 21:12:04,414: log_options() 'configfile = /home/lunatik/.config/variety/variety.conf'
INFO: 2026-10-03 21:12:04,414: log_options() 'copyto_enabled = False'
INFO: 2026-10-03 21:12:04,414: log_options() 'copyto_folder = Default'
INFO: 2026-10-03 21:12:04,414: log_options() 'desired_color = [160, 160, 160]'
INFO: 2026-10-03 21:12:04,413: set_icon() 'Showing status icon image: /usr/lib/python3.14/site-packages/variety/data/media/variety-indicator-dark.png'
INFO: 2026-10-03 21:12:04,414: log_options() 'desired_color_enabled = False'
INFO: 2026-10-03 21:12:04,414: log_options() 'download_folder = /home/lunatik/.config/variety/Downloaded'
INFO: 2026-10-03 21:12:04,415: log_options() 'download_preference_ratio = 0.9'
INFO: 2026-10-03 21:12:04,415: log_options() 'favorites_folder = /home/lunatik/.config/variety/Favorites'
INFO: 2026-10-03 21:12:04,415: log_options() 'favorites_operations = [['Downloaded', 'Copy'], ['Fetched', 'Move'], ['Others', 'Copy']]'
INFO: 2026-10-03 21:12:04,415: log_options() 'fetched_folder = /home/lunatik/.config/variety/Fetched'
INFO: 2026-10-03 21:12:04,415: log_options() 'filters = [[True, 'Keep original', ''], [False, 'Grayscale', '-type Grayscale'], [False, 'Heavy blur', '-scale 20% -blur 0x10 -resize 500%'], [False, 'Soft blur', '-scale 20% -blur 0x2 -resize 500%'], [False, 'Oil painting', '-paint 8'], [False, 'Pointilism', '-spread 10 -noise 3'], [False, 'Pixellate', '-scale 3% -scale 3333%']]'
INFO: 2026-10-03 21:12:04,415: log_options() 'get_wallpaper_script = /home/lunatik/.config/variety/scripts/get_wallpaper'
INFO: 2026-10-03 21:12:04,415: log_options() 'icon = Dark'
INFO: 2026-10-03 21:12:04,415: log_options() 'internet_enabled = False'
INFO: 2026-10-03 21:12:04,415: log_options() 'lightness_enabled = False'
INFO: 2026-10-03 21:12:04,415: log_options() 'lightness_mode = 0'
INFO: 2026-10-03 21:12:04,415: log_options() 'min_rating = 4'
INFO: 2026-10-03 21:12:04,415: log_options() 'min_rating_enabled = False'
INFO: 2026-10-03 21:12:04,416: log_options() 'min_size = 80'
INFO: 2026-10-03 21:12:04,416: log_options() 'min_size_enabled = False'
INFO: 2026-10-03 21:12:04,416: log_options() 'name_regex = .*'
INFO: 2026-10-03 21:12:04,416: log_options() 'name_regex_enabled = False'
INFO: 2026-10-03 21:12:04,416: log_options() 'quota_enabled = True'
INFO: 2026-10-03 21:12:04,416: log_options() 'quota_size = 1000'
INFO: 2026-10-03 21:12:04,416: log_options() 'quotes_authors = '
INFO: 2026-10-03 21:12:04,416: log_options() 'quotes_bg_color = [80, 80, 80]'
INFO: 2026-10-03 21:12:04,416: log_options() 'quotes_bg_opacity = 55'
INFO: 2026-10-03 21:12:04,416: log_options() 'quotes_change_enabled = False'
INFO: 2026-10-03 21:12:04,417: log_options() 'quotes_change_interval = 10'
INFO: 2026-10-03 21:12:04,417: log_options() 'quotes_disabled_sources = ['Urban Dictionary']'
INFO: 2026-10-03 21:12:04,417: log_options() 'quotes_enabled = False'
INFO: 2026-10-03 21:12:04,417: log_options() 'quotes_favorites_file = /home/lunatik/.config/variety/favorite_quotes.txt'
INFO: 2026-10-03 21:12:04,417: log_options() 'quotes_font = Serif 30'
INFO: 2026-10-03 21:12:04,417: log_options() 'quotes_hpos = 100'
INFO: 2026-10-03 21:12:04,417: log_options() 'quotes_max_length = 250'
INFO: 2026-10-03 21:12:04,417: log_options() 'quotes_tags = '
INFO: 2026-10-03 21:12:04,417: log_options() 'quotes_text_color = [237, 51, 59]'
INFO: 2026-10-03 21:12:04,417: log_options() 'quotes_text_shadow = False'
INFO: 2026-10-03 21:12:04,418: log_options() 'quotes_vpos = 40'
INFO: 2026-10-03 21:12:04,418: log_options() 'quotes_width = 70'
INFO: 2026-10-03 21:12:04,418: log_options() 'safe_mode = False'
INFO: 2026-10-03 21:12:04,418: log_options() 'set_lock_screen_script = /home/lunatik/.config/variety/scripts/set_lock_screen'
INFO: 2026-10-03 21:12:04,418: log_options() 'set_wallpaper_script = /home/lunatik/.config/variety/scripts/set_wallpaper'
INFO: 2026-10-03 21:12:04,418: log_options() 'slideshow_custom_enabled = False'
INFO: 2026-10-03 21:12:04,418: log_options() 'slideshow_custom_folder = /home/lunatik/Pictures'
INFO: 2026-10-03 21:12:04,418: log_options() 'slideshow_downloads_enabled = False'
INFO: 2026-10-03 21:12:04,419: log_options() 'slideshow_fade = 0.4'
INFO: 2026-10-03 21:12:04,419: log_options() 'slideshow_favorites_enabled = True'
INFO: 2026-10-03 21:12:04,419: log_options() 'slideshow_mode = Fullscreen'
INFO: 2026-10-03 21:12:04,419: log_options() 'slideshow_monitor = All'
INFO: 2026-10-03 21:12:04,419: log_options() 'slideshow_pan = 0.05'
INFO: 2026-10-03 21:12:04,419: log_options() 'slideshow_seconds = 6.0'
INFO: 2026-10-03 21:12:04,419: log_options() 'slideshow_sort_order = Random'
INFO: 2026-10-03 21:12:04,419: log_options() 'slideshow_sources_enabled = True'
INFO: 2026-10-03 21:12:04,419: log_options() 'slideshow_zoom = 0.2'
INFO: 2026-10-03 21:12:04,420: log_options() 'smart_enabled = False'
INFO: 2026-10-03 21:12:04,420: log_options() 'smart_notice_shown = False'
INFO: 2026-10-03 21:12:04,420: log_options() 'smart_register_shown = False'
INFO: 2026-10-03 21:12:04,420: log_options() 'sources = [[False, 'favorites', 'The Favorites folder'], [False, 'fetched', 'The Fetched folder'], [False, 'apod', "NASA's Astronomy Picture of the Day"], [False, 'bing', 'Bing Photo of the Day'], [False, 'earthview', 'Google Earth View Wallpapers'], [False, 'unsplash', 'High-resolution photos from Unsplash.com'], [True, 'folder', '/home/lunatik/dwm-Gruvbox/wallpapers'], [False, 'flickr', 'user:www.flickr.com/photos/peter-levi/;user_id:93647178@N00;']]'
INFO: 2026-10-03 21:12:04,420: log_options() 'stats_enabled = True'
INFO: 2026-10-03 21:12:04,420: log_options() 'stats_notice_shown = False'
INFO: 2026-10-03 21:12:04,420: log_options() 'sync_enabled = True'
INFO: 2026-10-03 21:12:04,420: log_options() 'use_landscape_enabled = True'
INFO: 2026-10-03 21:12:04,420: log_options() 'wallhaven_api_key = '
INFO: 2026-10-03 21:12:04,420: log_options() 'wallpaper_auto_rotate = False'
INFO: 2026-10-03 21:12:04,420: log_options() 'wallpaper_display_mode = smart'
INFO: 2026-10-03 21:12:04,421: reload_config() 'No need to clear prepared queue'
INFO: 2026-10-03 21:12:04,421: update_indicator() 'Setting file info to: /home/lunatik/dwm-Gruvbox/wallpapers/Nature/forest-2.jpg'
INFO: 2026-10-03 21:12:04,423: prepare_thread() 'Prepared buffer contains 14 images'
INFO: 2026-10-03 21:12:04,523: do_set_wp() 'Calling do_set_wp with /home/lunatik/dwm-Gruvbox/wallpapers/Nature/forest-2.jpg, time: 1791051124.5236712'
INFO: 2026-10-03 21:12:04,759: compute_trimmed_offsets() 'Trimmed offsets debug info: w:1920, h:1080, ratio:1.777778, iw:3840, ih:2160, scw:1920, sch:1080, ho:0, vo:0'
INFO: 2026-10-03 21:12:04,759: build_imagemagick_clock_cmd() 'Applying clock filter: -density 100 -font '/usr/share/fonts/gnu-free/FreeSerif.otf' -pointsize 70 -gravity SouthEast -fill '#00000044' -annotate 0x0+58+108 '21:12' -fill white -annotate 0x0+60+110 '21:12' -font '/usr/share/fonts/gnu-free/FreeSerif.otf' -pointsize 30 -fill '#00000044' -annotate 0x0+58+58 'Saturday, October 03' -fill white -annotate 0x0+60+60 'Saturday, October 03''
INFO: 2026-10-03 21:12:04,759: build_imagemagick_clock_cmd() 'ImageMagick clock args: ['/usr/bin/magick', '/home/lunatik/dwm-Gruvbox/wallpapers/Nature/forest-2.jpg', '-scale', '1920x1080^', '-density', '100', '-font', '/usr/share/fonts/gnu-free/FreeSerif.otf', '-pointsize', '70', '-gravity', 'SouthEast', '-fill', '#00000044', '-annotate', '0x0+58+108', '21:12', '-fill', 'white', '-annotate', '0x0+60+110', '21:12', '-font', '/usr/share/fonts/gnu-free/FreeSerif.otf', '-pointsize', '30', '-fill', '#00000044', '-annotate', '0x0+58+58', 'Saturday, October 03', '-fill', 'white', '-annotate', '0x0+60+60', 'Saturday, October 03', '/home/lunatik/.config/variety/wallpaper/wallpaper-clock-5abc942a58bd071ad68d35391ef8276e.jpg']'
INFO: 2026-10-03 21:12:05,322: update_indicator() 'Setting file info to: /home/lunatik/dwm-Gruvbox/wallpapers/Nature/forest-2.jpg'
INFO: 2026-10-03 21:12:06,060: apply() 'Applying preferences'
ERROR: 2026-10-03 21:12:06,061: get_xdg_pictures_folder() 'Could not get path to Pictures folder. Defaulting to ~/Pictures.'
Traceback (most recent call last):
  File "/usr/lib/python3.14/site-packages/variety/Util.py", line 847, in get_xdg_pictures_folder
    raise Exception("Could not get path to Pictures folder. Defaulting to ~/Pictures.")
Exception: Could not get path to Pictures folder. Defaulting to ~/Pictures.
ERROR: 2026-10-03 21:12:06,063: get_xdg_pictures_folder() 'Could not get path to Pictures folder. Defaulting to ~/Pictures.'
Traceback (most recent call last):
  File "/usr/lib/python3.14/site-packages/variety/Util.py", line 847, in get_xdg_pictures_folder
    raise Exception("Could not get path to Pictures folder. Defaulting to ~/Pictures.")
Exception: Could not get path to Pictures folder. Defaulting to ~/Pictures.
ERROR: 2026-10-03 21:12:06,065: get_xdg_pictures_folder() 'Could not get path to Pictures folder. Defaulting to ~/Pictures.'
Traceback (most recent call last):
  File "/usr/lib/python3.14/site-packages/variety/Util.py", line 847, in get_xdg_pictures_folder
    raise Exception("Could not get path to Pictures folder. Defaulting to ~/Pictures.")
Exception: Could not get path to Pictures folder. Defaulting to ~/Pictures.
ERROR: 2026-10-03 21:12:06,069: get_xdg_pictures_folder() 'Could not get path to Pictures folder. Defaulting to ~/Pictures.'
Traceback (most recent call last):
  File "/usr/lib/python3.14/site-packages/variety/Util.py", line 847, in get_xdg_pictures_folder
    raise Exception("Could not get path to Pictures folder. Defaulting to ~/Pictures.")
Exception: Could not get path to Pictures folder. Defaulting to ~/Pictures.
ERROR: 2026-10-03 21:12:06,071: get_xdg_pictures_folder() 'Could not get path to Pictures folder. Defaulting to ~/Pictures.'
Traceback (most recent call last):
  File "/usr/lib/python3.14/site-packages/variety/Util.py", line 847, in get_xdg_pictures_folder
    raise Exception("Could not get path to Pictures folder. Defaulting to ~/Pictures.")
Exception: Could not get path to Pictures folder. Defaulting to ~/Pictures.
INFO: 2026-10-03 21:12:06,072: set_visible() 'Showing status icon'
INFO: 2026-10-03 21:12:06,073: log_options() 'Loaded options:'
INFO: 2026-10-03 21:12:06,073: log_options() 'change_enabled = True'
INFO: 2026-10-03 21:12:06,073: log_options() 'change_interval = 300'
INFO: 2026-10-03 21:12:06,073: log_options() 'change_lock_screen = False'
INFO: 2026-10-03 21:12:06,073: log_options() 'change_on_start = True'
INFO: 2026-10-03 21:12:06,073: log_options() 'clipboard_enabled = False'
INFO: 2026-10-03 21:12:06,073: log_options() 'clipboard_hosts = ['wallhaven.cc', 'wallpapers.net', 'flickr.com', 'imgur.com', 'deviantart.com', 'interfacelift.com', 'vladstudio.com', 'imageshack.us', 'deviantart.net', 'imageshack.com']'
INFO: 2026-10-03 21:12:06,073: log_options() 'clipboard_use_whitelist = True'
INFO: 2026-10-03 21:12:06,073: log_options() 'clock_date_font = Serif 30'
INFO: 2026-10-03 21:12:06,073: log_options() 'clock_enabled = True'
INFO: 2026-10-03 21:12:06,073: log_options() 'clock_filter = -density 100 -font '%CLOCK_FONT_FILE' -pointsize %CLOCK_FONT_SIZE -gravity SouthEast -fill '#00000044' -annotate 0x0+[%HOFFSET+58]+[%VOFFSET+108] '%H:%M' -fill white -annotate 0x0+[%HOFFSET+60]+[%VOFFSET+110] '%H:%M' -font '%DATE_FONT_FILE' -pointsize %DATE_FONT_SIZE -fill '#00000044' -annotate 0x0+[%HOFFSET+58]+[%VOFFSET+58] '%A, %B %d' -fill white -annotate 0x0+[%HOFFSET+60]+[%VOFFSET+60] '%A, %B %d''
INFO: 2026-10-03 21:12:06,073: log_options() 'clock_font = Serif 70'
INFO: 2026-10-03 21:12:06,073: log_options() 'configfile = /home/lunatik/.config/variety/variety.conf'
INFO: 2026-10-03 21:12:06,073: log_options() 'copyto_enabled = False'
INFO: 2026-10-03 21:12:06,074: log_options() 'copyto_folder = Default'
INFO: 2026-10-03 21:12:06,074: log_options() 'desired_color = [160, 160, 160]'
INFO: 2026-10-03 21:12:06,074: log_options() 'desired_color_enabled = False'
INFO: 2026-10-03 21:12:06,074: log_options() 'download_folder = /home/lunatik/.config/variety/Downloaded'
INFO: 2026-10-03 21:12:06,074: log_options() 'download_preference_ratio = 0.9'
INFO: 2026-10-03 21:12:06,074: log_options() 'favorites_folder = /home/lunatik/.config/variety/Favorites'
INFO: 2026-10-03 21:12:06,074: log_options() 'favorites_operations = [['Downloaded', 'Copy'], ['Fetched', 'Move'], ['Others', 'Copy']]'
INFO: 2026-10-03 21:12:06,074: log_options() 'fetched_folder = /home/lunatik/.config/variety/Fetched'
INFO: 2026-10-03 21:12:06,074: log_options() 'filters = [[True, 'Keep original', ''], [False, 'Grayscale', '-type Grayscale'], [False, 'Heavy blur', '-scale 20% -blur 0x10 -resize 500%'], [False, 'Soft blur', '-scale 20% -blur 0x2 -resize 500%'], [False, 'Oil painting', '-paint 8'], [False, 'Pointilism', '-spread 10 -noise 3'], [False, 'Pixellate', '-scale 3% -scale 3333%']]'
INFO: 2026-10-03 21:12:06,074: log_options() 'get_wallpaper_script = /home/lunatik/.config/variety/scripts/get_wallpaper'
INFO: 2026-10-03 21:12:06,074: log_options() 'icon = Dark'
INFO: 2026-10-03 21:12:06,074: log_options() 'internet_enabled = False'
INFO: 2026-10-03 21:12:06,074: log_options() 'lightness_enabled = False'
INFO: 2026-10-03 21:12:06,075: log_options() 'lightness_mode = 0'
INFO: 2026-10-03 21:12:06,075: log_options() 'min_rating = 4'
INFO: 2026-10-03 21:12:06,075: log_options() 'min_rating_enabled = False'
INFO: 2026-10-03 21:12:06,075: log_options() 'min_size = 80'
INFO: 2026-10-03 21:12:06,075: log_options() 'min_size_enabled = False'
INFO: 2026-10-03 21:12:06,075: log_options() 'name_regex = .*'
INFO: 2026-10-03 21:12:06,075: log_options() 'name_regex_enabled = False'
INFO: 2026-10-03 21:12:06,075: log_options() 'quota_enabled = True'
INFO: 2026-10-03 21:12:06,075: log_options() 'quota_size = 1000'
INFO: 2026-10-03 21:12:06,075: log_options() 'quotes_authors = '
INFO: 2026-10-03 21:12:06,075: log_options() 'quotes_bg_color = [80, 80, 80]'
INFO: 2026-10-03 21:12:06,075: log_options() 'quotes_bg_opacity = 55'
INFO: 2026-10-03 21:12:06,075: log_options() 'quotes_change_enabled = False'
INFO: 2026-10-03 21:12:06,074: set_icon() 'Showing status icon image: /usr/lib/python3.14/site-packages/variety/data/media/variety-indicator-dark.png'
INFO: 2026-10-03 21:12:06,075: log_options() 'quotes_change_interval = 10'
INFO: 2026-10-03 21:12:06,076: log_options() 'quotes_disabled_sources = ['Urban Dictionary']'
INFO: 2026-10-03 21:12:06,076: log_options() 'quotes_enabled = False'
INFO: 2026-10-03 21:12:06,076: log_options() 'quotes_favorites_file = /home/lunatik/.config/variety/favorite_quotes.txt'
INFO: 2026-10-03 21:12:06,076: log_options() 'quotes_font = Serif 30'
INFO: 2026-10-03 21:12:06,076: log_options() 'quotes_hpos = 100'
INFO: 2026-10-03 21:12:06,076: log_options() 'quotes_max_length = 250'
INFO: 2026-10-03 21:12:06,076: log_options() 'quotes_tags = '
INFO: 2026-10-03 21:12:06,076: log_options() 'quotes_text_color = [237, 51, 59]'
INFO: 2026-10-03 21:12:06,076: log_options() 'quotes_text_shadow = False'
INFO: 2026-10-03 21:12:06,076: log_options() 'quotes_vpos = 40'
INFO: 2026-10-03 21:12:06,076: log_options() 'quotes_width = 70'
INFO: 2026-10-03 21:12:06,077: log_options() 'safe_mode = False'
INFO: 2026-10-03 21:12:06,077: log_options() 'set_lock_screen_script = /home/lunatik/.config/variety/scripts/set_lock_screen'
INFO: 2026-10-03 21:12:06,077: log_options() 'set_wallpaper_script = /home/lunatik/.config/variety/scripts/set_wallpaper'
INFO: 2026-10-03 21:12:06,077: log_options() 'slideshow_custom_enabled = False'
INFO: 2026-10-03 21:12:06,077: log_options() 'slideshow_custom_folder = /home/lunatik/Pictures'
INFO: 2026-10-03 21:12:06,077: log_options() 'slideshow_downloads_enabled = False'
INFO: 2026-10-03 21:12:06,077: log_options() 'slideshow_fade = 0.4'
INFO: 2026-10-03 21:12:06,077: log_options() 'slideshow_favorites_enabled = True'
INFO: 2026-10-03 21:12:06,077: log_options() 'slideshow_mode = Fullscreen'
INFO: 2026-10-03 21:12:06,077: log_options() 'slideshow_monitor = All'
INFO: 2026-10-03 21:12:06,077: log_options() 'slideshow_pan = 0.05'
INFO: 2026-10-03 21:12:06,077: log_options() 'slideshow_seconds = 6.0'
INFO: 2026-10-03 21:12:06,077: log_options() 'slideshow_sort_order = Random'
INFO: 2026-10-03 21:12:06,077: log_options() 'slideshow_sources_enabled = True'
INFO: 2026-10-03 21:12:06,077: log_options() 'slideshow_zoom = 0.2'
INFO: 2026-10-03 21:12:06,077: log_options() 'smart_enabled = False'
INFO: 2026-10-03 21:12:06,077: log_options() 'smart_notice_shown = False'
INFO: 2026-10-03 21:12:06,077: log_options() 'smart_register_shown = False'
INFO: 2026-10-03 21:12:06,077: log_options() 'sources = [[False, 'favorites', 'The Favorites folder'], [False, 'fetched', 'The Fetched folder'], [False, 'apod', "NASA's Astronomy Picture of the Day"], [False, 'bing', 'Bing Photo of the Day'], [False, 'earthview', 'Google Earth View Wallpapers'], [False, 'unsplash', 'High-resolution photos from Unsplash.com'], [True, 'folder', '/home/lunatik/dwm-Gruvbox/wallpapers'], [False, 'flickr', 'user:www.flickr.com/photos/peter-levi/;user_id:93647178@N00;']]'
INFO: 2026-10-03 21:12:06,077: log_options() 'stats_enabled = True'
INFO: 2026-10-03 21:12:06,078: log_options() 'stats_notice_shown = False'
INFO: 2026-10-03 21:12:06,078: log_options() 'sync_enabled = True'
INFO: 2026-10-03 21:12:06,078: log_options() 'use_landscape_enabled = True'
INFO: 2026-10-03 21:12:06,078: log_options() 'wallhaven_api_key = '
INFO: 2026-10-03 21:12:06,078: log_options() 'wallpaper_auto_rotate = False'
INFO: 2026-10-03 21:12:06,078: log_options() 'wallpaper_display_mode = zoom'
INFO: 2026-10-03 21:12:06,078: reload_config() 'No need to clear prepared queue'
INFO: 2026-10-03 21:12:06,078: update_indicator() 'Setting file info to: /home/lunatik/dwm-Gruvbox/wallpapers/Nature/forest-2.jpg'
INFO: 2026-10-03 21:12:06,079: prepare_thread() 'Prepared buffer contains 14 images'
INFO: 2026-10-03 21:12:06,180: do_set_wp() 'Calling do_set_wp with /home/lunatik/dwm-Gruvbox/wallpapers/Nature/forest-2.jpg, time: 1791051126.1802585'
INFO: 2026-10-03 21:12:06,181: apply_display_mode() 'ImageMagick display mode cmd: ['/usr/bin/magick', '/home/lunatik/dwm-Gruvbox/wallpapers/Nature/forest-2.jpg', '-scale', '1920x1080^', '/home/lunatik/.config/variety/wallpaper/wallpaper-zoomed-11f0e73377a04b44b0a5a8038428376a.jpg']'
INFO: 2026-10-03 21:12:06,424: trigger_download() 'Triggering download thread to check if download needed and possible'
INFO: 2026-10-03 21:12:06,732: compute_trimmed_offsets() 'Trimmed offsets debug info: w:1920, h:1080, ratio:1.777778, iw:1920, ih:1080, scw:1920, sch:1080, ho:0, vo:0'
INFO: 2026-10-03 21:12:06,732: build_imagemagick_clock_cmd() 'Applying clock filter: -density 100 -font '/usr/share/fonts/gnu-free/FreeSerif.otf' -pointsize 70 -gravity SouthEast -fill '#00000044' -annotate 0x0+58+108 '21:12' -fill white -annotate 0x0+60+110 '21:12' -font '/usr/share/fonts/gnu-free/FreeSerif.otf' -pointsize 30 -fill '#00000044' -annotate 0x0+58+58 'Saturday, October 03' -fill white -annotate 0x0+60+60 'Saturday, October 03''
INFO: 2026-10-03 21:12:06,733: build_imagemagick_clock_cmd() 'ImageMagick clock args: ['/usr/bin/magick', '/home/lunatik/.config/variety/wallpaper/wallpaper-zoomed-11f0e73377a04b44b0a5a8038428376a.jpg', '-scale', '1920x1080^', '-density', '100', '-font', '/usr/share/fonts/gnu-free/FreeSerif.otf', '-pointsize', '70', '-gravity', 'SouthEast', '-fill', '#00000044', '-annotate', '0x0+58+108', '21:12', '-fill', 'white', '-annotate', '0x0+60+110', '21:12', '-font', '/usr/share/fonts/gnu-free/FreeSerif.otf', '-pointsize', '30', '-fill', '#00000044', '-annotate', '0x0+58+58', 'Saturday, October 03', '-fill', 'white', '-annotate', '0x0+60+60', 'Saturday, October 03', '/home/lunatik/.config/variety/wallpaper/wallpaper-clock-9cb87d40fa15f04392692c891c3c2150.jpg']'
INFO: 2026-10-03 21:12:06,929: update_indicator() 'Setting file info to: /home/lunatik/dwm-Gruvbox/wallpapers/Nature/forest-2.jpg'
INFO: 2026-10-03 21:12:08,080: trigger_download() 'Triggering download thread to check if download needed and possible'
INFO: 2026-10-03 21:12:08,629: apply() 'Applying preferences'
ERROR: 2026-10-03 21:12:08,629: get_xdg_pictures_folder() 'Could not get path to Pictures folder. Defaulting to ~/Pictures.'
Traceback (most recent call last):
  File "/usr/lib/python3.14/site-packages/variety/Util.py", line 847, in get_xdg_pictures_folder
    raise Exception("Could not get path to Pictures folder. Defaulting to ~/Pictures.")
Exception: Could not get path to Pictures folder. Defaulting to ~/Pictures.
ERROR: 2026-10-03 21:12:08,632: get_xdg_pictures_folder() 'Could not get path to Pictures folder. Defaulting to ~/Pictures.'
Traceback (most recent call last):
  File "/usr/lib/python3.14/site-packages/variety/Util.py", line 847, in get_xdg_pictures_folder
    raise Exception("Could not get path to Pictures folder. Defaulting to ~/Pictures.")
Exception: Could not get path to Pictures folder. Defaulting to ~/Pictures.
ERROR: 2026-10-03 21:12:08,633: get_xdg_pictures_folder() 'Could not get path to Pictures folder. Defaulting to ~/Pictures.'
Traceback (most recent call last):
  File "/usr/lib/python3.14/site-packages/variety/Util.py", line 847, in get_xdg_pictures_folder
    raise Exception("Could not get path to Pictures folder. Defaulting to ~/Pictures.")
Exception: Could not get path to Pictures folder. Defaulting to ~/Pictures.
ERROR: 2026-10-03 21:12:08,637: get_xdg_pictures_folder() 'Could not get path to Pictures folder. Defaulting to ~/Pictures.'
Traceback (most recent call last):
  File "/usr/lib/python3.14/site-packages/variety/Util.py", line 847, in get_xdg_pictures_folder
    raise Exception("Could not get path to Pictures folder. Defaulting to ~/Pictures.")
Exception: Could not get path to Pictures folder. Defaulting to ~/Pictures.
ERROR: 2026-10-03 21:12:08,639: get_xdg_pictures_folder() 'Could not get path to Pictures folder. Defaulting to ~/Pictures.'
Traceback (most recent call last):
  File "/usr/lib/python3.14/site-packages/variety/Util.py", line 847, in get_xdg_pictures_folder
    raise Exception("Could not get path to Pictures folder. Defaulting to ~/Pictures.")
Exception: Could not get path to Pictures folder. Defaulting to ~/Pictures.
INFO: 2026-10-03 21:12:08,641: log_options() 'Loaded options:'
INFO: 2026-10-03 21:12:08,642: log_options() 'change_enabled = True'
INFO: 2026-10-03 21:12:08,642: log_options() 'change_interval = 300'
INFO: 2026-10-03 21:12:08,642: log_options() 'change_lock_screen = False'
INFO: 2026-10-03 21:12:08,642: log_options() 'change_on_start = True'
INFO: 2026-10-03 21:12:08,642: log_options() 'clipboard_enabled = False'
INFO: 2026-10-03 21:12:08,642: log_options() 'clipboard_hosts = ['wallhaven.cc', 'wallpapers.net', 'flickr.com', 'imgur.com', 'deviantart.com', 'interfacelift.com', 'vladstudio.com', 'imageshack.us', 'deviantart.net', 'imageshack.com']'
INFO: 2026-10-03 21:12:08,642: log_options() 'clipboard_use_whitelist = True'
INFO: 2026-10-03 21:12:08,642: log_options() 'clock_date_font = Serif 30'
INFO: 2026-10-03 21:12:08,642: log_options() 'clock_enabled = True'
INFO: 2026-10-03 21:12:08,642: log_options() 'clock_filter = -density 100 -font '%CLOCK_FONT_FILE' -pointsize %CLOCK_FONT_SIZE -gravity SouthEast -fill '#00000044' -annotate 0x0+[%HOFFSET+58]+[%VOFFSET+108] '%H:%M' -fill white -annotate 0x0+[%HOFFSET+60]+[%VOFFSET+110] '%H:%M' -font '%DATE_FONT_FILE' -pointsize %DATE_FONT_SIZE -fill '#00000044' -annotate 0x0+[%HOFFSET+58]+[%VOFFSET+58] '%A, %B %d' -fill white -annotate 0x0+[%HOFFSET+60]+[%VOFFSET+60] '%A, %B %d''
INFO: 2026-10-03 21:12:08,642: log_options() 'clock_font = Serif 70'
INFO: 2026-10-03 21:12:08,642: log_options() 'configfile = /home/lunatik/.config/variety/variety.conf'
INFO: 2026-10-03 21:12:08,643: log_options() 'copyto_enabled = False'
INFO: 2026-10-03 21:12:08,643: log_options() 'copyto_folder = Default'
INFO: 2026-10-03 21:12:08,643: log_options() 'desired_color = [160, 160, 160]'
INFO: 2026-10-03 21:12:08,643: log_options() 'desired_color_enabled = False'
INFO: 2026-10-03 21:12:08,643: log_options() 'download_folder = /home/lunatik/.config/variety/Downloaded'
INFO: 2026-10-03 21:12:08,643: log_options() 'download_preference_ratio = 0.9'
INFO: 2026-10-03 21:12:08,643: log_options() 'favorites_folder = /home/lunatik/.config/variety/Favorites'
INFO: 2026-10-03 21:12:08,643: log_options() 'favorites_operations = [['Downloaded', 'Copy'], ['Fetched', 'Move'], ['Others', 'Copy']]'
INFO: 2026-10-03 21:12:08,641: set_visible() 'Showing status icon'
INFO: 2026-10-03 21:12:08,643: log_options() 'fetched_folder = /home/lunatik/.config/variety/Fetched'
INFO: 2026-10-03 21:12:08,643: log_options() 'filters = [[True, 'Keep original', ''], [False, 'Grayscale', '-type Grayscale'], [False, 'Heavy blur', '-scale 20% -blur 0x10 -resize 500%'], [False, 'Soft blur', '-scale 20% -blur 0x2 -resize 500%'], [False, 'Oil painting', '-paint 8'], [False, 'Pointilism', '-spread 10 -noise 3'], [False, 'Pixellate', '-scale 3% -scale 3333%']]'
INFO: 2026-10-03 21:12:08,644: log_options() 'get_wallpaper_script = /home/lunatik/.config/variety/scripts/get_wallpaper'
INFO: 2026-10-03 21:12:08,644: log_options() 'icon = Dark'
INFO: 2026-10-03 21:12:08,644: log_options() 'internet_enabled = False'
INFO: 2026-10-03 21:12:08,644: log_options() 'lightness_enabled = False'
INFO: 2026-10-03 21:12:08,644: log_options() 'lightness_mode = 0'
INFO: 2026-10-03 21:12:08,644: log_options() 'min_rating = 4'
INFO: 2026-10-03 21:12:08,644: log_options() 'min_rating_enabled = False'
INFO: 2026-10-03 21:12:08,644: log_options() 'min_size = 80'
INFO: 2026-10-03 21:12:08,644: log_options() 'min_size_enabled = False'
INFO: 2026-10-03 21:12:08,644: log_options() 'name_regex = .*'
INFO: 2026-10-03 21:12:08,644: log_options() 'name_regex_enabled = False'
INFO: 2026-10-03 21:12:08,644: log_options() 'quota_enabled = True'
INFO: 2026-10-03 21:12:08,644: log_options() 'quota_size = 1000'
INFO: 2026-10-03 21:12:08,644: log_options() 'quotes_authors = '
INFO: 2026-10-03 21:12:08,644: log_options() 'quotes_bg_color = [80, 80, 80]'
INFO: 2026-10-03 21:12:08,644: log_options() 'quotes_bg_opacity = 55'
INFO: 2026-10-03 21:12:08,644: log_options() 'quotes_change_enabled = False'
INFO: 2026-10-03 21:12:08,644: log_options() 'quotes_change_interval = 10'
INFO: 2026-10-03 21:12:08,644: log_options() 'quotes_disabled_sources = ['Urban Dictionary']'
INFO: 2026-10-03 21:12:08,643: set_icon() 'Showing status icon image: /usr/lib/python3.14/site-packages/variety/data/media/variety-indicator-dark.png'
INFO: 2026-10-03 21:12:08,644: log_options() 'quotes_enabled = False'
INFO: 2026-10-03 21:12:08,645: log_options() 'quotes_favorites_file = /home/lunatik/.config/variety/favorite_quotes.txt'
INFO: 2026-10-03 21:12:08,645: log_options() 'quotes_font = Serif 30'
INFO: 2026-10-03 21:12:08,645: log_options() 'quotes_hpos = 100'
INFO: 2026-10-03 21:12:08,645: log_options() 'quotes_max_length = 250'
INFO: 2026-10-03 21:12:08,645: log_options() 'quotes_tags = '
INFO: 2026-10-03 21:12:08,645: log_options() 'quotes_text_color = [237, 51, 59]'
INFO: 2026-10-03 21:12:08,645: log_options() 'quotes_text_shadow = False'
INFO: 2026-10-03 21:12:08,645: log_options() 'quotes_vpos = 40'
INFO: 2026-10-03 21:12:08,645: log_options() 'quotes_width = 70'
INFO: 2026-10-03 21:12:08,645: log_options() 'safe_mode = False'
INFO: 2026-10-03 21:12:08,645: log_options() 'set_lock_screen_script = /home/lunatik/.config/variety/scripts/set_lock_screen'
INFO: 2026-10-03 21:12:08,645: log_options() 'set_wallpaper_script = /home/lunatik/.config/variety/scripts/set_wallpaper'
INFO: 2026-10-03 21:12:08,645: log_options() 'slideshow_custom_enabled = False'
INFO: 2026-10-03 21:12:08,645: log_options() 'slideshow_custom_folder = /home/lunatik/Pictures'
INFO: 2026-10-03 21:12:08,646: log_options() 'slideshow_downloads_enabled = False'
INFO: 2026-10-03 21:12:08,646: log_options() 'slideshow_fade = 0.4'
INFO: 2026-10-03 21:12:08,646: log_options() 'slideshow_favorites_enabled = True'
INFO: 2026-10-03 21:12:08,646: log_options() 'slideshow_mode = Fullscreen'
INFO: 2026-10-03 21:12:08,646: log_options() 'slideshow_monitor = All'
INFO: 2026-10-03 21:12:08,646: log_options() 'slideshow_pan = 0.05'
INFO: 2026-10-03 21:12:08,646: log_options() 'slideshow_seconds = 6.0'
INFO: 2026-10-03 21:12:08,646: log_options() 'slideshow_sort_order = Random'
INFO: 2026-10-03 21:12:08,646: log_options() 'slideshow_sources_enabled = True'
INFO: 2026-10-03 21:12:08,646: log_options() 'slideshow_zoom = 0.2'
INFO: 2026-10-03 21:12:08,646: log_options() 'smart_enabled = False'
INFO: 2026-10-03 21:12:08,646: log_options() 'smart_notice_shown = False'
INFO: 2026-10-03 21:12:08,646: log_options() 'smart_register_shown = False'
INFO: 2026-10-03 21:12:08,646: log_options() 'sources = [[False, 'favorites', 'The Favorites folder'], [False, 'fetched', 'The Fetched folder'], [False, 'apod', "NASA's Astronomy Picture of the Day"], [False, 'bing', 'Bing Photo of the Day'], [False, 'earthview', 'Google Earth View Wallpapers'], [False, 'unsplash', 'High-resolution photos from Unsplash.com'], [True, 'folder', '/home/lunatik/dwm-Gruvbox/wallpapers'], [False, 'flickr', 'user:www.flickr.com/photos/peter-levi/;user_id:93647178@N00;']]'
INFO: 2026-10-03 21:12:08,646: log_options() 'stats_enabled = True'
INFO: 2026-10-03 21:12:08,646: log_options() 'stats_notice_shown = False'
INFO: 2026-10-03 21:12:08,646: log_options() 'sync_enabled = True'
INFO: 2026-10-03 21:12:08,647: log_options() 'use_landscape_enabled = True'
INFO: 2026-10-03 21:12:08,647: log_options() 'wallhaven_api_key = '
INFO: 2026-10-03 21:12:08,647: log_options() 'wallpaper_auto_rotate = False'
INFO: 2026-10-03 21:12:08,647: log_options() 'wallpaper_display_mode = smart'
INFO: 2026-10-03 21:12:08,647: reload_config() 'No need to clear prepared queue'
INFO: 2026-10-03 21:12:08,647: update_indicator() 'Setting file info to: /home/lunatik/dwm-Gruvbox/wallpapers/Nature/forest-2.jpg'
INFO: 2026-10-03 21:12:08,648: prepare_thread() 'Prepared buffer contains 14 images'
INFO: 2026-10-03 21:12:08,749: do_set_wp() 'Calling do_set_wp with /home/lunatik/dwm-Gruvbox/wallpapers/Nature/forest-2.jpg, time: 1791051128.749072'
INFO: 2026-10-03 21:12:08,994: compute_trimmed_offsets() 'Trimmed offsets debug info: w:1920, h:1080, ratio:1.777778, iw:3840, ih:2160, scw:1920, sch:1080, ho:0, vo:0'
INFO: 2026-10-03 21:12:08,994: build_imagemagick_clock_cmd() 'Applying clock filter: -density 100 -font '/usr/share/fonts/gnu-free/FreeSerif.otf' -pointsize 70 -gravity SouthEast -fill '#00000044' -annotate 0x0+58+108 '21:12' -fill white -annotate 0x0+60+110 '21:12' -font '/usr/share/fonts/gnu-free/FreeSerif.otf' -pointsize 30 -fill '#00000044' -annotate 0x0+58+58 'Saturday, October 03' -fill white -annotate 0x0+60+60 'Saturday, October 03''
INFO: 2026-10-03 21:12:08,994: build_imagemagick_clock_cmd() 'ImageMagick clock args: ['/usr/bin/magick', '/home/lunatik/dwm-Gruvbox/wallpapers/Nature/forest-2.jpg', '-scale', '1920x1080^', '-density', '100', '-font', '/usr/share/fonts/gnu-free/FreeSerif.otf', '-pointsize', '70', '-gravity', 'SouthEast', '-fill', '#00000044', '-annotate', '0x0+58+108', '21:12', '-fill', 'white', '-annotate', '0x0+60+110', '21:12', '-font', '/usr/share/fonts/gnu-free/FreeSerif.otf', '-pointsize', '30', '-fill', '#00000044', '-annotate', '0x0+58+58', 'Saturday, October 03', '-fill', 'white', '-annotate', '0x0+60+60', 'Saturday, October 03', '/home/lunatik/.config/variety/wallpaper/wallpaper-clock-b27eb5c06b7d1d2c86e4eb360a9eb914.jpg']'
INFO: 2026-10-03 21:12:09,544: update_indicator() 'Setting file info to: /home/lunatik/dwm-Gruvbox/wallpapers/Nature/forest-2.jpg'
INFO: 2026-10-03 21:12:10,133: update_indicator() 'Setting file info to: /home/lunatik/dwm-Gruvbox/wallpapers/Nature/forest-2.jpg'
INFO: 2026-10-03 21:12:10,649: trigger_download() 'Triggering download thread to check if download needed and possible'
INFO: 2026-10-03 21:12:33,694: apply() 'Applying preferences'
ERROR: 2026-10-03 21:12:33,694: get_xdg_pictures_folder() 'Could not get path to Pictures folder. Defaulting to ~/Pictures.'
Traceback (most recent call last):
  File "/usr/lib/python3.14/site-packages/variety/Util.py", line 847, in get_xdg_pictures_folder
    raise Exception("Could not get path to Pictures folder. Defaulting to ~/Pictures.")
Exception: Could not get path to Pictures folder. Defaulting to ~/Pictures.
ERROR: 2026-10-03 21:12:33,699: get_xdg_pictures_folder() 'Could not get path to Pictures folder. Defaulting to ~/Pictures.'
Traceback (most recent call last):
  File "/usr/lib/python3.14/site-packages/variety/Util.py", line 847, in get_xdg_pictures_folder
    raise Exception("Could not get path to Pictures folder. Defaulting to ~/Pictures.")
Exception: Could not get path to Pictures folder. Defaulting to ~/Pictures.
ERROR: 2026-10-03 21:12:33,702: get_xdg_pictures_folder() 'Could not get path to Pictures folder. Defaulting to ~/Pictures.'
Traceback (most recent call last):
  File "/usr/lib/python3.14/site-packages/variety/Util.py", line 847, in get_xdg_pictures_folder
    raise Exception("Could not get path to Pictures folder. Defaulting to ~/Pictures.")
Exception: Could not get path to Pictures folder. Defaulting to ~/Pictures.
ERROR: 2026-10-03 21:12:33,708: get_xdg_pictures_folder() 'Could not get path to Pictures folder. Defaulting to ~/Pictures.'
Traceback (most recent call last):
  File "/usr/lib/python3.14/site-packages/variety/Util.py", line 847, in get_xdg_pictures_folder
    raise Exception("Could not get path to Pictures folder. Defaulting to ~/Pictures.")
Exception: Could not get path to Pictures folder. Defaulting to ~/Pictures.
ERROR: 2026-10-03 21:12:33,713: get_xdg_pictures_folder() 'Could not get path to Pictures folder. Defaulting to ~/Pictures.'
Traceback (most recent call last):
  File "/usr/lib/python3.14/site-packages/variety/Util.py", line 847, in get_xdg_pictures_folder
    raise Exception("Could not get path to Pictures folder. Defaulting to ~/Pictures.")
Exception: Could not get path to Pictures folder. Defaulting to ~/Pictures.
INFO: 2026-10-03 21:12:33,715: set_visible() 'Showing status icon'
INFO: 2026-10-03 21:12:33,716: set_icon() 'Showing status icon image: /usr/lib/python3.14/site-packages/variety/data/media/variety-indicator-dark.png'
INFO: 2026-10-03 21:12:33,716: log_options() 'Loaded options:'
INFO: 2026-10-03 21:12:33,716: log_options() 'change_enabled = True'
INFO: 2026-10-03 21:12:33,717: log_options() 'change_interval = 300'
INFO: 2026-10-03 21:12:33,717: log_options() 'change_lock_screen = False'
INFO: 2026-10-03 21:12:33,717: log_options() 'change_on_start = True'
INFO: 2026-10-03 21:12:33,717: log_options() 'clipboard_enabled = False'
INFO: 2026-10-03 21:12:33,717: log_options() 'clipboard_hosts = ['wallhaven.cc', 'wallpapers.net', 'flickr.com', 'imgur.com', 'deviantart.com', 'interfacelift.com', 'vladstudio.com', 'imageshack.us', 'deviantart.net', 'imageshack.com']'
INFO: 2026-10-03 21:12:33,717: log_options() 'clipboard_use_whitelist = True'
INFO: 2026-10-03 21:12:33,717: log_options() 'clock_date_font = Serif 30'
INFO: 2026-10-03 21:12:33,718: log_options() 'clock_enabled = True'
INFO: 2026-10-03 21:12:33,718: log_options() 'clock_filter = -density 100 -font '%CLOCK_FONT_FILE' -pointsize %CLOCK_FONT_SIZE -gravity SouthEast -fill '#00000044' -annotate 0x0+[%HOFFSET+58]+[%VOFFSET+108] '%H:%M' -fill white -annotate 0x0+[%HOFFSET+60]+[%VOFFSET+110] '%H:%M' -font '%DATE_FONT_FILE' -pointsize %DATE_FONT_SIZE -fill '#00000044' -annotate 0x0+[%HOFFSET+58]+[%VOFFSET+58] '%A, %B %d' -fill white -annotate 0x0+[%HOFFSET+60]+[%VOFFSET+60] '%A, %B %d''
INFO: 2026-10-03 21:12:33,718: log_options() 'clock_font = Serif 70'
INFO: 2026-10-03 21:12:33,718: log_options() 'configfile = /home/lunatik/.config/variety/variety.conf'
INFO: 2026-10-03 21:12:33,718: log_options() 'copyto_enabled = False'
INFO: 2026-10-03 21:12:33,718: log_options() 'copyto_folder = Default'
INFO: 2026-10-03 21:12:33,718: log_options() 'desired_color = [160, 160, 160]'
INFO: 2026-10-03 21:12:33,718: log_options() 'desired_color_enabled = False'
INFO: 2026-10-03 21:12:33,718: log_options() 'download_folder = /home/lunatik/.config/variety/Downloaded'
INFO: 2026-10-03 21:12:33,719: log_options() 'download_preference_ratio = 0.9'
INFO: 2026-10-03 21:12:33,719: log_options() 'favorites_folder = /home/lunatik/.config/variety/Favorites'
INFO: 2026-10-03 21:12:33,719: log_options() 'favorites_operations = [['Downloaded', 'Copy'], ['Fetched', 'Move'], ['Others', 'Copy']]'
INFO: 2026-10-03 21:12:33,719: log_options() 'fetched_folder = /home/lunatik/.config/variety/Fetched'
INFO: 2026-10-03 21:12:33,719: log_options() 'filters = [[True, 'Keep original', ''], [False, 'Grayscale', '-type Grayscale'], [False, 'Heavy blur', '-scale 20% -blur 0x10 -resize 500%'], [False, 'Soft blur', '-scale 20% -blur 0x2 -resize 500%'], [False, 'Oil painting', '-paint 8'], [False, 'Pointilism', '-spread 10 -noise 3'], [False, 'Pixellate', '-scale 3% -scale 3333%']]'
INFO: 2026-10-03 21:12:33,719: log_options() 'get_wallpaper_script = /home/lunatik/.config/variety/scripts/get_wallpaper'
INFO: 2026-10-03 21:12:33,719: log_options() 'icon = Dark'
INFO: 2026-10-03 21:12:33,719: log_options() 'internet_enabled = True'
INFO: 2026-10-03 21:12:33,720: log_options() 'lightness_enabled = False'
INFO: 2026-10-03 21:12:33,720: log_options() 'lightness_mode = 0'
INFO: 2026-10-03 21:12:33,720: log_options() 'min_rating = 4'
INFO: 2026-10-03 21:12:33,720: log_options() 'min_rating_enabled = False'
INFO: 2026-10-03 21:12:33,720: log_options() 'min_size = 80'
INFO: 2026-10-03 21:12:33,720: log_options() 'min_size_enabled = False'
INFO: 2026-10-03 21:12:33,720: log_options() 'name_regex = .*'
INFO: 2026-10-03 21:12:33,720: log_options() 'name_regex_enabled = False'
INFO: 2026-10-03 21:12:33,720: log_options() 'quota_enabled = True'
INFO: 2026-10-03 21:12:33,721: log_options() 'quota_size = 1000'
INFO: 2026-10-03 21:12:33,721: log_options() 'quotes_authors = '
INFO: 2026-10-03 21:12:33,721: log_options() 'quotes_bg_color = [80, 80, 80]'
INFO: 2026-10-03 21:12:33,721: log_options() 'quotes_bg_opacity = 55'
INFO: 2026-10-03 21:12:33,721: log_options() 'quotes_change_enabled = False'
INFO: 2026-10-03 21:12:33,721: log_options() 'quotes_change_interval = 10'
INFO: 2026-10-03 21:12:33,721: log_options() 'quotes_disabled_sources = ['Urban Dictionary']'
INFO: 2026-10-03 21:12:33,721: log_options() 'quotes_enabled = False'
INFO: 2026-10-03 21:12:33,721: log_options() 'quotes_favorites_file = /home/lunatik/.config/variety/favorite_quotes.txt'
INFO: 2026-10-03 21:12:33,722: log_options() 'quotes_font = Serif 30'
INFO: 2026-10-03 21:12:33,722: log_options() 'quotes_hpos = 100'
INFO: 2026-10-03 21:12:33,722: log_options() 'quotes_max_length = 250'
INFO: 2026-10-03 21:12:33,722: log_options() 'quotes_tags = '
INFO: 2026-10-03 21:12:33,722: log_options() 'quotes_text_color = [237, 51, 59]'
INFO: 2026-10-03 21:12:33,722: log_options() 'quotes_text_shadow = False'
INFO: 2026-10-03 21:12:33,722: log_options() 'quotes_vpos = 40'
INFO: 2026-10-03 21:12:33,722: log_options() 'quotes_width = 70'
INFO: 2026-10-03 21:12:33,722: log_options() 'safe_mode = False'
INFO: 2026-10-03 21:12:33,722: log_options() 'set_lock_screen_script = /home/lunatik/.config/variety/scripts/set_lock_screen'
INFO: 2026-10-03 21:12:33,722: log_options() 'set_wallpaper_script = /home/lunatik/.config/variety/scripts/set_wallpaper'
INFO: 2026-10-03 21:12:33,722: log_options() 'slideshow_custom_enabled = False'
INFO: 2026-10-03 21:12:33,722: log_options() 'slideshow_custom_folder = /home/lunatik/Pictures'
INFO: 2026-10-03 21:12:33,722: log_options() 'slideshow_downloads_enabled = False'
INFO: 2026-10-03 21:12:33,723: log_options() 'slideshow_fade = 0.4'
INFO: 2026-10-03 21:12:33,723: log_options() 'slideshow_favorites_enabled = True'
INFO: 2026-10-03 21:12:33,723: log_options() 'slideshow_mode = Fullscreen'
INFO: 2026-10-03 21:12:33,723: log_options() 'slideshow_monitor = All'
INFO: 2026-10-03 21:12:33,723: log_options() 'slideshow_pan = 0.05'
INFO: 2026-10-03 21:12:33,723: log_options() 'slideshow_seconds = 6.0'
INFO: 2026-10-03 21:12:33,723: log_options() 'slideshow_sort_order = Random'
INFO: 2026-10-03 21:12:33,723: log_options() 'slideshow_sources_enabled = True'
INFO: 2026-10-03 21:12:33,723: log_options() 'slideshow_zoom = 0.2'
INFO: 2026-10-03 21:12:33,723: log_options() 'smart_enabled = False'
INFO: 2026-10-03 21:12:33,723: log_options() 'smart_notice_shown = False'
INFO: 2026-10-03 21:12:33,723: log_options() 'smart_register_shown = False'
INFO: 2026-10-03 21:12:33,723: log_options() 'sources = [[False, 'favorites', 'The Favorites folder'], [False, 'fetched', 'The Fetched folder'], [False, 'apod', "NASA's Astronomy Picture of the Day"], [False, 'bing', 'Bing Photo of the Day'], [False, 'earthview', 'Google Earth View Wallpapers'], [False, 'unsplash', 'High-resolution photos from Unsplash.com'], [True, 'folder', '/home/lunatik/dwm-Gruvbox/wallpapers'], [False, 'flickr', 'user:www.flickr.com/photos/peter-levi/;user_id:93647178@N00;']]'
INFO: 2026-10-03 21:12:33,723: log_options() 'stats_enabled = True'
INFO: 2026-10-03 21:12:33,723: log_options() 'stats_notice_shown = False'
INFO: 2026-10-03 21:12:33,724: log_options() 'sync_enabled = True'
INFO: 2026-10-03 21:12:33,724: log_options() 'use_landscape_enabled = True'
INFO: 2026-10-03 21:12:33,724: log_options() 'wallhaven_api_key = '
INFO: 2026-10-03 21:12:33,724: log_options() 'wallpaper_auto_rotate = False'
INFO: 2026-10-03 21:12:33,724: log_options() 'wallpaper_display_mode = smart'
INFO: 2026-10-03 21:12:33,724: reload_config() 'No need to clear prepared queue'
INFO: 2026-10-03 21:12:33,724: update_indicator() 'Setting file info to: /home/lunatik/dwm-Gruvbox/wallpapers/Nature/forest-2.jpg'
INFO: 2026-10-03 21:12:33,725: prepare_thread() 'Prepared buffer contains 14 images'
INFO: 2026-10-03 21:12:33,826: do_set_wp() 'Calling do_set_wp with /home/lunatik/dwm-Gruvbox/wallpapers/Nature/forest-2.jpg, time: 1791051153.8261409'
INFO: 2026-10-03 21:12:34,068: compute_trimmed_offsets() 'Trimmed offsets debug info: w:1920, h:1080, ratio:1.777778, iw:3840, ih:2160, scw:1920, sch:1080, ho:0, vo:0'
INFO: 2026-10-03 21:12:34,068: build_imagemagick_clock_cmd() 'Applying clock filter: -density 100 -font '/usr/share/fonts/gnu-free/FreeSerif.otf' -pointsize 70 -gravity SouthEast -fill '#00000044' -annotate 0x0+58+108 '21:12' -fill white -annotate 0x0+60+110 '21:12' -font '/usr/share/fonts/gnu-free/FreeSerif.otf' -pointsize 30 -fill '#00000044' -annotate 0x0+58+58 'Saturday, October 03' -fill white -annotate 0x0+60+60 'Saturday, October 03''
INFO: 2026-10-03 21:12:34,068: build_imagemagick_clock_cmd() 'ImageMagick clock args: ['/usr/bin/magick', '/home/lunatik/dwm-Gruvbox/wallpapers/Nature/forest-2.jpg', '-scale', '1920x1080^', '-density', '100', '-font', '/usr/share/fonts/gnu-free/FreeSerif.otf', '-pointsize', '70', '-gravity', 'SouthEast', '-fill', '#00000044', '-annotate', '0x0+58+108', '21:12', '-fill', 'white', '-annotate', '0x0+60+110', '21:12', '-font', '/usr/share/fonts/gnu-free/FreeSerif.otf', '-pointsize', '30', '-fill', '#00000044', '-annotate', '0x0+58+58', 'Saturday, October 03', '-fill', 'white', '-annotate', '0x0+60+60', 'Saturday, October 03', '/home/lunatik/.config/variety/wallpaper/wallpaper-clock-3929dd18bdf8a47c69d7c5129a200a01.jpg']'
INFO: 2026-10-03 21:12:34,117: apply() 'Applying preferences'
ERROR: 2026-10-03 21:12:34,117: get_xdg_pictures_folder() 'Could not get path to Pictures folder. Defaulting to ~/Pictures.'
Traceback (most recent call last):
  File "/usr/lib/python3.14/site-packages/variety/Util.py", line 847, in get_xdg_pictures_folder
    raise Exception("Could not get path to Pictures folder. Defaulting to ~/Pictures.")
Exception: Could not get path to Pictures folder. Defaulting to ~/Pictures.
ERROR: 2026-10-03 21:12:34,120: get_xdg_pictures_folder() 'Could not get path to Pictures folder. Defaulting to ~/Pictures.'
Traceback (most recent call last):
  File "/usr/lib/python3.14/site-packages/variety/Util.py", line 847, in get_xdg_pictures_folder
    raise Exception("Could not get path to Pictures folder. Defaulting to ~/Pictures.")
Exception: Could not get path to Pictures folder. Defaulting to ~/Pictures.
ERROR: 2026-10-03 21:12:34,121: get_xdg_pictures_folder() 'Could not get path to Pictures folder. Defaulting to ~/Pictures.'
Traceback (most recent call last):
  File "/usr/lib/python3.14/site-packages/variety/Util.py", line 847, in get_xdg_pictures_folder
    raise Exception("Could not get path to Pictures folder. Defaulting to ~/Pictures.")
Exception: Could not get path to Pictures folder. Defaulting to ~/Pictures.
ERROR: 2026-10-03 21:12:34,125: get_xdg_pictures_folder() 'Could not get path to Pictures folder. Defaulting to ~/Pictures.'
Traceback (most recent call last):
  File "/usr/lib/python3.14/site-packages/variety/Util.py", line 847, in get_xdg_pictures_folder
    raise Exception("Could not get path to Pictures folder. Defaulting to ~/Pictures.")
Exception: Could not get path to Pictures folder. Defaulting to ~/Pictures.
ERROR: 2026-10-03 21:12:34,127: get_xdg_pictures_folder() 'Could not get path to Pictures folder. Defaulting to ~/Pictures.'
Traceback (most recent call last):
  File "/usr/lib/python3.14/site-packages/variety/Util.py", line 847, in get_xdg_pictures_folder
    raise Exception("Could not get path to Pictures folder. Defaulting to ~/Pictures.")
Exception: Could not get path to Pictures folder. Defaulting to ~/Pictures.
INFO: 2026-10-03 21:12:34,128: set_visible() 'Showing status icon'
INFO: 2026-10-03 21:12:34,129: set_icon() 'Showing status icon image: /usr/lib/python3.14/site-packages/variety/data/media/variety-indicator-dark.png'
INFO: 2026-10-03 21:12:34,129: log_options() 'Loaded options:'
INFO: 2026-10-03 21:12:34,129: log_options() 'change_enabled = True'
INFO: 2026-10-03 21:12:34,129: log_options() 'change_interval = 300'
INFO: 2026-10-03 21:12:34,129: log_options() 'change_lock_screen = False'
INFO: 2026-10-03 21:12:34,129: log_options() 'change_on_start = True'
INFO: 2026-10-03 21:12:34,129: log_options() 'clipboard_enabled = False'
INFO: 2026-10-03 21:12:34,129: log_options() 'clipboard_hosts = ['wallhaven.cc', 'wallpapers.net', 'flickr.com', 'imgur.com', 'deviantart.com', 'interfacelift.com', 'vladstudio.com', 'imageshack.us', 'deviantart.net', 'imageshack.com']'
INFO: 2026-10-03 21:12:34,129: log_options() 'clipboard_use_whitelist = True'
INFO: 2026-10-03 21:12:34,129: log_options() 'clock_date_font = Serif 30'
INFO: 2026-10-03 21:12:34,129: log_options() 'clock_enabled = True'
INFO: 2026-10-03 21:12:34,129: log_options() 'clock_filter = -density 100 -font '%CLOCK_FONT_FILE' -pointsize %CLOCK_FONT_SIZE -gravity SouthEast -fill '#00000044' -annotate 0x0+[%HOFFSET+58]+[%VOFFSET+108] '%H:%M' -fill white -annotate 0x0+[%HOFFSET+60]+[%VOFFSET+110] '%H:%M' -font '%DATE_FONT_FILE' -pointsize %DATE_FONT_SIZE -fill '#00000044' -annotate 0x0+[%HOFFSET+58]+[%VOFFSET+58] '%A, %B %d' -fill white -annotate 0x0+[%HOFFSET+60]+[%VOFFSET+60] '%A, %B %d''
INFO: 2026-10-03 21:12:34,130: log_options() 'clock_font = Serif 70'
INFO: 2026-10-03 21:12:34,130: log_options() 'configfile = /home/lunatik/.config/variety/variety.conf'
INFO: 2026-10-03 21:12:34,130: log_options() 'copyto_enabled = False'
INFO: 2026-10-03 21:12:34,130: log_options() 'copyto_folder = Default'
INFO: 2026-10-03 21:12:34,130: log_options() 'desired_color = [160, 160, 160]'
INFO: 2026-10-03 21:12:34,130: log_options() 'desired_color_enabled = False'
INFO: 2026-10-03 21:12:34,130: log_options() 'download_folder = /home/lunatik/.config/variety/Downloaded'
INFO: 2026-10-03 21:12:34,130: log_options() 'download_preference_ratio = 0.9'
INFO: 2026-10-03 21:12:34,130: log_options() 'favorites_folder = /home/lunatik/.config/variety/Favorites'
INFO: 2026-10-03 21:12:34,130: log_options() 'favorites_operations = [['Downloaded', 'Copy'], ['Fetched', 'Move'], ['Others', 'Copy']]'
INFO: 2026-10-03 21:12:34,130: log_options() 'fetched_folder = /home/lunatik/.config/variety/Fetched'
INFO: 2026-10-03 21:12:34,130: log_options() 'filters = [[True, 'Keep original', ''], [False, 'Grayscale', '-type Grayscale'], [False, 'Heavy blur', '-scale 20% -blur 0x10 -resize 500%'], [False, 'Soft blur', '-scale 20% -blur 0x2 -resize 500%'], [False, 'Oil painting', '-paint 8'], [False, 'Pointilism', '-spread 10 -noise 3'], [False, 'Pixellate', '-scale 3% -scale 3333%']]'
INFO: 2026-10-03 21:12:34,130: log_options() 'get_wallpaper_script = /home/lunatik/.config/variety/scripts/get_wallpaper'
INFO: 2026-10-03 21:12:34,130: log_options() 'icon = Dark'
INFO: 2026-10-03 21:12:34,130: log_options() 'internet_enabled = False'
INFO: 2026-10-03 21:12:34,130: log_options() 'lightness_enabled = False'
INFO: 2026-10-03 21:12:34,131: log_options() 'lightness_mode = 0'
INFO: 2026-10-03 21:12:34,131: log_options() 'min_rating = 4'
INFO: 2026-10-03 21:12:34,131: log_options() 'min_rating_enabled = False'
INFO: 2026-10-03 21:12:34,131: log_options() 'min_size = 80'
INFO: 2026-10-03 21:12:34,131: log_options() 'min_size_enabled = False'
INFO: 2026-10-03 21:12:34,131: log_options() 'name_regex = .*'
INFO: 2026-10-03 21:12:34,131: log_options() 'name_regex_enabled = False'
INFO: 2026-10-03 21:12:34,131: log_options() 'quota_enabled = True'
INFO: 2026-10-03 21:12:34,131: log_options() 'quota_size = 1000'
INFO: 2026-10-03 21:12:34,131: log_options() 'quotes_authors = '
INFO: 2026-10-03 21:12:34,131: log_options() 'quotes_bg_color = [80, 80, 80]'
INFO: 2026-10-03 21:12:34,131: log_options() 'quotes_bg_opacity = 55'
INFO: 2026-10-03 21:12:34,131: log_options() 'quotes_change_enabled = False'
INFO: 2026-10-03 21:12:34,131: log_options() 'quotes_change_interval = 10'
INFO: 2026-10-03 21:12:34,131: log_options() 'quotes_disabled_sources = ['Urban Dictionary']'
INFO: 2026-10-03 21:12:34,131: log_options() 'quotes_enabled = False'
INFO: 2026-10-03 21:12:34,131: log_options() 'quotes_favorites_file = /home/lunatik/.config/variety/favorite_quotes.txt'
INFO: 2026-10-03 21:12:34,131: log_options() 'quotes_font = Serif 30'
INFO: 2026-10-03 21:12:34,131: log_options() 'quotes_hpos = 100'
INFO: 2026-10-03 21:12:34,131: log_options() 'quotes_max_length = 250'
INFO: 2026-10-03 21:12:34,131: log_options() 'quotes_tags = '
INFO: 2026-10-03 21:12:34,132: log_options() 'quotes_text_color = [237, 51, 59]'
INFO: 2026-10-03 21:12:34,132: log_options() 'quotes_text_shadow = False'
INFO: 2026-10-03 21:12:34,132: log_options() 'quotes_vpos = 40'
INFO: 2026-10-03 21:12:34,132: log_options() 'quotes_width = 70'
INFO: 2026-10-03 21:12:34,132: log_options() 'safe_mode = False'
INFO: 2026-10-03 21:12:34,132: log_options() 'set_lock_screen_script = /home/lunatik/.config/variety/scripts/set_lock_screen'
INFO: 2026-10-03 21:12:34,132: log_options() 'set_wallpaper_script = /home/lunatik/.config/variety/scripts/set_wallpaper'
INFO: 2026-10-03 21:12:34,132: log_options() 'slideshow_custom_enabled = False'
INFO: 2026-10-03 21:12:34,132: log_options() 'slideshow_custom_folder = /home/lunatik/Pictures'
INFO: 2026-10-03 21:12:34,132: log_options() 'slideshow_downloads_enabled = False'
INFO: 2026-10-03 21:12:34,132: log_options() 'slideshow_fade = 0.4'
INFO: 2026-10-03 21:12:34,132: log_options() 'slideshow_favorites_enabled = True'
INFO: 2026-10-03 21:12:34,132: log_options() 'slideshow_mode = Fullscreen'
INFO: 2026-10-03 21:12:34,132: log_options() 'slideshow_monitor = All'
INFO: 2026-10-03 21:12:34,132: log_options() 'slideshow_pan = 0.05'
INFO: 2026-10-03 21:12:34,132: log_options() 'slideshow_seconds = 6.0'
INFO: 2026-10-03 21:12:34,132: log_options() 'slideshow_sort_order = Random'
INFO: 2026-10-03 21:12:34,132: log_options() 'slideshow_sources_enabled = True'
INFO: 2026-10-03 21:12:34,133: log_options() 'slideshow_zoom = 0.2'
INFO: 2026-10-03 21:12:34,133: log_options() 'smart_enabled = False'
INFO: 2026-10-03 21:12:34,133: log_options() 'smart_notice_shown = False'
INFO: 2026-10-03 21:12:34,133: log_options() 'smart_register_shown = False'
INFO: 2026-10-03 21:12:34,133: log_options() 'sources = [[False, 'favorites', 'The Favorites folder'], [False, 'fetched', 'The Fetched folder'], [False, 'apod', "NASA's Astronomy Picture of the Day"], [False, 'bing', 'Bing Photo of the Day'], [False, 'earthview', 'Google Earth View Wallpapers'], [False, 'unsplash', 'High-resolution photos from Unsplash.com'], [True, 'folder', '/home/lunatik/dwm-Gruvbox/wallpapers'], [False, 'flickr', 'user:www.flickr.com/photos/peter-levi/;user_id:93647178@N00;']]'
INFO: 2026-10-03 21:12:34,133: log_options() 'stats_enabled = True'
INFO: 2026-10-03 21:12:34,133: log_options() 'stats_notice_shown = False'
INFO: 2026-10-03 21:12:34,133: log_options() 'sync_enabled = True'
INFO: 2026-10-03 21:12:34,133: log_options() 'use_landscape_enabled = True'
INFO: 2026-10-03 21:12:34,133: log_options() 'wallhaven_api_key = '
INFO: 2026-10-03 21:12:34,133: log_options() 'wallpaper_auto_rotate = False'
INFO: 2026-10-03 21:12:34,133: log_options() 'wallpaper_display_mode = smart'
INFO: 2026-10-03 21:12:34,133: reload_config() 'No need to clear prepared queue'
INFO: 2026-10-03 21:12:34,133: update_indicator() 'Setting file info to: /home/lunatik/dwm-Gruvbox/wallpapers/Nature/forest-2.jpg'
INFO: 2026-10-03 21:12:34,135: prepare_thread() 'Prepared buffer contains 14 images'
INFO: 2026-10-03 21:12:34,610: update_indicator() 'Setting file info to: /home/lunatik/dwm-Gruvbox/wallpapers/Nature/forest-2.jpg'
INFO: 2026-10-03 21:12:34,826: do_set_wp() 'Calling do_set_wp with /home/lunatik/dwm-Gruvbox/wallpapers/Nature/forest-2.jpg, time: 1791051154.82656'
INFO: 2026-10-03 21:12:35,059: compute_trimmed_offsets() 'Trimmed offsets debug info: w:1920, h:1080, ratio:1.777778, iw:3840, ih:2160, scw:1920, sch:1080, ho:0, vo:0'
INFO: 2026-10-03 21:12:35,060: build_imagemagick_clock_cmd() 'Applying clock filter: -density 100 -font '/usr/share/fonts/gnu-free/FreeSerif.otf' -pointsize 70 -gravity SouthEast -fill '#00000044' -annotate 0x0+58+108 '21:12' -fill white -annotate 0x0+60+110 '21:12' -font '/usr/share/fonts/gnu-free/FreeSerif.otf' -pointsize 30 -fill '#00000044' -annotate 0x0+58+58 'Saturday, October 03' -fill white -annotate 0x0+60+60 'Saturday, October 03''
INFO: 2026-10-03 21:12:35,060: build_imagemagick_clock_cmd() 'ImageMagick clock args: ['/usr/bin/magick', '/home/lunatik/dwm-Gruvbox/wallpapers/Nature/forest-2.jpg', '-scale', '1920x1080^', '-density', '100', '-font', '/usr/share/fonts/gnu-free/FreeSerif.otf', '-pointsize', '70', '-gravity', 'SouthEast', '-fill', '#00000044', '-annotate', '0x0+58+108', '21:12', '-fill', 'white', '-annotate', '0x0+60+110', '21:12', '-font', '/usr/share/fonts/gnu-free/FreeSerif.otf', '-pointsize', '30', '-fill', '#00000044', '-annotate', '0x0+58+58', 'Saturday, October 03', '-fill', 'white', '-annotate', '0x0+60+60', 'Saturday, October 03', '/home/lunatik/.config/variety/wallpaper/wallpaper-clock-b1e8bad6c67ac2e037d15addebbbc71d.jpg']'
INFO: 2026-10-03 21:12:35,599: update_indicator() 'Setting file info to: /home/lunatik/dwm-Gruvbox/wallpapers/Nature/forest-2.jpg'
INFO: 2026-10-03 21:12:35,726: trigger_download() 'Triggering download thread to check if download needed and possible'
INFO: 2026-10-03 21:12:36,135: trigger_download() 'Triggering download thread to check if download needed and possible'
INFO: 2026-10-03 21:12:37,346: apply() 'Applying preferences'
ERROR: 2026-10-03 21:12:37,346: get_xdg_pictures_folder() 'Could not get path to Pictures folder. Defaulting to ~/Pictures.'
Traceback (most recent call last):
  File "/usr/lib/python3.14/site-packages/variety/Util.py", line 847, in get_xdg_pictures_folder
    raise Exception("Could not get path to Pictures folder. Defaulting to ~/Pictures.")
Exception: Could not get path to Pictures folder. Defaulting to ~/Pictures.
ERROR: 2026-10-03 21:12:37,351: get_xdg_pictures_folder() 'Could not get path to Pictures folder. Defaulting to ~/Pictures.'
Traceback (most recent call last):
  File "/usr/lib/python3.14/site-packages/variety/Util.py", line 847, in get_xdg_pictures_folder
    raise Exception("Could not get path to Pictures folder. Defaulting to ~/Pictures.")
Exception: Could not get path to Pictures folder. Defaulting to ~/Pictures.
ERROR: 2026-10-03 21:12:37,353: get_xdg_pictures_folder() 'Could not get path to Pictures folder. Defaulting to ~/Pictures.'
Traceback (most recent call last):
  File "/usr/lib/python3.14/site-packages/variety/Util.py", line 847, in get_xdg_pictures_folder
    raise Exception("Could not get path to Pictures folder. Defaulting to ~/Pictures.")
Exception: Could not get path to Pictures folder. Defaulting to ~/Pictures.
ERROR: 2026-10-03 21:12:37,360: get_xdg_pictures_folder() 'Could not get path to Pictures folder. Defaulting to ~/Pictures.'
Traceback (most recent call last):
  File "/usr/lib/python3.14/site-packages/variety/Util.py", line 847, in get_xdg_pictures_folder
    raise Exception("Could not get path to Pictures folder. Defaulting to ~/Pictures.")
Exception: Could not get path to Pictures folder. Defaulting to ~/Pictures.
ERROR: 2026-10-03 21:12:37,364: get_xdg_pictures_folder() 'Could not get path to Pictures folder. Defaulting to ~/Pictures.'
Traceback (most recent call last):
  File "/usr/lib/python3.14/site-packages/variety/Util.py", line 847, in get_xdg_pictures_folder
    raise Exception("Could not get path to Pictures folder. Defaulting to ~/Pictures.")
Exception: Could not get path to Pictures folder. Defaulting to ~/Pictures.
INFO: 2026-10-03 21:12:37,366: log_options() 'Loaded options:'
INFO: 2026-10-03 21:12:37,367: log_options() 'change_enabled = True'
INFO: 2026-10-03 21:12:37,367: log_options() 'change_interval = 300'
INFO: 2026-10-03 21:12:37,367: log_options() 'change_lock_screen = False'
INFO: 2026-10-03 21:12:37,367: log_options() 'change_on_start = False'
INFO: 2026-10-03 21:12:37,367: log_options() 'clipboard_enabled = False'
INFO: 2026-10-03 21:12:37,367: log_options() 'clipboard_hosts = ['wallhaven.cc', 'wallpapers.net', 'flickr.com', 'imgur.com', 'deviantart.com', 'interfacelift.com', 'vladstudio.com', 'imageshack.us', 'deviantart.net', 'imageshack.com']'
INFO: 2026-10-03 21:12:37,367: log_options() 'clipboard_use_whitelist = True'
INFO: 2026-10-03 21:12:37,367: log_options() 'clock_date_font = Serif 30'
INFO: 2026-10-03 21:12:37,367: log_options() 'clock_enabled = True'
INFO: 2026-10-03 21:12:37,367: log_options() 'clock_filter = -density 100 -font '%CLOCK_FONT_FILE' -pointsize %CLOCK_FONT_SIZE -gravity SouthEast -fill '#00000044' -annotate 0x0+[%HOFFSET+58]+[%VOFFSET+108] '%H:%M' -fill white -annotate 0x0+[%HOFFSET+60]+[%VOFFSET+110] '%H:%M' -font '%DATE_FONT_FILE' -pointsize %DATE_FONT_SIZE -fill '#00000044' -annotate 0x0+[%HOFFSET+58]+[%VOFFSET+58] '%A, %B %d' -fill white -annotate 0x0+[%HOFFSET+60]+[%VOFFSET+60] '%A, %B %d''
INFO: 2026-10-03 21:12:37,368: log_options() 'clock_font = Serif 70'
INFO: 2026-10-03 21:12:37,368: log_options() 'configfile = /home/lunatik/.config/variety/variety.conf'
INFO: 2026-10-03 21:12:37,368: log_options() 'copyto_enabled = False'
INFO: 2026-10-03 21:12:37,368: log_options() 'copyto_folder = Default'
INFO: 2026-10-03 21:12:37,368: log_options() 'desired_color = [160, 160, 160]'
INFO: 2026-10-03 21:12:37,368: log_options() 'desired_color_enabled = False'
INFO: 2026-10-03 21:12:37,369: log_options() 'download_folder = /home/lunatik/.config/variety/Downloaded'
INFO: 2026-10-03 21:12:37,369: log_options() 'download_preference_ratio = 0.9'
INFO: 2026-10-03 21:12:37,369: log_options() 'favorites_folder = /home/lunatik/.config/variety/Favorites'
INFO: 2026-10-03 21:12:37,369: log_options() 'favorites_operations = [['Downloaded', 'Copy'], ['Fetched', 'Move'], ['Others', 'Copy']]'
INFO: 2026-10-03 21:12:37,369: log_options() 'fetched_folder = /home/lunatik/.config/variety/Fetched'
INFO: 2026-10-03 21:12:37,369: log_options() 'filters = [[True, 'Keep original', ''], [False, 'Grayscale', '-type Grayscale'], [False, 'Heavy blur', '-scale 20% -blur 0x10 -resize 500%'], [False, 'Soft blur', '-scale 20% -blur 0x2 -resize 500%'], [False, 'Oil painting', '-paint 8'], [False, 'Pointilism', '-spread 10 -noise 3'], [False, 'Pixellate', '-scale 3% -scale 3333%']]'
INFO: 2026-10-03 21:12:37,369: log_options() 'get_wallpaper_script = /home/lunatik/.config/variety/scripts/get_wallpaper'
INFO: 2026-10-03 21:12:37,369: log_options() 'icon = Dark'
INFO: 2026-10-03 21:12:37,369: log_options() 'internet_enabled = False'
INFO: 2026-10-03 21:12:37,369: log_options() 'lightness_enabled = False'
INFO: 2026-10-03 21:12:37,370: log_options() 'lightness_mode = 0'
INFO: 2026-10-03 21:12:37,370: log_options() 'min_rating = 4'
INFO: 2026-10-03 21:12:37,370: log_options() 'min_rating_enabled = False'
INFO: 2026-10-03 21:12:37,370: log_options() 'min_size = 80'
INFO: 2026-10-03 21:12:37,370: log_options() 'min_size_enabled = False'
INFO: 2026-10-03 21:12:37,368: set_visible() 'Showing status icon'
INFO: 2026-10-03 21:12:37,370: log_options() 'name_regex = .*'
INFO: 2026-10-03 21:12:37,371: log_options() 'name_regex_enabled = False'
INFO: 2026-10-03 21:12:37,371: log_options() 'quota_enabled = True'
INFO: 2026-10-03 21:12:37,371: log_options() 'quota_size = 1000'
INFO: 2026-10-03 21:12:37,371: log_options() 'quotes_authors = '
INFO: 2026-10-03 21:12:37,371: log_options() 'quotes_bg_color = [80, 80, 80]'
INFO: 2026-10-03 21:12:37,371: log_options() 'quotes_bg_opacity = 55'
INFO: 2026-10-03 21:12:37,372: log_options() 'quotes_change_enabled = False'
INFO: 2026-10-03 21:12:37,372: log_options() 'quotes_change_interval = 10'
INFO: 2026-10-03 21:12:37,372: log_options() 'quotes_disabled_sources = ['Urban Dictionary']'
INFO: 2026-10-03 21:12:37,372: log_options() 'quotes_enabled = False'
INFO: 2026-10-03 21:12:37,372: log_options() 'quotes_favorites_file = /home/lunatik/.config/variety/favorite_quotes.txt'
INFO: 2026-10-03 21:12:37,372: log_options() 'quotes_font = Serif 30'
INFO: 2026-10-03 21:12:37,372: log_options() 'quotes_hpos = 100'
INFO: 2026-10-03 21:12:37,372: log_options() 'quotes_max_length = 250'
INFO: 2026-10-03 21:12:37,372: log_options() 'quotes_tags = '
INFO: 2026-10-03 21:12:37,372: log_options() 'quotes_text_color = [237, 51, 59]'
INFO: 2026-10-03 21:12:37,372: log_options() 'quotes_text_shadow = False'
INFO: 2026-10-03 21:12:37,373: log_options() 'quotes_vpos = 40'
INFO: 2026-10-03 21:12:37,373: log_options() 'quotes_width = 70'
INFO: 2026-10-03 21:12:37,373: log_options() 'safe_mode = False'
INFO: 2026-10-03 21:12:37,373: log_options() 'set_lock_screen_script = /home/lunatik/.config/variety/scripts/set_lock_screen'
INFO: 2026-10-03 21:12:37,373: log_options() 'set_wallpaper_script = /home/lunatik/.config/variety/scripts/set_wallpaper'
INFO: 2026-10-03 21:12:37,373: log_options() 'slideshow_custom_enabled = False'
INFO: 2026-10-03 21:12:37,373: log_options() 'slideshow_custom_folder = /home/lunatik/Pictures'
INFO: 2026-10-03 21:12:37,373: log_options() 'slideshow_downloads_enabled = False'
INFO: 2026-10-03 21:12:37,373: log_options() 'slideshow_fade = 0.4'
INFO: 2026-10-03 21:12:37,373: log_options() 'slideshow_favorites_enabled = True'
INFO: 2026-10-03 21:12:37,371: set_icon() 'Showing status icon image: /usr/lib/python3.14/site-packages/variety/data/media/variety-indicator-dark.png'
INFO: 2026-10-03 21:12:37,373: log_options() 'slideshow_mode = Fullscreen'
INFO: 2026-10-03 21:12:37,374: log_options() 'slideshow_monitor = All'
INFO: 2026-10-03 21:12:37,374: log_options() 'slideshow_pan = 0.05'
INFO: 2026-10-03 21:12:37,374: log_options() 'slideshow_seconds = 6.0'
INFO: 2026-10-03 21:12:37,374: log_options() 'slideshow_sort_order = Random'
INFO: 2026-10-03 21:12:37,374: log_options() 'slideshow_sources_enabled = True'
INFO: 2026-10-03 21:12:37,374: log_options() 'slideshow_zoom = 0.2'
INFO: 2026-10-03 21:12:37,374: log_options() 'smart_enabled = False'
INFO: 2026-10-03 21:12:37,374: log_options() 'smart_notice_shown = False'
INFO: 2026-10-03 21:12:37,374: log_options() 'smart_register_shown = False'
INFO: 2026-10-03 21:12:37,374: log_options() 'sources = [[False, 'favorites', 'The Favorites folder'], [False, 'fetched', 'The Fetched folder'], [False, 'apod', "NASA's Astronomy Picture of the Day"], [False, 'bing', 'Bing Photo of the Day'], [False, 'earthview', 'Google Earth View Wallpapers'], [False, 'unsplash', 'High-resolution photos from Unsplash.com'], [True, 'folder', '/home/lunatik/dwm-Gruvbox/wallpapers'], [False, 'flickr', 'user:www.flickr.com/photos/peter-levi/;user_id:93647178@N00;']]'
INFO: 2026-10-03 21:12:37,374: log_options() 'stats_enabled = True'
INFO: 2026-10-03 21:12:37,375: log_options() 'stats_notice_shown = False'
INFO: 2026-10-03 21:12:37,375: log_options() 'sync_enabled = True'
INFO: 2026-10-03 21:12:37,375: log_options() 'use_landscape_enabled = True'
INFO: 2026-10-03 21:12:37,375: log_options() 'wallhaven_api_key = '
INFO: 2026-10-03 21:12:37,375: log_options() 'wallpaper_auto_rotate = False'
INFO: 2026-10-03 21:12:37,375: log_options() 'wallpaper_display_mode = smart'
INFO: 2026-10-03 21:12:37,375: reload_config() 'No need to clear prepared queue'
INFO: 2026-10-03 21:12:37,375: update_indicator() 'Setting file info to: /home/lunatik/dwm-Gruvbox/wallpapers/Nature/forest-2.jpg'
INFO: 2026-10-03 21:12:37,376: prepare_thread() 'Prepared buffer contains 14 images'
INFO: 2026-10-03 21:12:37,477: do_set_wp() 'Calling do_set_wp with /home/lunatik/dwm-Gruvbox/wallpapers/Nature/forest-2.jpg, time: 1791051157.4772806'
INFO: 2026-10-03 21:12:37,720: compute_trimmed_offsets() 'Trimmed offsets debug info: w:1920, h:1080, ratio:1.777778, iw:3840, ih:2160, scw:1920, sch:1080, ho:0, vo:0'
INFO: 2026-10-03 21:12:37,720: build_imagemagick_clock_cmd() 'Applying clock filter: -density 100 -font '/usr/share/fonts/gnu-free/FreeSerif.otf' -pointsize 70 -gravity SouthEast -fill '#00000044' -annotate 0x0+58+108 '21:12' -fill white -annotate 0x0+60+110 '21:12' -font '/usr/share/fonts/gnu-free/FreeSerif.otf' -pointsize 30 -fill '#00000044' -annotate 0x0+58+58 'Saturday, October 03' -fill white -annotate 0x0+60+60 'Saturday, October 03''
INFO: 2026-10-03 21:12:37,720: build_imagemagick_clock_cmd() 'ImageMagick clock args: ['/usr/bin/magick', '/home/lunatik/dwm-Gruvbox/wallpapers/Nature/forest-2.jpg', '-scale', '1920x1080^', '-density', '100', '-font', '/usr/share/fonts/gnu-free/FreeSerif.otf', '-pointsize', '70', '-gravity', 'SouthEast', '-fill', '#00000044', '-annotate', '0x0+58+108', '21:12', '-fill', 'white', '-annotate', '0x0+60+110', '21:12', '-font', '/usr/share/fonts/gnu-free/FreeSerif.otf', '-pointsize', '30', '-fill', '#00000044', '-annotate', '0x0+58+58', 'Saturday, October 03', '-fill', 'white', '-annotate', '0x0+60+60', 'Saturday, October 03', '/home/lunatik/.config/variety/wallpaper/wallpaper-clock-7f0f3530e067465129d0e3185e32f076.jpg']'
INFO: 2026-10-03 21:12:38,281: update_indicator() 'Setting file info to: /home/lunatik/dwm-Gruvbox/wallpapers/Nature/forest-2.jpg'
INFO: 2026-10-03 21:12:39,377: trigger_download() 'Triggering download thread to check if download needed and possible'
INFO: 2026-10-03 21:13:00,412: clock_thread_method() 'clock_thread updates wallpaper'
INFO: 2026-10-03 21:13:00,413: do_set_wp() 'Calling do_set_wp with /home/lunatik/dwm-Gruvbox/wallpapers/Nature/forest-2.jpg, time: 1791051180.413371'
INFO: 2026-10-03 21:13:00,676: compute_trimmed_offsets() 'Trimmed offsets debug info: w:1920, h:1080, ratio:1.777778, iw:3840, ih:2160, scw:1920, sch:1080, ho:0, vo:0'
INFO: 2026-10-03 21:13:00,677: build_imagemagick_clock_cmd() 'Applying clock filter: -density 100 -font '/usr/share/fonts/gnu-free/FreeSerif.otf' -pointsize 70 -gravity SouthEast -fill '#00000044' -annotate 0x0+58+108 '21:13' -fill white -annotate 0x0+60+110 '21:13' -font '/usr/share/fonts/gnu-free/FreeSerif.otf' -pointsize 30 -fill '#00000044' -annotate 0x0+58+58 'Saturday, October 03' -fill white -annotate 0x0+60+60 'Saturday, October 03''
INFO: 2026-10-03 21:13:00,677: build_imagemagick_clock_cmd() 'ImageMagick clock args: ['/usr/bin/magick', '/home/lunatik/dwm-Gruvbox/wallpapers/Nature/forest-2.jpg', '-scale', '1920x1080^', '-density', '100', '-font', '/usr/share/fonts/gnu-free/FreeSerif.otf', '-pointsize', '70', '-gravity', 'SouthEast', '-fill', '#00000044', '-annotate', '0x0+58+108', '21:13', '-fill', 'white', '-annotate', '0x0+60+110', '21:13', '-font', '/usr/share/fonts/gnu-free/FreeSerif.otf', '-pointsize', '30', '-fill', '#00000044', '-annotate', '0x0+58+58', 'Saturday, October 03', '-fill', 'white', '-annotate', '0x0+60+60', 'Saturday, October 03', '/home/lunatik/.config/variety/wallpaper/wallpaper-clock-eedd5b0c7731513df855f6feba3e2077.jpg']'
INFO: 2026-10-03 21:13:01,282: update_indicator() 'Setting file info to: /home/lunatik/dwm-Gruvbox/wallpapers/Nature/forest-2.jpg'
INFO: 2026-10-03 21:13:36,823: apply() 'Applying preferences'
ERROR: 2026-10-03 21:13:36,824: get_xdg_pictures_folder() 'Could not get path to Pictures folder. Defaulting to ~/Pictures.'
Traceback (most recent call last):
  File "/usr/lib/python3.14/site-packages/variety/Util.py", line 847, in get_xdg_pictures_folder
    raise Exception("Could not get path to Pictures folder. Defaulting to ~/Pictures.")
Exception: Could not get path to Pictures folder. Defaulting to ~/Pictures.
ERROR: 2026-10-03 21:13:36,833: get_xdg_pictures_folder() 'Could not get path to Pictures folder. Defaulting to ~/Pictures.'
Traceback (most recent call last):
  File "/usr/lib/python3.14/site-packages/variety/Util.py", line 847, in get_xdg_pictures_folder
    raise Exception("Could not get path to Pictures folder. Defaulting to ~/Pictures.")
Exception: Could not get path to Pictures folder. Defaulting to ~/Pictures.
ERROR: 2026-10-03 21:13:36,838: get_xdg_pictures_folder() 'Could not get path to Pictures folder. Defaulting to ~/Pictures.'
Traceback (most recent call last):
  File "/usr/lib/python3.14/site-packages/variety/Util.py", line 847, in get_xdg_pictures_folder
    raise Exception("Could not get path to Pictures folder. Defaulting to ~/Pictures.")
Exception: Could not get path to Pictures folder. Defaulting to ~/Pictures.
ERROR: 2026-10-03 21:13:36,850: get_xdg_pictures_folder() 'Could not get path to Pictures folder. Defaulting to ~/Pictures.'
Traceback (most recent call last):
  File "/usr/lib/python3.14/site-packages/variety/Util.py", line 847, in get_xdg_pictures_folder
    raise Exception("Could not get path to Pictures folder. Defaulting to ~/Pictures.")
Exception: Could not get path to Pictures folder. Defaulting to ~/Pictures.
ERROR: 2026-10-03 21:13:36,856: get_xdg_pictures_folder() 'Could not get path to Pictures folder. Defaulting to ~/Pictures.'
Traceback (most recent call last):
  File "/usr/lib/python3.14/site-packages/variety/Util.py", line 847, in get_xdg_pictures_folder
    raise Exception("Could not get path to Pictures folder. Defaulting to ~/Pictures.")
Exception: Could not get path to Pictures folder. Defaulting to ~/Pictures.
INFO: 2026-10-03 21:13:36,858: set_visible() 'Showing status icon'
INFO: 2026-10-03 21:13:36,859: log_options() 'Loaded options:'
INFO: 2026-10-03 21:13:36,859: log_options() 'change_enabled = True'
INFO: 2026-10-03 21:13:36,859: log_options() 'change_interval = 300'
INFO: 2026-10-03 21:13:36,859: log_options() 'change_lock_screen = False'
INFO: 2026-10-03 21:13:36,859: log_options() 'change_on_start = False'
INFO: 2026-10-03 21:13:36,860: log_options() 'clipboard_enabled = False'
INFO: 2026-10-03 21:13:36,860: log_options() 'clipboard_hosts = ['wallhaven.cc', 'wallpapers.net', 'flickr.com', 'imgur.com', 'deviantart.com', 'interfacelift.com', 'vladstudio.com', 'imageshack.us', 'deviantart.net', 'imageshack.com']'
INFO: 2026-10-03 21:13:36,860: log_options() 'clipboard_use_whitelist = True'
INFO: 2026-10-03 21:13:36,860: log_options() 'clock_date_font = JetBrainsMonoNL Nerd Font Propo Bold Italic 30'
INFO: 2026-10-03 21:13:36,860: log_options() 'clock_enabled = True'
INFO: 2026-10-03 21:13:36,860: log_options() 'clock_filter = -density 100 -font '%CLOCK_FONT_FILE' -pointsize %CLOCK_FONT_SIZE -gravity SouthEast -fill '#00000044' -annotate 0x0+[%HOFFSET+58]+[%VOFFSET+108] '%H:%M' -fill white -annotate 0x0+[%HOFFSET+60]+[%VOFFSET+110] '%H:%M' -font '%DATE_FONT_FILE' -pointsize %DATE_FONT_SIZE -fill '#00000044' -annotate 0x0+[%HOFFSET+58]+[%VOFFSET+58] '%A, %B %d' -fill white -annotate 0x0+[%HOFFSET+60]+[%VOFFSET+60] '%A, %B %d''
INFO: 2026-10-03 21:13:36,860: log_options() 'clock_font = Serif 70'
INFO: 2026-10-03 21:13:36,860: log_options() 'configfile = /home/lunatik/.config/variety/variety.conf'
INFO: 2026-10-03 21:13:36,860: log_options() 'copyto_enabled = False'
INFO: 2026-10-03 21:13:36,860: log_options() 'copyto_folder = Default'
INFO: 2026-10-03 21:13:36,860: log_options() 'desired_color = [160, 160, 160]'
INFO: 2026-10-03 21:13:36,860: log_options() 'desired_color_enabled = False'
INFO: 2026-10-03 21:13:36,860: log_options() 'download_folder = /home/lunatik/.config/variety/Downloaded'
INFO: 2026-10-03 21:13:36,860: log_options() 'download_preference_ratio = 0.9'
INFO: 2026-10-03 21:13:36,860: log_options() 'favorites_folder = /home/lunatik/.config/variety/Favorites'
INFO: 2026-10-03 21:13:36,860: log_options() 'favorites_operations = [['Downloaded', 'Copy'], ['Fetched', 'Move'], ['Others', 'Copy']]'
INFO: 2026-10-03 21:13:36,860: log_options() 'fetched_folder = /home/lunatik/.config/variety/Fetched'
INFO: 2026-10-03 21:13:36,860: log_options() 'filters = [[True, 'Keep original', ''], [False, 'Grayscale', '-type Grayscale'], [False, 'Heavy blur', '-scale 20% -blur 0x10 -resize 500%'], [False, 'Soft blur', '-scale 20% -blur 0x2 -resize 500%'], [False, 'Oil painting', '-paint 8'], [False, 'Pointilism', '-spread 10 -noise 3'], [False, 'Pixellate', '-scale 3% -scale 3333%']]'
INFO: 2026-10-03 21:13:36,861: log_options() 'get_wallpaper_script = /home/lunatik/.config/variety/scripts/get_wallpaper'
INFO: 2026-10-03 21:13:36,861: log_options() 'icon = Dark'
INFO: 2026-10-03 21:13:36,861: log_options() 'internet_enabled = False'
INFO: 2026-10-03 21:13:36,861: log_options() 'lightness_enabled = False'
INFO: 2026-10-03 21:13:36,861: log_options() 'lightness_mode = 0'
INFO: 2026-10-03 21:13:36,861: log_options() 'min_rating = 4'
INFO: 2026-10-03 21:13:36,861: log_options() 'min_rating_enabled = False'
INFO: 2026-10-03 21:13:36,859: set_icon() 'Showing status icon image: /usr/lib/python3.14/site-packages/variety/data/media/variety-indicator-dark.png'
INFO: 2026-10-03 21:13:36,861: log_options() 'min_size = 80'
INFO: 2026-10-03 21:13:36,861: log_options() 'min_size_enabled = False'
INFO: 2026-10-03 21:13:36,861: log_options() 'name_regex = .*'
INFO: 2026-10-03 21:13:36,861: log_options() 'name_regex_enabled = False'
INFO: 2026-10-03 21:13:36,861: log_options() 'quota_enabled = True'
INFO: 2026-10-03 21:13:36,861: log_options() 'quota_size = 1000'
INFO: 2026-10-03 21:13:36,861: log_options() 'quotes_authors = '
INFO: 2026-10-03 21:13:36,861: log_options() 'quotes_bg_color = [80, 80, 80]'
INFO: 2026-10-03 21:13:36,861: log_options() 'quotes_bg_opacity = 55'
INFO: 2026-10-03 21:13:36,862: log_options() 'quotes_change_enabled = False'
INFO: 2026-10-03 21:13:36,862: log_options() 'quotes_change_interval = 10'
INFO: 2026-10-03 21:13:36,862: log_options() 'quotes_disabled_sources = ['Urban Dictionary']'
INFO: 2026-10-03 21:13:36,862: log_options() 'quotes_enabled = False'
INFO: 2026-10-03 21:13:36,862: log_options() 'quotes_favorites_file = /home/lunatik/.config/variety/favorite_quotes.txt'
INFO: 2026-10-03 21:13:36,862: log_options() 'quotes_font = Serif 30'
INFO: 2026-10-03 21:13:36,862: log_options() 'quotes_hpos = 100'
INFO: 2026-10-03 21:13:36,862: log_options() 'quotes_max_length = 250'
INFO: 2026-10-03 21:13:36,862: log_options() 'quotes_tags = '
INFO: 2026-10-03 21:13:36,862: log_options() 'quotes_text_color = [237, 51, 59]'
INFO: 2026-10-03 21:13:36,862: log_options() 'quotes_text_shadow = False'
INFO: 2026-10-03 21:13:36,862: log_options() 'quotes_vpos = 40'
INFO: 2026-10-03 21:13:36,862: log_options() 'quotes_width = 70'
INFO: 2026-10-03 21:13:36,862: log_options() 'safe_mode = False'
INFO: 2026-10-03 21:13:36,862: log_options() 'set_lock_screen_script = /home/lunatik/.config/variety/scripts/set_lock_screen'
INFO: 2026-10-03 21:13:36,862: log_options() 'set_wallpaper_script = /home/lunatik/.config/variety/scripts/set_wallpaper'
INFO: 2026-10-03 21:13:36,862: log_options() 'slideshow_custom_enabled = False'
INFO: 2026-10-03 21:13:36,866: log_options() 'slideshow_custom_folder = /home/lunatik/Pictures'
INFO: 2026-10-03 21:13:36,867: log_options() 'slideshow_downloads_enabled = False'
INFO: 2026-10-03 21:13:36,867: log_options() 'slideshow_fade = 0.4'
INFO: 2026-10-03 21:13:36,867: log_options() 'slideshow_favorites_enabled = True'
INFO: 2026-10-03 21:13:36,867: log_options() 'slideshow_mode = Fullscreen'
INFO: 2026-10-03 21:13:36,867: log_options() 'slideshow_monitor = All'
INFO: 2026-10-03 21:13:36,867: log_options() 'slideshow_pan = 0.05'
INFO: 2026-10-03 21:13:36,867: log_options() 'slideshow_seconds = 6.0'
INFO: 2026-10-03 21:13:36,867: log_options() 'slideshow_sort_order = Random'
INFO: 2026-10-03 21:13:36,867: log_options() 'slideshow_sources_enabled = True'
INFO: 2026-10-03 21:13:36,867: log_options() 'slideshow_zoom = 0.2'
INFO: 2026-10-03 21:13:36,867: log_options() 'smart_enabled = False'
INFO: 2026-10-03 21:13:36,867: log_options() 'smart_notice_shown = False'
INFO: 2026-10-03 21:13:36,867: log_options() 'smart_register_shown = False'
INFO: 2026-10-03 21:13:36,867: log_options() 'sources = [[False, 'favorites', 'The Favorites folder'], [False, 'fetched', 'The Fetched folder'], [False, 'apod', "NASA's Astronomy Picture of the Day"], [False, 'bing', 'Bing Photo of the Day'], [False, 'earthview', 'Google Earth View Wallpapers'], [False, 'unsplash', 'High-resolution photos from Unsplash.com'], [True, 'folder', '/home/lunatik/dwm-Gruvbox/wallpapers'], [False, 'flickr', 'user:www.flickr.com/photos/peter-levi/;user_id:93647178@N00;']]'
INFO: 2026-10-03 21:13:36,867: log_options() 'stats_enabled = True'
INFO: 2026-10-03 21:13:36,867: log_options() 'stats_notice_shown = False'
INFO: 2026-10-03 21:13:36,868: log_options() 'sync_enabled = True'
INFO: 2026-10-03 21:13:36,868: log_options() 'use_landscape_enabled = True'
INFO: 2026-10-03 21:13:36,868: log_options() 'wallhaven_api_key = '
INFO: 2026-10-03 21:13:36,868: log_options() 'wallpaper_auto_rotate = False'
INFO: 2026-10-03 21:13:36,868: log_options() 'wallpaper_display_mode = smart'
INFO: 2026-10-03 21:13:36,868: reload_config() 'No need to clear prepared queue'
INFO: 2026-10-03 21:13:36,868: update_indicator() 'Setting file info to: /home/lunatik/dwm-Gruvbox/wallpapers/Nature/forest-2.jpg'
INFO: 2026-10-03 21:13:36,870: prepare_thread() 'Prepared buffer contains 14 images'
INFO: 2026-10-03 21:13:36,970: do_set_wp() 'Calling do_set_wp with /home/lunatik/dwm-Gruvbox/wallpapers/Nature/forest-2.jpg, time: 1791051216.970713'
INFO: 2026-10-03 21:13:37,225: compute_trimmed_offsets() 'Trimmed offsets debug info: w:1920, h:1080, ratio:1.777778, iw:3840, ih:2160, scw:1920, sch:1080, ho:0, vo:0'
INFO: 2026-10-03 21:13:37,243: build_imagemagick_clock_cmd() 'Applying clock filter: -density 100 -font '/usr/share/fonts/gnu-free/FreeSerif.otf' -pointsize 70 -gravity SouthEast -fill '#00000044' -annotate 0x0+58+108 '21:13' -fill white -annotate 0x0+60+110 '21:13' -font '/usr/share/fonts/TTF/JetBrainsMonoNLNerdFontPropo-BoldItalic.ttf' -pointsize 30 -fill '#00000044' -annotate 0x0+58+58 'Saturday, October 03' -fill white -annotate 0x0+60+60 'Saturday, October 03''
INFO: 2026-10-03 21:13:37,243: build_imagemagick_clock_cmd() 'ImageMagick clock args: ['/usr/bin/magick', '/home/lunatik/dwm-Gruvbox/wallpapers/Nature/forest-2.jpg', '-scale', '1920x1080^', '-density', '100', '-font', '/usr/share/fonts/gnu-free/FreeSerif.otf', '-pointsize', '70', '-gravity', 'SouthEast', '-fill', '#00000044', '-annotate', '0x0+58+108', '21:13', '-fill', 'white', '-annotate', '0x0+60+110', '21:13', '-font', '/usr/share/fonts/TTF/JetBrainsMonoNLNerdFontPropo-BoldItalic.ttf', '-pointsize', '30', '-fill', '#00000044', '-annotate', '0x0+58+58', 'Saturday, October 03', '-fill', 'white', '-annotate', '0x0+60+60', 'Saturday, October 03', '/home/lunatik/.config/variety/wallpaper/wallpaper-clock-a037473bedb3d2f133662d0a4e5585db.jpg']'
INFO: 2026-10-03 21:13:37,816: update_indicator() 'Setting file info to: /home/lunatik/dwm-Gruvbox/wallpapers/Nature/forest-2.jpg'
INFO: 2026-10-03 21:13:38,871: trigger_download() 'Triggering download thread to check if download needed and possible'
INFO: 2026-10-03 21:13:42,559: apply() 'Applying preferences'
ERROR: 2026-10-03 21:13:42,559: get_xdg_pictures_folder() 'Could not get path to Pictures folder. Defaulting to ~/Pictures.'
Traceback (most recent call last):
  File "/usr/lib/python3.14/site-packages/variety/Util.py", line 847, in get_xdg_pictures_folder
    raise Exception("Could not get path to Pictures folder. Defaulting to ~/Pictures.")
Exception: Could not get path to Pictures folder. Defaulting to ~/Pictures.
ERROR: 2026-10-03 21:13:42,564: get_xdg_pictures_folder() 'Could not get path to Pictures folder. Defaulting to ~/Pictures.'
Traceback (most recent call last):
  File "/usr/lib/python3.14/site-packages/variety/Util.py", line 847, in get_xdg_pictures_folder
    raise Exception("Could not get path to Pictures folder. Defaulting to ~/Pictures.")
Exception: Could not get path to Pictures folder. Defaulting to ~/Pictures.
ERROR: 2026-10-03 21:13:42,568: get_xdg_pictures_folder() 'Could not get path to Pictures folder. Defaulting to ~/Pictures.'
Traceback (most recent call last):
  File "/usr/lib/python3.14/site-packages/variety/Util.py", line 847, in get_xdg_pictures_folder
    raise Exception("Could not get path to Pictures folder. Defaulting to ~/Pictures.")
Exception: Could not get path to Pictures folder. Defaulting to ~/Pictures.
ERROR: 2026-10-03 21:13:42,575: get_xdg_pictures_folder() 'Could not get path to Pictures folder. Defaulting to ~/Pictures.'
Traceback (most recent call last):
  File "/usr/lib/python3.14/site-packages/variety/Util.py", line 847, in get_xdg_pictures_folder
    raise Exception("Could not get path to Pictures folder. Defaulting to ~/Pictures.")
Exception: Could not get path to Pictures folder. Defaulting to ~/Pictures.
ERROR: 2026-10-03 21:13:42,579: get_xdg_pictures_folder() 'Could not get path to Pictures folder. Defaulting to ~/Pictures.'
Traceback (most recent call last):
  File "/usr/lib/python3.14/site-packages/variety/Util.py", line 847, in get_xdg_pictures_folder
    raise Exception("Could not get path to Pictures folder. Defaulting to ~/Pictures.")
Exception: Could not get path to Pictures folder. Defaulting to ~/Pictures.
INFO: 2026-10-03 21:13:42,581: log_options() 'Loaded options:'
INFO: 2026-10-03 21:13:42,582: log_options() 'change_enabled = True'
INFO: 2026-10-03 21:13:42,582: log_options() 'change_interval = 300'
INFO: 2026-10-03 21:13:42,582: log_options() 'change_lock_screen = False'
INFO: 2026-10-03 21:13:42,582: log_options() 'change_on_start = False'
INFO: 2026-10-03 21:13:42,582: log_options() 'clipboard_enabled = False'
INFO: 2026-10-03 21:13:42,582: log_options() 'clipboard_hosts = ['wallhaven.cc', 'wallpapers.net', 'flickr.com', 'imgur.com', 'deviantart.com', 'interfacelift.com', 'vladstudio.com', 'imageshack.us', 'deviantart.net', 'imageshack.com']'
INFO: 2026-10-03 21:13:42,582: log_options() 'clipboard_use_whitelist = True'
INFO: 2026-10-03 21:13:42,582: log_options() 'clock_date_font = JetBrainsMonoNL Nerd Font Propo Bold Italic 30'
INFO: 2026-10-03 21:13:42,583: log_options() 'clock_enabled = True'
INFO: 2026-10-03 21:13:42,583: log_options() 'clock_filter = -density 100 -font '%CLOCK_FONT_FILE' -pointsize %CLOCK_FONT_SIZE -gravity SouthEast -fill '#00000044' -annotate 0x0+[%HOFFSET+58]+[%VOFFSET+108] '%H:%M' -fill white -annotate 0x0+[%HOFFSET+60]+[%VOFFSET+110] '%H:%M' -font '%DATE_FONT_FILE' -pointsize %DATE_FONT_SIZE -fill '#00000044' -annotate 0x0+[%HOFFSET+58]+[%VOFFSET+58] '%A, %B %d' -fill white -annotate 0x0+[%HOFFSET+60]+[%VOFFSET+60] '%A, %B %d''
INFO: 2026-10-03 21:13:42,583: log_options() 'clock_font = JetBrainsMono Nerd Font Medium 70'
INFO: 2026-10-03 21:13:42,583: log_options() 'configfile = /home/lunatik/.config/variety/variety.conf'
INFO: 2026-10-03 21:13:42,583: log_options() 'copyto_enabled = False'
INFO: 2026-10-03 21:13:42,583: log_options() 'copyto_folder = Default'
INFO: 2026-10-03 21:13:42,583: log_options() 'desired_color = [160, 160, 160]'
INFO: 2026-10-03 21:13:42,583: log_options() 'desired_color_enabled = False'
INFO: 2026-10-03 21:13:42,583: log_options() 'download_folder = /home/lunatik/.config/variety/Downloaded'
INFO: 2026-10-03 21:13:42,583: log_options() 'download_preference_ratio = 0.9'
INFO: 2026-10-03 21:13:42,584: log_options() 'favorites_folder = /home/lunatik/.config/variety/Favorites'
INFO: 2026-10-03 21:13:42,584: log_options() 'favorites_operations = [['Downloaded', 'Copy'], ['Fetched', 'Move'], ['Others', 'Copy']]'
INFO: 2026-10-03 21:13:42,584: log_options() 'fetched_folder = /home/lunatik/.config/variety/Fetched'
INFO: 2026-10-03 21:13:42,584: log_options() 'filters = [[True, 'Keep original', ''], [False, 'Grayscale', '-type Grayscale'], [False, 'Heavy blur', '-scale 20% -blur 0x10 -resize 500%'], [False, 'Soft blur', '-scale 20% -blur 0x2 -resize 500%'], [False, 'Oil painting', '-paint 8'], [False, 'Pointilism', '-spread 10 -noise 3'], [False, 'Pixellate', '-scale 3% -scale 3333%']]'
INFO: 2026-10-03 21:13:42,584: log_options() 'get_wallpaper_script = /home/lunatik/.config/variety/scripts/get_wallpaper'
INFO: 2026-10-03 21:13:42,584: log_options() 'icon = Dark'
INFO: 2026-10-03 21:13:42,584: log_options() 'internet_enabled = False'
INFO: 2026-10-03 21:13:42,584: log_options() 'lightness_enabled = False'
INFO: 2026-10-03 21:13:42,584: log_options() 'lightness_mode = 0'
INFO: 2026-10-03 21:13:42,584: log_options() 'min_rating = 4'
INFO: 2026-10-03 21:13:42,584: log_options() 'min_rating_enabled = False'
INFO: 2026-10-03 21:13:42,584: log_options() 'min_size = 80'
INFO: 2026-10-03 21:13:42,584: log_options() 'min_size_enabled = False'
INFO: 2026-10-03 21:13:42,584: log_options() 'name_regex = .*'
INFO: 2026-10-03 21:13:42,585: log_options() 'name_regex_enabled = False'
INFO: 2026-10-03 21:13:42,585: log_options() 'quota_enabled = True'
INFO: 2026-10-03 21:13:42,585: log_options() 'quota_size = 1000'
INFO: 2026-10-03 21:13:42,585: log_options() 'quotes_authors = '
INFO: 2026-10-03 21:13:42,585: log_options() 'quotes_bg_color = [80, 80, 80]'
INFO: 2026-10-03 21:13:42,585: log_options() 'quotes_bg_opacity = 55'
INFO: 2026-10-03 21:13:42,585: log_options() 'quotes_change_enabled = False'
INFO: 2026-10-03 21:13:42,583: set_visible() 'Showing status icon'
INFO: 2026-10-03 21:13:42,585: log_options() 'quotes_change_interval = 10'
INFO: 2026-10-03 21:13:42,585: log_options() 'quotes_disabled_sources = ['Urban Dictionary']'
INFO: 2026-10-03 21:13:42,585: log_options() 'quotes_enabled = False'
INFO: 2026-10-03 21:13:42,585: log_options() 'quotes_favorites_file = /home/lunatik/.config/variety/favorite_quotes.txt'
INFO: 2026-10-03 21:13:42,585: log_options() 'quotes_font = Serif 30'
INFO: 2026-10-03 21:13:42,585: log_options() 'quotes_hpos = 100'
INFO: 2026-10-03 21:13:42,586: log_options() 'quotes_max_length = 250'
INFO: 2026-10-03 21:13:42,586: log_options() 'quotes_tags = '
INFO: 2026-10-03 21:13:42,586: log_options() 'quotes_text_color = [237, 51, 59]'
INFO: 2026-10-03 21:13:42,586: log_options() 'quotes_text_shadow = False'
INFO: 2026-10-03 21:13:42,586: log_options() 'quotes_vpos = 40'
INFO: 2026-10-03 21:13:42,586: log_options() 'quotes_width = 70'
INFO: 2026-10-03 21:13:42,586: log_options() 'safe_mode = False'
INFO: 2026-10-03 21:13:42,586: log_options() 'set_lock_screen_script = /home/lunatik/.config/variety/scripts/set_lock_screen'
INFO: 2026-10-03 21:13:42,586: log_options() 'set_wallpaper_script = /home/lunatik/.config/variety/scripts/set_wallpaper'
INFO: 2026-10-03 21:13:42,586: log_options() 'slideshow_custom_enabled = False'
INFO: 2026-10-03 21:13:42,586: log_options() 'slideshow_custom_folder = /home/lunatik/Pictures'
INFO: 2026-10-03 21:13:42,586: log_options() 'slideshow_downloads_enabled = False'
INFO: 2026-10-03 21:13:42,587: log_options() 'slideshow_fade = 0.4'
INFO: 2026-10-03 21:13:42,587: log_options() 'slideshow_favorites_enabled = True'
INFO: 2026-10-03 21:13:42,587: log_options() 'slideshow_mode = Fullscreen'
INFO: 2026-10-03 21:13:42,587: log_options() 'slideshow_monitor = All'
INFO: 2026-10-03 21:13:42,587: log_options() 'slideshow_pan = 0.05'
INFO: 2026-10-03 21:13:42,587: log_options() 'slideshow_seconds = 6.0'
INFO: 2026-10-03 21:13:42,587: log_options() 'slideshow_sort_order = Random'
INFO: 2026-10-03 21:13:42,587: log_options() 'slideshow_sources_enabled = True'
INFO: 2026-10-03 21:13:42,587: log_options() 'slideshow_zoom = 0.2'
INFO: 2026-10-03 21:13:42,587: log_options() 'smart_enabled = False'
INFO: 2026-10-03 21:13:42,587: log_options() 'smart_notice_shown = False'
INFO: 2026-10-03 21:13:42,587: log_options() 'smart_register_shown = False'
INFO: 2026-10-03 21:13:42,587: log_options() 'sources = [[False, 'favorites', 'The Favorites folder'], [False, 'fetched', 'The Fetched folder'], [False, 'apod', "NASA's Astronomy Picture of the Day"], [False, 'bing', 'Bing Photo of the Day'], [False, 'earthview', 'Google Earth View Wallpapers'], [False, 'unsplash', 'High-resolution photos from Unsplash.com'], [True, 'folder', '/home/lunatik/dwm-Gruvbox/wallpapers'], [False, 'flickr', 'user:www.flickr.com/photos/peter-levi/;user_id:93647178@N00;']]'
INFO: 2026-10-03 21:13:42,587: log_options() 'stats_enabled = True'
INFO: 2026-10-03 21:13:42,587: log_options() 'stats_notice_shown = False'
INFO: 2026-10-03 21:13:42,587: log_options() 'sync_enabled = True'
INFO: 2026-10-03 21:13:42,587: log_options() 'use_landscape_enabled = True'
INFO: 2026-10-03 21:13:42,587: log_options() 'wallhaven_api_key = '
INFO: 2026-10-03 21:13:42,587: log_options() 'wallpaper_auto_rotate = False'
INFO: 2026-10-03 21:13:42,587: log_options() 'wallpaper_display_mode = smart'
INFO: 2026-10-03 21:13:42,588: reload_config() 'No need to clear prepared queue'
INFO: 2026-10-03 21:13:42,588: update_indicator() 'Setting file info to: /home/lunatik/dwm-Gruvbox/wallpapers/Nature/forest-2.jpg'
INFO: 2026-10-03 21:13:42,586: set_icon() 'Showing status icon image: /usr/lib/python3.14/site-packages/variety/data/media/variety-indicator-dark.png'
INFO: 2026-10-03 21:13:42,589: prepare_thread() 'Prepared buffer contains 14 images'
INFO: 2026-10-03 21:13:42,689: do_set_wp() 'Calling do_set_wp with /home/lunatik/dwm-Gruvbox/wallpapers/Nature/forest-2.jpg, time: 1791051222.689781'
INFO: 2026-10-03 21:13:42,934: compute_trimmed_offsets() 'Trimmed offsets debug info: w:1920, h:1080, ratio:1.777778, iw:3840, ih:2160, scw:1920, sch:1080, ho:0, vo:0'
INFO: 2026-10-03 21:13:42,952: build_imagemagick_clock_cmd() 'Applying clock filter: -density 100 -font '/usr/share/fonts/TTF/JetBrainsMonoNerdFont-Medium.ttf' -pointsize 70 -gravity SouthEast -fill '#00000044' -annotate 0x0+58+108 '21:13' -fill white -annotate 0x0+60+110 '21:13' -font '/usr/share/fonts/TTF/JetBrainsMonoNLNerdFontPropo-BoldItalic.ttf' -pointsize 30 -fill '#00000044' -annotate 0x0+58+58 'Saturday, October 03' -fill white -annotate 0x0+60+60 'Saturday, October 03''
INFO: 2026-10-03 21:13:42,952: build_imagemagick_clock_cmd() 'ImageMagick clock args: ['/usr/bin/magick', '/home/lunatik/dwm-Gruvbox/wallpapers/Nature/forest-2.jpg', '-scale', '1920x1080^', '-density', '100', '-font', '/usr/share/fonts/TTF/JetBrainsMonoNerdFont-Medium.ttf', '-pointsize', '70', '-gravity', 'SouthEast', '-fill', '#00000044', '-annotate', '0x0+58+108', '21:13', '-fill', 'white', '-annotate', '0x0+60+110', '21:13', '-font', '/usr/share/fonts/TTF/JetBrainsMonoNLNerdFontPropo-BoldItalic.ttf', '-pointsize', '30', '-fill', '#00000044', '-annotate', '0x0+58+58', 'Saturday, October 03', '-fill', 'white', '-annotate', '0x0+60+60', 'Saturday, October 03', '/home/lunatik/.config/variety/wallpaper/wallpaper-clock-afe29e70a507c64ce48336bacbf2441c.jpg']'
INFO: 2026-10-03 21:13:43,505: update_indicator() 'Setting file info to: /home/lunatik/dwm-Gruvbox/wallpapers/Nature/forest-2.jpg'
INFO: 2026-10-03 21:13:44,589: trigger_download() 'Triggering download thread to check if download needed and possible'
INFO: 2026-10-03 21:13:46,454: apply() 'Applying preferences'
ERROR: 2026-10-03 21:13:46,455: get_xdg_pictures_folder() 'Could not get path to Pictures folder. Defaulting to ~/Pictures.'
Traceback (most recent call last):
  File "/usr/lib/python3.14/site-packages/variety/Util.py", line 847, in get_xdg_pictures_folder
    raise Exception("Could not get path to Pictures folder. Defaulting to ~/Pictures.")
Exception: Could not get path to Pictures folder. Defaulting to ~/Pictures.
ERROR: 2026-10-03 21:13:46,460: get_xdg_pictures_folder() 'Could not get path to Pictures folder. Defaulting to ~/Pictures.'
Traceback (most recent call last):
  File "/usr/lib/python3.14/site-packages/variety/Util.py", line 847, in get_xdg_pictures_folder
    raise Exception("Could not get path to Pictures folder. Defaulting to ~/Pictures.")
Exception: Could not get path to Pictures folder. Defaulting to ~/Pictures.
ERROR: 2026-10-03 21:13:46,463: get_xdg_pictures_folder() 'Could not get path to Pictures folder. Defaulting to ~/Pictures.'
Traceback (most recent call last):
  File "/usr/lib/python3.14/site-packages/variety/Util.py", line 847, in get_xdg_pictures_folder
    raise Exception("Could not get path to Pictures folder. Defaulting to ~/Pictures.")
Exception: Could not get path to Pictures folder. Defaulting to ~/Pictures.
ERROR: 2026-10-03 21:13:46,470: get_xdg_pictures_folder() 'Could not get path to Pictures folder. Defaulting to ~/Pictures.'
Traceback (most recent call last):
  File "/usr/lib/python3.14/site-packages/variety/Util.py", line 847, in get_xdg_pictures_folder
    raise Exception("Could not get path to Pictures folder. Defaulting to ~/Pictures.")
Exception: Could not get path to Pictures folder. Defaulting to ~/Pictures.
ERROR: 2026-10-03 21:13:46,475: get_xdg_pictures_folder() 'Could not get path to Pictures folder. Defaulting to ~/Pictures.'
Traceback (most recent call last):
  File "/usr/lib/python3.14/site-packages/variety/Util.py", line 847, in get_xdg_pictures_folder
    raise Exception("Could not get path to Pictures folder. Defaulting to ~/Pictures.")
Exception: Could not get path to Pictures folder. Defaulting to ~/Pictures.
INFO: 2026-10-03 21:13:46,477: set_visible() 'Showing status icon'
INFO: 2026-10-03 21:13:46,478: set_icon() 'Showing status icon image: /usr/lib/python3.14/site-packages/variety/data/media/variety-indicator-dark.png'
INFO: 2026-10-03 21:13:46,478: log_options() 'Loaded options:'
INFO: 2026-10-03 21:13:46,479: log_options() 'change_enabled = True'
INFO: 2026-10-03 21:13:46,479: log_options() 'change_interval = 300'
INFO: 2026-10-03 21:13:46,479: log_options() 'change_lock_screen = False'
INFO: 2026-10-03 21:13:46,479: log_options() 'change_on_start = False'
INFO: 2026-10-03 21:13:46,479: log_options() 'clipboard_enabled = False'
INFO: 2026-10-03 21:13:46,479: log_options() 'clipboard_hosts = ['wallhaven.cc', 'wallpapers.net', 'flickr.com', 'imgur.com', 'deviantart.com', 'interfacelift.com', 'vladstudio.com', 'imageshack.us', 'deviantart.net', 'imageshack.com']'
INFO: 2026-10-03 21:13:46,480: log_options() 'clipboard_use_whitelist = True'
INFO: 2026-10-03 21:13:46,480: log_options() 'clock_date_font = JetBrainsMonoNL Nerd Font Propo Bold Italic 30'
INFO: 2026-10-03 21:13:46,480: log_options() 'clock_enabled = True'
INFO: 2026-10-03 21:13:46,480: log_options() 'clock_filter = -density 100 -font '%CLOCK_FONT_FILE' -pointsize %CLOCK_FONT_SIZE -gravity SouthEast -fill '#00000044' -annotate 0x0+[%HOFFSET+58]+[%VOFFSET+108] '%H:%M' -fill white -annotate 0x0+[%HOFFSET+60]+[%VOFFSET+110] '%H:%M' -font '%DATE_FONT_FILE' -pointsize %DATE_FONT_SIZE -fill '#00000044' -annotate 0x0+[%HOFFSET+58]+[%VOFFSET+58] '%A, %B %d' -fill white -annotate 0x0+[%HOFFSET+60]+[%VOFFSET+60] '%A, %B %d''
INFO: 2026-10-03 21:13:46,480: log_options() 'clock_font = JetBrainsMono Nerd Font Bold 70'
INFO: 2026-10-03 21:13:46,480: log_options() 'configfile = /home/lunatik/.config/variety/variety.conf'
INFO: 2026-10-03 21:13:46,480: log_options() 'copyto_enabled = False'
INFO: 2026-10-03 21:13:46,480: log_options() 'copyto_folder = Default'
INFO: 2026-10-03 21:13:46,480: log_options() 'desired_color = [160, 160, 160]'
INFO: 2026-10-03 21:13:46,480: log_options() 'desired_color_enabled = False'
INFO: 2026-10-03 21:13:46,480: log_options() 'download_folder = /home/lunatik/.config/variety/Downloaded'
INFO: 2026-10-03 21:13:46,481: log_options() 'download_preference_ratio = 0.9'
INFO: 2026-10-03 21:13:46,481: log_options() 'favorites_folder = /home/lunatik/.config/variety/Favorites'
INFO: 2026-10-03 21:13:46,481: log_options() 'favorites_operations = [['Downloaded', 'Copy'], ['Fetched', 'Move'], ['Others', 'Copy']]'
INFO: 2026-10-03 21:13:46,481: log_options() 'fetched_folder = /home/lunatik/.config/variety/Fetched'
INFO: 2026-10-03 21:13:46,481: log_options() 'filters = [[True, 'Keep original', ''], [False, 'Grayscale', '-type Grayscale'], [False, 'Heavy blur', '-scale 20% -blur 0x10 -resize 500%'], [False, 'Soft blur', '-scale 20% -blur 0x2 -resize 500%'], [False, 'Oil painting', '-paint 8'], [False, 'Pointilism', '-spread 10 -noise 3'], [False, 'Pixellate', '-scale 3% -scale 3333%']]'
INFO: 2026-10-03 21:13:46,481: log_options() 'get_wallpaper_script = /home/lunatik/.config/variety/scripts/get_wallpaper'
INFO: 2026-10-03 21:13:46,481: log_options() 'icon = Dark'
INFO: 2026-10-03 21:13:46,481: log_options() 'internet_enabled = False'
INFO: 2026-10-03 21:13:46,481: log_options() 'lightness_enabled = False'
INFO: 2026-10-03 21:13:46,481: log_options() 'lightness_mode = 0'
INFO: 2026-10-03 21:13:46,481: log_options() 'min_rating = 4'
INFO: 2026-10-03 21:13:46,482: log_options() 'min_rating_enabled = False'
INFO: 2026-10-03 21:13:46,482: log_options() 'min_size = 80'
INFO: 2026-10-03 21:13:46,482: log_options() 'min_size_enabled = False'
INFO: 2026-10-03 21:13:46,482: log_options() 'name_regex = .*'
INFO: 2026-10-03 21:13:46,482: log_options() 'name_regex_enabled = False'
INFO: 2026-10-03 21:13:46,482: log_options() 'quota_enabled = True'
INFO: 2026-10-03 21:13:46,482: log_options() 'quota_size = 1000'
INFO: 2026-10-03 21:13:46,482: log_options() 'quotes_authors = '
INFO: 2026-10-03 21:13:46,482: log_options() 'quotes_bg_color = [80, 80, 80]'
INFO: 2026-10-03 21:13:46,482: log_options() 'quotes_bg_opacity = 55'
INFO: 2026-10-03 21:13:46,483: log_options() 'quotes_change_enabled = False'
INFO: 2026-10-03 21:13:46,483: log_options() 'quotes_change_interval = 10'
INFO: 2026-10-03 21:13:46,483: log_options() 'quotes_disabled_sources = ['Urban Dictionary']'
INFO: 2026-10-03 21:13:46,483: log_options() 'quotes_enabled = False'
INFO: 2026-10-03 21:13:46,483: log_options() 'quotes_favorites_file = /home/lunatik/.config/variety/favorite_quotes.txt'
INFO: 2026-10-03 21:13:46,483: log_options() 'quotes_font = Serif 30'
INFO: 2026-10-03 21:13:46,483: log_options() 'quotes_hpos = 100'
INFO: 2026-10-03 21:13:46,483: log_options() 'quotes_max_length = 250'
INFO: 2026-10-03 21:13:46,483: log_options() 'quotes_tags = '
INFO: 2026-10-03 21:13:46,483: log_options() 'quotes_text_color = [237, 51, 59]'
INFO: 2026-10-03 21:13:46,483: log_options() 'quotes_text_shadow = False'
INFO: 2026-10-03 21:13:46,483: log_options() 'quotes_vpos = 40'
INFO: 2026-10-03 21:13:46,484: log_options() 'quotes_width = 70'
INFO: 2026-10-03 21:13:46,484: log_options() 'safe_mode = False'
INFO: 2026-10-03 21:13:46,484: log_options() 'set_lock_screen_script = /home/lunatik/.config/variety/scripts/set_lock_screen'
INFO: 2026-10-03 21:13:46,484: log_options() 'set_wallpaper_script = /home/lunatik/.config/variety/scripts/set_wallpaper'
INFO: 2026-10-03 21:13:46,484: log_options() 'slideshow_custom_enabled = False'
INFO: 2026-10-03 21:13:46,484: log_options() 'slideshow_custom_folder = /home/lunatik/Pictures'
INFO: 2026-10-03 21:13:46,484: log_options() 'slideshow_downloads_enabled = False'
INFO: 2026-10-03 21:13:46,484: log_options() 'slideshow_fade = 0.4'
INFO: 2026-10-03 21:13:46,484: log_options() 'slideshow_favorites_enabled = True'
INFO: 2026-10-03 21:13:46,484: log_options() 'slideshow_mode = Fullscreen'
INFO: 2026-10-03 21:13:46,484: log_options() 'slideshow_monitor = All'
INFO: 2026-10-03 21:13:46,484: log_options() 'slideshow_pan = 0.05'
INFO: 2026-10-03 21:13:46,484: log_options() 'slideshow_seconds = 6.0'
INFO: 2026-10-03 21:13:46,484: log_options() 'slideshow_sort_order = Random'
INFO: 2026-10-03 21:13:46,484: log_options() 'slideshow_sources_enabled = True'
INFO: 2026-10-03 21:13:46,485: log_options() 'slideshow_zoom = 0.2'
INFO: 2026-10-03 21:13:46,485: log_options() 'smart_enabled = False'
INFO: 2026-10-03 21:13:46,485: log_options() 'smart_notice_shown = False'
INFO: 2026-10-03 21:13:46,485: log_options() 'smart_register_shown = False'
INFO: 2026-10-03 21:13:46,485: log_options() 'sources = [[False, 'favorites', 'The Favorites folder'], [False, 'fetched', 'The Fetched folder'], [False, 'apod', "NASA's Astronomy Picture of the Day"], [False, 'bing', 'Bing Photo of the Day'], [False, 'earthview', 'Google Earth View Wallpapers'], [False, 'unsplash', 'High-resolution photos from Unsplash.com'], [True, 'folder', '/home/lunatik/dwm-Gruvbox/wallpapers'], [False, 'flickr', 'user:www.flickr.com/photos/peter-levi/;user_id:93647178@N00;']]'
INFO: 2026-10-03 21:13:46,485: log_options() 'stats_enabled = True'
INFO: 2026-10-03 21:13:46,485: log_options() 'stats_notice_shown = False'
INFO: 2026-10-03 21:13:46,485: log_options() 'sync_enabled = True'
INFO: 2026-10-03 21:13:46,485: log_options() 'use_landscape_enabled = True'
INFO: 2026-10-03 21:13:46,485: log_options() 'wallhaven_api_key = '
INFO: 2026-10-03 21:13:46,485: log_options() 'wallpaper_auto_rotate = False'
INFO: 2026-10-03 21:13:46,485: log_options() 'wallpaper_display_mode = smart'
INFO: 2026-10-03 21:13:46,485: reload_config() 'No need to clear prepared queue'
INFO: 2026-10-03 21:13:46,485: update_indicator() 'Setting file info to: /home/lunatik/dwm-Gruvbox/wallpapers/Nature/forest-2.jpg'
INFO: 2026-10-03 21:13:46,487: prepare_thread() 'Prepared buffer contains 14 images'
INFO: 2026-10-03 21:13:46,587: do_set_wp() 'Calling do_set_wp with /home/lunatik/dwm-Gruvbox/wallpapers/Nature/forest-2.jpg, time: 1791051226.5876434'
INFO: 2026-10-03 21:13:46,828: compute_trimmed_offsets() 'Trimmed offsets debug info: w:1920, h:1080, ratio:1.777778, iw:3840, ih:2160, scw:1920, sch:1080, ho:0, vo:0'
INFO: 2026-10-03 21:13:46,845: build_imagemagick_clock_cmd() 'Applying clock filter: -density 100 -font '/usr/share/fonts/TTF/JetBrainsMonoNerdFont-Bold.ttf' -pointsize 70 -gravity SouthEast -fill '#00000044' -annotate 0x0+58+108 '21:13' -fill white -annotate 0x0+60+110 '21:13' -font '/usr/share/fonts/TTF/JetBrainsMonoNLNerdFontPropo-BoldItalic.ttf' -pointsize 30 -fill '#00000044' -annotate 0x0+58+58 'Saturday, October 03' -fill white -annotate 0x0+60+60 'Saturday, October 03''
INFO: 2026-10-03 21:13:46,845: build_imagemagick_clock_cmd() 'ImageMagick clock args: ['/usr/bin/magick', '/home/lunatik/dwm-Gruvbox/wallpapers/Nature/forest-2.jpg', '-scale', '1920x1080^', '-density', '100', '-font', '/usr/share/fonts/TTF/JetBrainsMonoNerdFont-Bold.ttf', '-pointsize', '70', '-gravity', 'SouthEast', '-fill', '#00000044', '-annotate', '0x0+58+108', '21:13', '-fill', 'white', '-annotate', '0x0+60+110', '21:13', '-font', '/usr/share/fonts/TTF/JetBrainsMonoNLNerdFontPropo-BoldItalic.ttf', '-pointsize', '30', '-fill', '#00000044', '-annotate', '0x0+58+58', 'Saturday, October 03', '-fill', 'white', '-annotate', '0x0+60+60', 'Saturday, October 03', '/home/lunatik/.config/variety/wallpaper/wallpaper-clock-e15303414c6bf78cae58509cdf03edca.jpg']'
INFO: 2026-10-03 21:13:47,403: update_indicator() 'Setting file info to: /home/lunatik/dwm-Gruvbox/wallpapers/Nature/forest-2.jpg'
INFO: 2026-10-03 21:13:48,488: trigger_download() 'Triggering download thread to check if download needed and possible'
INFO: 2026-10-03 21:14:00,426: clock_thread_method() 'clock_thread updates wallpaper'
INFO: 2026-10-03 21:14:00,427: do_set_wp() 'Calling do_set_wp with /home/lunatik/dwm-Gruvbox/wallpapers/Nature/forest-2.jpg, time: 1791051240.4276054'
INFO: 2026-10-03 21:14:00,678: compute_trimmed_offsets() 'Trimmed offsets debug info: w:1920, h:1080, ratio:1.777778, iw:3840, ih:2160, scw:1920, sch:1080, ho:0, vo:0'
INFO: 2026-10-03 21:14:00,678: build_imagemagick_clock_cmd() 'Applying clock filter: -density 100 -font '/usr/share/fonts/TTF/JetBrainsMonoNerdFont-Bold.ttf' -pointsize 70 -gravity SouthEast -fill '#00000044' -annotate 0x0+58+108 '21:14' -fill white -annotate 0x0+60+110 '21:14' -font '/usr/share/fonts/TTF/JetBrainsMonoNLNerdFontPropo-BoldItalic.ttf' -pointsize 30 -fill '#00000044' -annotate 0x0+58+58 'Saturday, October 03' -fill white -annotate 0x0+60+60 'Saturday, October 03''
INFO: 2026-10-03 21:14:00,679: build_imagemagick_clock_cmd() 'ImageMagick clock args: ['/usr/bin/magick', '/home/lunatik/dwm-Gruvbox/wallpapers/Nature/forest-2.jpg', '-scale', '1920x1080^', '-density', '100', '-font', '/usr/share/fonts/TTF/JetBrainsMonoNerdFont-Bold.ttf', '-pointsize', '70', '-gravity', 'SouthEast', '-fill', '#00000044', '-annotate', '0x0+58+108', '21:14', '-fill', 'white', '-annotate', '0x0+60+110', '21:14', '-font', '/usr/share/fonts/TTF/JetBrainsMonoNLNerdFontPropo-BoldItalic.ttf', '-pointsize', '30', '-fill', '#00000044', '-annotate', '0x0+58+58', 'Saturday, October 03', '-fill', 'white', '-annotate', '0x0+60+60', 'Saturday, October 03', '/home/lunatik/.config/variety/wallpaper/wallpaper-clock-f66d2ad07c55dba9d223095b567d628f.jpg']'
INFO: 2026-10-03 21:14:01,240: update_indicator() 'Setting file info to: /home/lunatik/dwm-Gruvbox/wallpapers/Nature/forest-2.jpg'
INFO: 2026-10-03 21:14:33,609: apply() 'Applying preferences'
ERROR: 2026-10-03 21:14:33,610: get_xdg_pictures_folder() 'Could not get path to Pictures folder. Defaulting to ~/Pictures.'
Traceback (most recent call last):
  File "/usr/lib/python3.14/site-packages/variety/Util.py", line 847, in get_xdg_pictures_folder
    raise Exception("Could not get path to Pictures folder. Defaulting to ~/Pictures.")
Exception: Could not get path to Pictures folder. Defaulting to ~/Pictures.
ERROR: 2026-10-03 21:14:33,612: get_xdg_pictures_folder() 'Could not get path to Pictures folder. Defaulting to ~/Pictures.'
Traceback (most recent call last):
  File "/usr/lib/python3.14/site-packages/variety/Util.py", line 847, in get_xdg_pictures_folder
    raise Exception("Could not get path to Pictures folder. Defaulting to ~/Pictures.")
Exception: Could not get path to Pictures folder. Defaulting to ~/Pictures.
ERROR: 2026-10-03 21:14:33,614: get_xdg_pictures_folder() 'Could not get path to Pictures folder. Defaulting to ~/Pictures.'
Traceback (most recent call last):
  File "/usr/lib/python3.14/site-packages/variety/Util.py", line 847, in get_xdg_pictures_folder
    raise Exception("Could not get path to Pictures folder. Defaulting to ~/Pictures.")
Exception: Could not get path to Pictures folder. Defaulting to ~/Pictures.
ERROR: 2026-10-03 21:14:33,618: get_xdg_pictures_folder() 'Could not get path to Pictures folder. Defaulting to ~/Pictures.'
Traceback (most recent call last):
  File "/usr/lib/python3.14/site-packages/variety/Util.py", line 847, in get_xdg_pictures_folder
    raise Exception("Could not get path to Pictures folder. Defaulting to ~/Pictures.")
Exception: Could not get path to Pictures folder. Defaulting to ~/Pictures.
ERROR: 2026-10-03 21:14:33,621: get_xdg_pictures_folder() 'Could not get path to Pictures folder. Defaulting to ~/Pictures.'
Traceback (most recent call last):
  File "/usr/lib/python3.14/site-packages/variety/Util.py", line 847, in get_xdg_pictures_folder
    raise Exception("Could not get path to Pictures folder. Defaulting to ~/Pictures.")
Exception: Could not get path to Pictures folder. Defaulting to ~/Pictures.
INFO: 2026-10-03 21:14:33,623: log_options() 'Loaded options:'
INFO: 2026-10-03 21:14:33,623: log_options() 'change_enabled = True'
INFO: 2026-10-03 21:14:33,623: log_options() 'change_interval = 300'
INFO: 2026-10-03 21:14:33,623: log_options() 'change_lock_screen = False'
INFO: 2026-10-03 21:14:33,623: log_options() 'change_on_start = False'
INFO: 2026-10-03 21:14:33,623: log_options() 'clipboard_enabled = False'
INFO: 2026-10-03 21:14:33,623: log_options() 'clipboard_hosts = ['wallhaven.cc', 'wallpapers.net', 'flickr.com', 'imgur.com', 'deviantart.com', 'interfacelift.com', 'vladstudio.com', 'imageshack.us', 'deviantart.net', 'imageshack.com']'
INFO: 2026-10-03 21:14:33,623: log_options() 'clipboard_use_whitelist = True'
INFO: 2026-10-03 21:14:33,623: log_options() 'clock_date_font = JetBrainsMonoNL Nerd Font Propo Bold Italic 30'
INFO: 2026-10-03 21:14:33,624: log_options() 'clock_enabled = True'
INFO: 2026-10-03 21:14:33,624: log_options() 'clock_filter = -density 100 -font '%CLOCK_FONT_FILE' -pointsize %CLOCK_FONT_SIZE -gravity SouthEast -fill '#00000044' -annotate 0x0+[%HOFFSET+58]+[%VOFFSET+108] '%H:%M' -fill white -annotate 0x0+[%HOFFSET+60]+[%VOFFSET+110] '%H:%M' -font '%DATE_FONT_FILE' -pointsize %DATE_FONT_SIZE -fill '#00000044' -annotate 0x0+[%HOFFSET+58]+[%VOFFSET+58] '%A, %B %d' -fill white -annotate 0x0+[%HOFFSET+60]+[%VOFFSET+60] '%A, %B %d''
INFO: 2026-10-03 21:14:33,624: log_options() 'clock_font = JetBrainsMonoNL Nerd Font Propo Ultra-Bold Italic 70'
INFO: 2026-10-03 21:14:33,624: log_options() 'configfile = /home/lunatik/.config/variety/variety.conf'
INFO: 2026-10-03 21:14:33,624: log_options() 'copyto_enabled = False'
INFO: 2026-10-03 21:14:33,624: log_options() 'copyto_folder = Default'
INFO: 2026-10-03 21:14:33,624: log_options() 'desired_color = [160, 160, 160]'
INFO: 2026-10-03 21:14:33,624: log_options() 'desired_color_enabled = False'
INFO: 2026-10-03 21:14:33,623: set_visible() 'Showing status icon'
INFO: 2026-10-03 21:14:33,624: log_options() 'download_folder = /home/lunatik/.config/variety/Downloaded'
INFO: 2026-10-03 21:14:33,624: log_options() 'download_preference_ratio = 0.9'
INFO: 2026-10-03 21:14:33,625: log_options() 'favorites_folder = /home/lunatik/.config/variety/Favorites'
INFO: 2026-10-03 21:14:33,625: log_options() 'favorites_operations = [['Downloaded', 'Copy'], ['Fetched', 'Move'], ['Others', 'Copy']]'
INFO: 2026-10-03 21:14:33,625: log_options() 'fetched_folder = /home/lunatik/.config/variety/Fetched'
INFO: 2026-10-03 21:14:33,625: log_options() 'filters = [[True, 'Keep original', ''], [False, 'Grayscale', '-type Grayscale'], [False, 'Heavy blur', '-scale 20% -blur 0x10 -resize 500%'], [False, 'Soft blur', '-scale 20% -blur 0x2 -resize 500%'], [False, 'Oil painting', '-paint 8'], [False, 'Pointilism', '-spread 10 -noise 3'], [False, 'Pixellate', '-scale 3% -scale 3333%']]'
INFO: 2026-10-03 21:14:33,625: log_options() 'get_wallpaper_script = /home/lunatik/.config/variety/scripts/get_wallpaper'
INFO: 2026-10-03 21:14:33,625: log_options() 'icon = Dark'
INFO: 2026-10-03 21:14:33,625: log_options() 'internet_enabled = False'
INFO: 2026-10-03 21:14:33,625: log_options() 'lightness_enabled = False'
INFO: 2026-10-03 21:14:33,625: log_options() 'lightness_mode = 0'
INFO: 2026-10-03 21:14:33,625: log_options() 'min_rating = 4'
INFO: 2026-10-03 21:14:33,625: log_options() 'min_rating_enabled = False'
INFO: 2026-10-03 21:14:33,625: log_options() 'min_size = 80'
INFO: 2026-10-03 21:14:33,625: log_options() 'min_size_enabled = False'
INFO: 2026-10-03 21:14:33,625: log_options() 'name_regex = .*'
INFO: 2026-10-03 21:14:33,625: log_options() 'name_regex_enabled = False'
INFO: 2026-10-03 21:14:33,625: log_options() 'quota_enabled = True'
INFO: 2026-10-03 21:14:33,625: log_options() 'quota_size = 1000'
INFO: 2026-10-03 21:14:33,625: log_options() 'quotes_authors = '
INFO: 2026-10-03 21:14:33,625: log_options() 'quotes_bg_color = [80, 80, 80]'
INFO: 2026-10-03 21:14:33,625: log_options() 'quotes_bg_opacity = 55'
INFO: 2026-10-03 21:14:33,624: set_icon() 'Showing status icon image: /usr/lib/python3.14/site-packages/variety/data/media/variety-indicator-dark.png'
INFO: 2026-10-03 21:14:33,626: log_options() 'quotes_change_enabled = False'
INFO: 2026-10-03 21:14:33,626: log_options() 'quotes_change_interval = 10'
INFO: 2026-10-03 21:14:33,626: log_options() 'quotes_disabled_sources = ['Urban Dictionary']'
INFO: 2026-10-03 21:14:33,626: log_options() 'quotes_enabled = False'
INFO: 2026-10-03 21:14:33,626: log_options() 'quotes_favorites_file = /home/lunatik/.config/variety/favorite_quotes.txt'
INFO: 2026-10-03 21:14:33,626: log_options() 'quotes_font = Serif 30'
INFO: 2026-10-03 21:14:33,626: log_options() 'quotes_hpos = 100'
INFO: 2026-10-03 21:14:33,626: log_options() 'quotes_max_length = 250'
INFO: 2026-10-03 21:14:33,626: log_options() 'quotes_tags = '
INFO: 2026-10-03 21:14:33,626: log_options() 'quotes_text_color = [237, 51, 59]'
INFO: 2026-10-03 21:14:33,626: log_options() 'quotes_text_shadow = False'
INFO: 2026-10-03 21:14:33,626: log_options() 'quotes_vpos = 40'
INFO: 2026-10-03 21:14:33,626: log_options() 'quotes_width = 70'
INFO: 2026-10-03 21:14:33,626: log_options() 'safe_mode = False'
INFO: 2026-10-03 21:14:33,626: log_options() 'set_lock_screen_script = /home/lunatik/.config/variety/scripts/set_lock_screen'
INFO: 2026-10-03 21:14:33,626: log_options() 'set_wallpaper_script = /home/lunatik/.config/variety/scripts/set_wallpaper'
INFO: 2026-10-03 21:14:33,627: log_options() 'slideshow_custom_enabled = False'
INFO: 2026-10-03 21:14:33,627: log_options() 'slideshow_custom_folder = /home/lunatik/Pictures'
INFO: 2026-10-03 21:14:33,627: log_options() 'slideshow_downloads_enabled = False'
INFO: 2026-10-03 21:14:33,627: log_options() 'slideshow_fade = 0.4'
INFO: 2026-10-03 21:14:33,627: log_options() 'slideshow_favorites_enabled = True'
INFO: 2026-10-03 21:14:33,627: log_options() 'slideshow_mode = Fullscreen'
INFO: 2026-10-03 21:14:33,627: log_options() 'slideshow_monitor = All'
INFO: 2026-10-03 21:14:33,627: log_options() 'slideshow_pan = 0.05'
INFO: 2026-10-03 21:14:33,627: log_options() 'slideshow_seconds = 6.0'
INFO: 2026-10-03 21:14:33,632: log_options() 'slideshow_sort_order = Random'
INFO: 2026-10-03 21:14:33,632: log_options() 'slideshow_sources_enabled = True'
INFO: 2026-10-03 21:14:33,632: log_options() 'slideshow_zoom = 0.2'
INFO: 2026-10-03 21:14:33,632: log_options() 'smart_enabled = False'
INFO: 2026-10-03 21:14:33,632: log_options() 'smart_notice_shown = False'
INFO: 2026-10-03 21:14:33,632: log_options() 'smart_register_shown = False'
INFO: 2026-10-03 21:14:33,632: log_options() 'sources = [[False, 'favorites', 'The Favorites folder'], [False, 'fetched', 'The Fetched folder'], [False, 'apod', "NASA's Astronomy Picture of the Day"], [False, 'bing', 'Bing Photo of the Day'], [False, 'earthview', 'Google Earth View Wallpapers'], [False, 'unsplash', 'High-resolution photos from Unsplash.com'], [True, 'folder', '/home/lunatik/dwm-Gruvbox/wallpapers'], [False, 'flickr', 'user:www.flickr.com/photos/peter-levi/;user_id:93647178@N00;']]'
INFO: 2026-10-03 21:14:33,632: log_options() 'stats_enabled = True'
INFO: 2026-10-03 21:14:33,632: log_options() 'stats_notice_shown = False'
INFO: 2026-10-03 21:14:33,632: log_options() 'sync_enabled = True'
INFO: 2026-10-03 21:14:33,632: log_options() 'use_landscape_enabled = True'
INFO: 2026-10-03 21:14:33,633: log_options() 'wallhaven_api_key = '
INFO: 2026-10-03 21:14:33,633: log_options() 'wallpaper_auto_rotate = False'
INFO: 2026-10-03 21:14:33,633: log_options() 'wallpaper_display_mode = smart'
INFO: 2026-10-03 21:14:33,633: reload_config() 'No need to clear prepared queue'
INFO: 2026-10-03 21:14:33,633: update_indicator() 'Setting file info to: /home/lunatik/dwm-Gruvbox/wallpapers/Nature/forest-2.jpg'
INFO: 2026-10-03 21:14:33,635: prepare_thread() 'Prepared buffer contains 14 images'
INFO: 2026-10-03 21:14:33,736: do_set_wp() 'Calling do_set_wp with /home/lunatik/dwm-Gruvbox/wallpapers/Nature/forest-2.jpg, time: 1791051273.73621'
INFO: 2026-10-03 21:14:33,991: compute_trimmed_offsets() 'Trimmed offsets debug info: w:1920, h:1080, ratio:1.777778, iw:3840, ih:2160, scw:1920, sch:1080, ho:0, vo:0'
INFO: 2026-10-03 21:14:34,010: build_imagemagick_clock_cmd() 'Applying clock filter: -density 100 -font '/usr/share/fonts/TTF/JetBrainsMonoNLNerdFontPropo-Italic.ttf' -pointsize 70 -gravity SouthEast -fill '#00000044' -annotate 0x0+58+108 '21:14' -fill white -annotate 0x0+60+110 '21:14' -font '/usr/share/fonts/TTF/JetBrainsMonoNLNerdFontPropo-BoldItalic.ttf' -pointsize 30 -fill '#00000044' -annotate 0x0+58+58 'Saturday, October 03' -fill white -annotate 0x0+60+60 'Saturday, October 03''
INFO: 2026-10-03 21:14:34,010: build_imagemagick_clock_cmd() 'ImageMagick clock args: ['/usr/bin/magick', '/home/lunatik/dwm-Gruvbox/wallpapers/Nature/forest-2.jpg', '-scale', '1920x1080^', '-density', '100', '-font', '/usr/share/fonts/TTF/JetBrainsMonoNLNerdFontPropo-Italic.ttf', '-pointsize', '70', '-gravity', 'SouthEast', '-fill', '#00000044', '-annotate', '0x0+58+108', '21:14', '-fill', 'white', '-annotate', '0x0+60+110', '21:14', '-font', '/usr/share/fonts/TTF/JetBrainsMonoNLNerdFontPropo-BoldItalic.ttf', '-pointsize', '30', '-fill', '#00000044', '-annotate', '0x0+58+58', 'Saturday, October 03', '-fill', 'white', '-annotate', '0x0+60+60', 'Saturday, October 03', '/home/lunatik/.config/variety/wallpaper/wallpaper-clock-812901a46fdbf3625e7f89e58e902d94.jpg']'
INFO: 2026-10-03 21:14:34,589: update_indicator() 'Setting file info to: /home/lunatik/dwm-Gruvbox/wallpapers/Nature/forest-2.jpg'
INFO: 2026-10-03 21:14:35,636: trigger_download() 'Triggering download thread to check if download needed and possible'
INFO: 2026-10-03 21:14:50,804: apply() 'Applying preferences'
ERROR: 2026-10-03 21:14:50,804: get_xdg_pictures_folder() 'Could not get path to Pictures folder. Defaulting to ~/Pictures.'
Traceback (most recent call last):
  File "/usr/lib/python3.14/site-packages/variety/Util.py", line 847, in get_xdg_pictures_folder
    raise Exception("Could not get path to Pictures folder. Defaulting to ~/Pictures.")
Exception: Could not get path to Pictures folder. Defaulting to ~/Pictures.
ERROR: 2026-10-03 21:14:50,810: get_xdg_pictures_folder() 'Could not get path to Pictures folder. Defaulting to ~/Pictures.'
Traceback (most recent call last):
  File "/usr/lib/python3.14/site-packages/variety/Util.py", line 847, in get_xdg_pictures_folder
    raise Exception("Could not get path to Pictures folder. Defaulting to ~/Pictures.")
Exception: Could not get path to Pictures folder. Defaulting to ~/Pictures.
ERROR: 2026-10-03 21:14:50,814: get_xdg_pictures_folder() 'Could not get path to Pictures folder. Defaulting to ~/Pictures.'
Traceback (most recent call last):
  File "/usr/lib/python3.14/site-packages/variety/Util.py", line 847, in get_xdg_pictures_folder
    raise Exception("Could not get path to Pictures folder. Defaulting to ~/Pictures.")
Exception: Could not get path to Pictures folder. Defaulting to ~/Pictures.
ERROR: 2026-10-03 21:14:50,825: get_xdg_pictures_folder() 'Could not get path to Pictures folder. Defaulting to ~/Pictures.'
Traceback (most recent call last):
  File "/usr/lib/python3.14/site-packages/variety/Util.py", line 847, in get_xdg_pictures_folder
    raise Exception("Could not get path to Pictures folder. Defaulting to ~/Pictures.")
Exception: Could not get path to Pictures folder. Defaulting to ~/Pictures.
ERROR: 2026-10-03 21:14:50,832: get_xdg_pictures_folder() 'Could not get path to Pictures folder. Defaulting to ~/Pictures.'
Traceback (most recent call last):
  File "/usr/lib/python3.14/site-packages/variety/Util.py", line 847, in get_xdg_pictures_folder
    raise Exception("Could not get path to Pictures folder. Defaulting to ~/Pictures.")
Exception: Could not get path to Pictures folder. Defaulting to ~/Pictures.
INFO: 2026-10-03 21:14:50,835: log_options() 'Loaded options:'
INFO: 2026-10-03 21:14:50,836: log_options() 'change_enabled = True'
INFO: 2026-10-03 21:14:50,836: log_options() 'change_interval = 300'
INFO: 2026-10-03 21:14:50,836: log_options() 'change_lock_screen = False'
INFO: 2026-10-03 21:14:50,836: log_options() 'change_on_start = False'
INFO: 2026-10-03 21:14:50,836: log_options() 'clipboard_enabled = False'
INFO: 2026-10-03 21:14:50,836: log_options() 'clipboard_hosts = ['wallhaven.cc', 'wallpapers.net', 'flickr.com', 'imgur.com', 'deviantart.com', 'interfacelift.com', 'vladstudio.com', 'imageshack.us', 'deviantart.net', 'imageshack.com']'
INFO: 2026-10-03 21:14:50,836: log_options() 'clipboard_use_whitelist = True'
INFO: 2026-10-03 21:14:50,836: log_options() 'clock_date_font = JetBrainsMonoNL Nerd Font Propo Bold Italic 30'
INFO: 2026-10-03 21:14:50,836: log_options() 'clock_enabled = True'
INFO: 2026-10-03 21:14:50,836: log_options() 'clock_filter = -density 100 -font '%CLOCK_FONT_FILE' -pointsize %CLOCK_FONT_SIZE -gravity SouthEast -fill '#00000044' -annotate 0x0+[%HOFFSET+58]+[%VOFFSET+108] '%H:%M' -fill white -annotate 0x0+[%HOFFSET+60]+[%VOFFSET+110] '%H:%M' -font '%DATE_FONT_FILE' -pointsize %DATE_FONT_SIZE -fill '#00000044' -annotate 0x0+[%HOFFSET+58]+[%VOFFSET+58] '%A, %B %d' -fill white -annotate 0x0+[%HOFFSET+60]+[%VOFFSET+60] '%A, %B %d''
INFO: 2026-10-03 21:14:50,836: log_options() 'clock_font = JetBrainsMono Nerd Font Propo Medium 70'
INFO: 2026-10-03 21:14:50,837: log_options() 'configfile = /home/lunatik/.config/variety/variety.conf'
INFO: 2026-10-03 21:14:50,837: log_options() 'copyto_enabled = False'
INFO: 2026-10-03 21:14:50,837: log_options() 'copyto_folder = Default'
INFO: 2026-10-03 21:14:50,837: log_options() 'desired_color = [160, 160, 160]'
INFO: 2026-10-03 21:14:50,837: log_options() 'desired_color_enabled = False'
INFO: 2026-10-03 21:14:50,837: log_options() 'download_folder = /home/lunatik/.config/variety/Downloaded'
INFO: 2026-10-03 21:14:50,835: set_visible() 'Showing status icon'
INFO: 2026-10-03 21:14:50,837: log_options() 'download_preference_ratio = 0.9'
INFO: 2026-10-03 21:14:50,837: log_options() 'favorites_folder = /home/lunatik/.config/variety/Favorites'
INFO: 2026-10-03 21:14:50,837: log_options() 'favorites_operations = [['Downloaded', 'Copy'], ['Fetched', 'Move'], ['Others', 'Copy']]'
INFO: 2026-10-03 21:14:50,838: log_options() 'fetched_folder = /home/lunatik/.config/variety/Fetched'
INFO: 2026-10-03 21:14:50,838: log_options() 'filters = [[True, 'Keep original', ''], [False, 'Grayscale', '-type Grayscale'], [False, 'Heavy blur', '-scale 20% -blur 0x10 -resize 500%'], [False, 'Soft blur', '-scale 20% -blur 0x2 -resize 500%'], [False, 'Oil painting', '-paint 8'], [False, 'Pointilism', '-spread 10 -noise 3'], [False, 'Pixellate', '-scale 3% -scale 3333%']]'
INFO: 2026-10-03 21:14:50,838: log_options() 'get_wallpaper_script = /home/lunatik/.config/variety/scripts/get_wallpaper'
INFO: 2026-10-03 21:14:50,838: log_options() 'icon = Dark'
INFO: 2026-10-03 21:14:50,838: log_options() 'internet_enabled = False'
INFO: 2026-10-03 21:14:50,838: log_options() 'lightness_enabled = False'
INFO: 2026-10-03 21:14:50,838: log_options() 'lightness_mode = 0'
INFO: 2026-10-03 21:14:50,838: log_options() 'min_rating = 4'
INFO: 2026-10-03 21:14:50,838: log_options() 'min_rating_enabled = False'
INFO: 2026-10-03 21:14:50,838: log_options() 'min_size = 80'
INFO: 2026-10-03 21:14:50,838: log_options() 'min_size_enabled = False'
INFO: 2026-10-03 21:14:50,839: log_options() 'name_regex = .*'
INFO: 2026-10-03 21:14:50,839: log_options() 'name_regex_enabled = False'
INFO: 2026-10-03 21:14:50,839: log_options() 'quota_enabled = True'
INFO: 2026-10-03 21:14:50,839: log_options() 'quota_size = 1000'
INFO: 2026-10-03 21:14:50,839: log_options() 'quotes_authors = '
INFO: 2026-10-03 21:14:50,839: log_options() 'quotes_bg_color = [80, 80, 80]'
INFO: 2026-10-03 21:14:50,839: log_options() 'quotes_bg_opacity = 55'
INFO: 2026-10-03 21:14:50,839: log_options() 'quotes_change_enabled = False'
INFO: 2026-10-03 21:14:50,839: log_options() 'quotes_change_interval = 10'
INFO: 2026-10-03 21:14:50,839: log_options() 'quotes_disabled_sources = ['Urban Dictionary']'
INFO: 2026-10-03 21:14:50,839: log_options() 'quotes_enabled = False'
INFO: 2026-10-03 21:14:50,839: log_options() 'quotes_favorites_file = /home/lunatik/.config/variety/favorite_quotes.txt'
INFO: 2026-10-03 21:14:50,838: set_icon() 'Showing status icon image: /usr/lib/python3.14/site-packages/variety/data/media/variety-indicator-dark.png'
INFO: 2026-10-03 21:14:50,839: log_options() 'quotes_font = Serif 30'
INFO: 2026-10-03 21:14:50,840: log_options() 'quotes_hpos = 100'
INFO: 2026-10-03 21:14:50,840: log_options() 'quotes_max_length = 250'
INFO: 2026-10-03 21:14:50,840: log_options() 'quotes_tags = '
INFO: 2026-10-03 21:14:50,840: log_options() 'quotes_text_color = [237, 51, 59]'
INFO: 2026-10-03 21:14:50,840: log_options() 'quotes_text_shadow = False'
INFO: 2026-10-03 21:14:50,840: log_options() 'quotes_vpos = 40'
INFO: 2026-10-03 21:14:50,840: log_options() 'quotes_width = 70'
INFO: 2026-10-03 21:14:50,840: log_options() 'safe_mode = False'
INFO: 2026-10-03 21:14:50,840: log_options() 'set_lock_screen_script = /home/lunatik/.config/variety/scripts/set_lock_screen'
INFO: 2026-10-03 21:14:50,840: log_options() 'set_wallpaper_script = /home/lunatik/.config/variety/scripts/set_wallpaper'
INFO: 2026-10-03 21:14:50,840: log_options() 'slideshow_custom_enabled = False'
INFO: 2026-10-03 21:14:50,840: log_options() 'slideshow_custom_folder = /home/lunatik/Pictures'
INFO: 2026-10-03 21:14:50,840: log_options() 'slideshow_downloads_enabled = False'
INFO: 2026-10-03 21:14:50,840: log_options() 'slideshow_fade = 0.4'
INFO: 2026-10-03 21:14:50,840: log_options() 'slideshow_favorites_enabled = True'
INFO: 2026-10-03 21:14:50,840: log_options() 'slideshow_mode = Fullscreen'
INFO: 2026-10-03 21:14:50,840: log_options() 'slideshow_monitor = All'
INFO: 2026-10-03 21:14:50,840: log_options() 'slideshow_pan = 0.05'
INFO: 2026-10-03 21:14:50,840: log_options() 'slideshow_seconds = 6.0'
INFO: 2026-10-03 21:14:50,840: log_options() 'slideshow_sort_order = Random'
INFO: 2026-10-03 21:14:50,841: log_options() 'slideshow_sources_enabled = True'
INFO: 2026-10-03 21:14:50,841: log_options() 'slideshow_zoom = 0.2'
INFO: 2026-10-03 21:14:50,841: log_options() 'smart_enabled = False'
INFO: 2026-10-03 21:14:50,841: log_options() 'smart_notice_shown = False'
INFO: 2026-10-03 21:14:50,841: log_options() 'smart_register_shown = False'
INFO: 2026-10-03 21:14:50,841: log_options() 'sources = [[False, 'favorites', 'The Favorites folder'], [False, 'fetched', 'The Fetched folder'], [False, 'apod', "NASA's Astronomy Picture of the Day"], [False, 'bing', 'Bing Photo of the Day'], [False, 'earthview', 'Google Earth View Wallpapers'], [False, 'unsplash', 'High-resolution photos from Unsplash.com'], [True, 'folder', '/home/lunatik/dwm-Gruvbox/wallpapers'], [False, 'flickr', 'user:www.flickr.com/photos/peter-levi/;user_id:93647178@N00;']]'
INFO: 2026-10-03 21:14:50,841: log_options() 'stats_enabled = True'
INFO: 2026-10-03 21:14:50,841: log_options() 'stats_notice_shown = False'
INFO: 2026-10-03 21:14:50,841: log_options() 'sync_enabled = True'
INFO: 2026-10-03 21:14:50,841: log_options() 'use_landscape_enabled = True'
INFO: 2026-10-03 21:14:50,841: log_options() 'wallhaven_api_key = '
INFO: 2026-10-03 21:14:50,841: log_options() 'wallpaper_auto_rotate = False'
INFO: 2026-10-03 21:14:50,841: log_options() 'wallpaper_display_mode = smart'
INFO: 2026-10-03 21:14:50,841: reload_config() 'No need to clear prepared queue'
INFO: 2026-10-03 21:14:50,841: update_indicator() 'Setting file info to: /home/lunatik/dwm-Gruvbox/wallpapers/Nature/forest-2.jpg'
INFO: 2026-10-03 21:14:50,843: prepare_thread() 'Prepared buffer contains 14 images'
INFO: 2026-10-03 21:14:50,943: do_set_wp() 'Calling do_set_wp with /home/lunatik/dwm-Gruvbox/wallpapers/Nature/forest-2.jpg, time: 1791051290.9435873'
INFO: 2026-10-03 21:14:51,186: compute_trimmed_offsets() 'Trimmed offsets debug info: w:1920, h:1080, ratio:1.777778, iw:3840, ih:2160, scw:1920, sch:1080, ho:0, vo:0'
INFO: 2026-10-03 21:14:51,204: build_imagemagick_clock_cmd() 'Applying clock filter: -density 100 -font '/usr/share/fonts/TTF/JetBrainsMonoNerdFontPropo-Medium.ttf' -pointsize 70 -gravity SouthEast -fill '#00000044' -annotate 0x0+58+108 '21:14' -fill white -annotate 0x0+60+110 '21:14' -font '/usr/share/fonts/TTF/JetBrainsMonoNLNerdFontPropo-BoldItalic.ttf' -pointsize 30 -fill '#00000044' -annotate 0x0+58+58 'Saturday, October 03' -fill white -annotate 0x0+60+60 'Saturday, October 03''
INFO: 2026-10-03 21:14:51,204: build_imagemagick_clock_cmd() 'ImageMagick clock args: ['/usr/bin/magick', '/home/lunatik/dwm-Gruvbox/wallpapers/Nature/forest-2.jpg', '-scale', '1920x1080^', '-density', '100', '-font', '/usr/share/fonts/TTF/JetBrainsMonoNerdFontPropo-Medium.ttf', '-pointsize', '70', '-gravity', 'SouthEast', '-fill', '#00000044', '-annotate', '0x0+58+108', '21:14', '-fill', 'white', '-annotate', '0x0+60+110', '21:14', '-font', '/usr/share/fonts/TTF/JetBrainsMonoNLNerdFontPropo-BoldItalic.ttf', '-pointsize', '30', '-fill', '#00000044', '-annotate', '0x0+58+58', 'Saturday, October 03', '-fill', 'white', '-annotate', '0x0+60+60', 'Saturday, October 03', '/home/lunatik/.config/variety/wallpaper/wallpaper-clock-eccf5593d9648162bc9fbc69fdc039c1.jpg']'
INFO: 2026-10-03 21:14:51,762: update_indicator() 'Setting file info to: /home/lunatik/dwm-Gruvbox/wallpapers/Nature/forest-2.jpg'
INFO: 2026-10-03 21:14:52,843: trigger_download() 'Triggering download thread to check if download needed and possible'
INFO: 2026-10-03 21:15:00,442: clock_thread_method() 'clock_thread updates wallpaper'
INFO: 2026-10-03 21:15:00,442: do_set_wp() 'Calling do_set_wp with /home/lunatik/dwm-Gruvbox/wallpapers/Nature/forest-2.jpg, time: 1791051300.4429462'
INFO: 2026-10-03 21:15:00,683: compute_trimmed_offsets() 'Trimmed offsets debug info: w:1920, h:1080, ratio:1.777778, iw:3840, ih:2160, scw:1920, sch:1080, ho:0, vo:0'
INFO: 2026-10-03 21:15:00,683: build_imagemagick_clock_cmd() 'Applying clock filter: -density 100 -font '/usr/share/fonts/TTF/JetBrainsMonoNerdFontPropo-Medium.ttf' -pointsize 70 -gravity SouthEast -fill '#00000044' -annotate 0x0+58+108 '21:15' -fill white -annotate 0x0+60+110 '21:15' -font '/usr/share/fonts/TTF/JetBrainsMonoNLNerdFontPropo-BoldItalic.ttf' -pointsize 30 -fill '#00000044' -annotate 0x0+58+58 'Saturday, October 03' -fill white -annotate 0x0+60+60 'Saturday, October 03''
INFO: 2026-10-03 21:15:00,684: build_imagemagick_clock_cmd() 'ImageMagick clock args: ['/usr/bin/magick', '/home/lunatik/dwm-Gruvbox/wallpapers/Nature/forest-2.jpg', '-scale', '1920x1080^', '-density', '100', '-font', '/usr/share/fonts/TTF/JetBrainsMonoNerdFontPropo-Medium.ttf', '-pointsize', '70', '-gravity', 'SouthEast', '-fill', '#00000044', '-annotate', '0x0+58+108', '21:15', '-fill', 'white', '-annotate', '0x0+60+110', '21:15', '-font', '/usr/share/fonts/TTF/JetBrainsMonoNLNerdFontPropo-BoldItalic.ttf', '-pointsize', '30', '-fill', '#00000044', '-annotate', '0x0+58+58', 'Saturday, October 03', '-fill', 'white', '-annotate', '0x0+60+60', 'Saturday, October 03', '/home/lunatik/.config/variety/wallpaper/wallpaper-clock-1e0fa89cf9a37481b7cb8865220067fa.jpg']'
INFO: 2026-10-03 21:15:01,240: update_indicator() 'Setting file info to: /home/lunatik/dwm-Gruvbox/wallpapers/Nature/forest-2.jpg'
INFO: 2026-10-03 21:15:16,867: apply() 'Applying preferences'
ERROR: 2026-10-03 21:15:16,868: get_xdg_pictures_folder() 'Could not get path to Pictures folder. Defaulting to ~/Pictures.'
Traceback (most recent call last):
  File "/usr/lib/python3.14/site-packages/variety/Util.py", line 847, in get_xdg_pictures_folder
    raise Exception("Could not get path to Pictures folder. Defaulting to ~/Pictures.")
Exception: Could not get path to Pictures folder. Defaulting to ~/Pictures.
ERROR: 2026-10-03 21:15:16,875: get_xdg_pictures_folder() 'Could not get path to Pictures folder. Defaulting to ~/Pictures.'
Traceback (most recent call last):
  File "/usr/lib/python3.14/site-packages/variety/Util.py", line 847, in get_xdg_pictures_folder
    raise Exception("Could not get path to Pictures folder. Defaulting to ~/Pictures.")
Exception: Could not get path to Pictures folder. Defaulting to ~/Pictures.
ERROR: 2026-10-03 21:15:16,879: get_xdg_pictures_folder() 'Could not get path to Pictures folder. Defaulting to ~/Pictures.'
Traceback (most recent call last):
  File "/usr/lib/python3.14/site-packages/variety/Util.py", line 847, in get_xdg_pictures_folder
    raise Exception("Could not get path to Pictures folder. Defaulting to ~/Pictures.")
Exception: Could not get path to Pictures folder. Defaulting to ~/Pictures.
ERROR: 2026-10-03 21:15:16,891: get_xdg_pictures_folder() 'Could not get path to Pictures folder. Defaulting to ~/Pictures.'
Traceback (most recent call last):
  File "/usr/lib/python3.14/site-packages/variety/Util.py", line 847, in get_xdg_pictures_folder
    raise Exception("Could not get path to Pictures folder. Defaulting to ~/Pictures.")
Exception: Could not get path to Pictures folder. Defaulting to ~/Pictures.
ERROR: 2026-10-03 21:15:16,896: get_xdg_pictures_folder() 'Could not get path to Pictures folder. Defaulting to ~/Pictures.'
Traceback (most recent call last):
  File "/usr/lib/python3.14/site-packages/variety/Util.py", line 847, in get_xdg_pictures_folder
    raise Exception("Could not get path to Pictures folder. Defaulting to ~/Pictures.")
Exception: Could not get path to Pictures folder. Defaulting to ~/Pictures.
INFO: 2026-10-03 21:15:16,898: log_options() 'Loaded options:'
INFO: 2026-10-03 21:15:16,898: log_options() 'change_enabled = True'
INFO: 2026-10-03 21:15:16,898: log_options() 'change_interval = 300'
INFO: 2026-10-03 21:15:16,898: log_options() 'change_lock_screen = False'
INFO: 2026-10-03 21:15:16,898: log_options() 'change_on_start = False'
INFO: 2026-10-03 21:15:16,898: log_options() 'clipboard_enabled = False'
INFO: 2026-10-03 21:15:16,898: log_options() 'clipboard_hosts = ['wallhaven.cc', 'wallpapers.net', 'flickr.com', 'imgur.com', 'deviantart.com', 'interfacelift.com', 'vladstudio.com', 'imageshack.us', 'deviantart.net', 'imageshack.com']'
INFO: 2026-10-03 21:15:16,898: log_options() 'clipboard_use_whitelist = True'
INFO: 2026-10-03 21:15:16,899: log_options() 'clock_date_font = JetBrainsMono Nerd Font Propo Ultra-Bold 30'
INFO: 2026-10-03 21:15:16,899: log_options() 'clock_enabled = True'
INFO: 2026-10-03 21:15:16,899: log_options() 'clock_filter = -density 100 -font '%CLOCK_FONT_FILE' -pointsize %CLOCK_FONT_SIZE -gravity SouthEast -fill '#00000044' -annotate 0x0+[%HOFFSET+58]+[%VOFFSET+108] '%H:%M' -fill white -annotate 0x0+[%HOFFSET+60]+[%VOFFSET+110] '%H:%M' -font '%DATE_FONT_FILE' -pointsize %DATE_FONT_SIZE -fill '#00000044' -annotate 0x0+[%HOFFSET+58]+[%VOFFSET+58] '%A, %B %d' -fill white -annotate 0x0+[%HOFFSET+60]+[%VOFFSET+60] '%A, %B %d''
INFO: 2026-10-03 21:15:16,899: log_options() 'clock_font = JetBrainsMono Nerd Font Propo Medium 70'
INFO: 2026-10-03 21:15:16,899: log_options() 'configfile = /home/lunatik/.config/variety/variety.conf'
INFO: 2026-10-03 21:15:16,899: log_options() 'copyto_enabled = False'
INFO: 2026-10-03 21:15:16,899: log_options() 'copyto_folder = Default'
INFO: 2026-10-03 21:15:16,899: log_options() 'desired_color = [160, 160, 160]'
INFO: 2026-10-03 21:15:16,899: log_options() 'desired_color_enabled = False'
INFO: 2026-10-03 21:15:16,899: log_options() 'download_folder = /home/lunatik/.config/variety/Downloaded'
INFO: 2026-10-03 21:15:16,899: log_options() 'download_preference_ratio = 0.9'
INFO: 2026-10-03 21:15:16,899: log_options() 'favorites_folder = /home/lunatik/.config/variety/Favorites'
INFO: 2026-10-03 21:15:16,899: log_options() 'favorites_operations = [['Downloaded', 'Copy'], ['Fetched', 'Move'], ['Others', 'Copy']]'
INFO: 2026-10-03 21:15:16,899: log_options() 'fetched_folder = /home/lunatik/.config/variety/Fetched'
INFO: 2026-10-03 21:15:16,899: log_options() 'filters = [[True, 'Keep original', ''], [False, 'Grayscale', '-type Grayscale'], [False, 'Heavy blur', '-scale 20% -blur 0x10 -resize 500%'], [False, 'Soft blur', '-scale 20% -blur 0x2 -resize 500%'], [False, 'Oil painting', '-paint 8'], [False, 'Pointilism', '-spread 10 -noise 3'], [False, 'Pixellate', '-scale 3% -scale 3333%']]'
INFO: 2026-10-03 21:15:16,900: log_options() 'get_wallpaper_script = /home/lunatik/.config/variety/scripts/get_wallpaper'
INFO: 2026-10-03 21:15:16,900: log_options() 'icon = Dark'
INFO: 2026-10-03 21:15:16,900: log_options() 'internet_enabled = False'
INFO: 2026-10-03 21:15:16,900: log_options() 'lightness_enabled = False'
INFO: 2026-10-03 21:15:16,900: log_options() 'lightness_mode = 0'
INFO: 2026-10-03 21:15:16,900: log_options() 'min_rating = 4'
INFO: 2026-10-03 21:15:16,900: log_options() 'min_rating_enabled = False'
INFO: 2026-10-03 21:15:16,900: log_options() 'min_size = 80'
INFO: 2026-10-03 21:15:16,900: log_options() 'min_size_enabled = False'
INFO: 2026-10-03 21:15:16,900: log_options() 'name_regex = .*'
INFO: 2026-10-03 21:15:16,901: log_options() 'name_regex_enabled = False'
INFO: 2026-10-03 21:15:16,901: log_options() 'quota_enabled = True'
INFO: 2026-10-03 21:15:16,901: log_options() 'quota_size = 1000'
INFO: 2026-10-03 21:15:16,901: log_options() 'quotes_authors = '
INFO: 2026-10-03 21:15:16,901: log_options() 'quotes_bg_color = [80, 80, 80]'
INFO: 2026-10-03 21:15:16,901: log_options() 'quotes_bg_opacity = 55'
INFO: 2026-10-03 21:15:16,901: log_options() 'quotes_change_enabled = False'
INFO: 2026-10-03 21:15:16,900: set_visible() 'Showing status icon'
INFO: 2026-10-03 21:15:16,901: log_options() 'quotes_change_interval = 10'
INFO: 2026-10-03 21:15:16,901: log_options() 'quotes_disabled_sources = ['Urban Dictionary']'
INFO: 2026-10-03 21:15:16,901: log_options() 'quotes_enabled = False'
INFO: 2026-10-03 21:15:16,902: log_options() 'quotes_favorites_file = /home/lunatik/.config/variety/favorite_quotes.txt'
INFO: 2026-10-03 21:15:16,902: log_options() 'quotes_font = Serif 30'
INFO: 2026-10-03 21:15:16,902: log_options() 'quotes_hpos = 100'
INFO: 2026-10-03 21:15:16,902: log_options() 'quotes_max_length = 250'
INFO: 2026-10-03 21:15:16,902: log_options() 'quotes_tags = '
INFO: 2026-10-03 21:15:16,902: log_options() 'quotes_text_color = [237, 51, 59]'
INFO: 2026-10-03 21:15:16,902: log_options() 'quotes_text_shadow = False'
INFO: 2026-10-03 21:15:16,902: log_options() 'quotes_vpos = 40'
INFO: 2026-10-03 21:15:16,902: log_options() 'quotes_width = 70'
INFO: 2026-10-03 21:15:16,902: log_options() 'safe_mode = False'
INFO: 2026-10-03 21:15:16,902: log_options() 'set_lock_screen_script = /home/lunatik/.config/variety/scripts/set_lock_screen'
INFO: 2026-10-03 21:15:16,902: log_options() 'set_wallpaper_script = /home/lunatik/.config/variety/scripts/set_wallpaper'
INFO: 2026-10-03 21:15:16,902: log_options() 'slideshow_custom_enabled = False'
INFO: 2026-10-03 21:15:16,902: log_options() 'slideshow_custom_folder = /home/lunatik/Pictures'
INFO: 2026-10-03 21:15:16,902: log_options() 'slideshow_downloads_enabled = False'
INFO: 2026-10-03 21:15:16,902: log_options() 'slideshow_fade = 0.4'
INFO: 2026-10-03 21:15:16,903: log_options() 'slideshow_favorites_enabled = True'
INFO: 2026-10-03 21:15:16,903: log_options() 'slideshow_mode = Fullscreen'
INFO: 2026-10-03 21:15:16,903: log_options() 'slideshow_monitor = All'
INFO: 2026-10-03 21:15:16,903: log_options() 'slideshow_pan = 0.05'
INFO: 2026-10-03 21:15:16,902: set_icon() 'Showing status icon image: /usr/lib/python3.14/site-packages/variety/data/media/variety-indicator-dark.png'
INFO: 2026-10-03 21:15:16,903: log_options() 'slideshow_seconds = 6.0'
INFO: 2026-10-03 21:15:16,903: log_options() 'slideshow_sort_order = Random'
INFO: 2026-10-03 21:15:16,903: log_options() 'slideshow_sources_enabled = True'
INFO: 2026-10-03 21:15:16,903: log_options() 'slideshow_zoom = 0.2'
INFO: 2026-10-03 21:15:16,903: log_options() 'smart_enabled = False'
INFO: 2026-10-03 21:15:16,903: log_options() 'smart_notice_shown = False'
INFO: 2026-10-03 21:15:16,903: log_options() 'smart_register_shown = False'
INFO: 2026-10-03 21:15:16,903: log_options() 'sources = [[False, 'favorites', 'The Favorites folder'], [False, 'fetched', 'The Fetched folder'], [False, 'apod', "NASA's Astronomy Picture of the Day"], [False, 'bing', 'Bing Photo of the Day'], [False, 'earthview', 'Google Earth View Wallpapers'], [False, 'unsplash', 'High-resolution photos from Unsplash.com'], [True, 'folder', '/home/lunatik/dwm-Gruvbox/wallpapers'], [False, 'flickr', 'user:www.flickr.com/photos/peter-levi/;user_id:93647178@N00;']]'
INFO: 2026-10-03 21:15:16,903: log_options() 'stats_enabled = True'
INFO: 2026-10-03 21:15:16,903: log_options() 'stats_notice_shown = False'
INFO: 2026-10-03 21:15:16,903: log_options() 'sync_enabled = True'
INFO: 2026-10-03 21:15:16,903: log_options() 'use_landscape_enabled = True'
INFO: 2026-10-03 21:15:16,903: log_options() 'wallhaven_api_key = '
INFO: 2026-10-03 21:15:16,904: log_options() 'wallpaper_auto_rotate = False'
INFO: 2026-10-03 21:15:16,904: log_options() 'wallpaper_display_mode = smart'
INFO: 2026-10-03 21:15:16,904: reload_config() 'No need to clear prepared queue'
INFO: 2026-10-03 21:15:16,904: update_indicator() 'Setting file info to: /home/lunatik/dwm-Gruvbox/wallpapers/Nature/forest-2.jpg'
INFO: 2026-10-03 21:15:16,906: prepare_thread() 'Prepared buffer contains 14 images'
INFO: 2026-10-03 21:15:17,006: do_set_wp() 'Calling do_set_wp with /home/lunatik/dwm-Gruvbox/wallpapers/Nature/forest-2.jpg, time: 1791051317.0067356'
INFO: 2026-10-03 21:15:17,250: compute_trimmed_offsets() 'Trimmed offsets debug info: w:1920, h:1080, ratio:1.777778, iw:3840, ih:2160, scw:1920, sch:1080, ho:0, vo:0'
INFO: 2026-10-03 21:15:17,267: build_imagemagick_clock_cmd() 'Applying clock filter: -density 100 -font '/usr/share/fonts/TTF/JetBrainsMonoNerdFontPropo-Medium.ttf' -pointsize 70 -gravity SouthEast -fill '#00000044' -annotate 0x0+58+108 '21:15' -fill white -annotate 0x0+60+110 '21:15' -font '/usr/share/fonts/TTF/JetBrainsMonoNerdFontPropo-Regular.ttf' -pointsize 30 -fill '#00000044' -annotate 0x0+58+58 'Saturday, October 03' -fill white -annotate 0x0+60+60 'Saturday, October 03''
INFO: 2026-10-03 21:15:17,268: build_imagemagick_clock_cmd() 'ImageMagick clock args: ['/usr/bin/magick', '/home/lunatik/dwm-Gruvbox/wallpapers/Nature/forest-2.jpg', '-scale', '1920x1080^', '-density', '100', '-font', '/usr/share/fonts/TTF/JetBrainsMonoNerdFontPropo-Medium.ttf', '-pointsize', '70', '-gravity', 'SouthEast', '-fill', '#00000044', '-annotate', '0x0+58+108', '21:15', '-fill', 'white', '-annotate', '0x0+60+110', '21:15', '-font', '/usr/share/fonts/TTF/JetBrainsMonoNerdFontPropo-Regular.ttf', '-pointsize', '30', '-fill', '#00000044', '-annotate', '0x0+58+58', 'Saturday, October 03', '-fill', 'white', '-annotate', '0x0+60+60', 'Saturday, October 03', '/home/lunatik/.config/variety/wallpaper/wallpaper-clock-15adf210c8f53f7f4a3579571ceb3ff8.jpg']'
INFO: 2026-10-03 21:15:17,837: update_indicator() 'Setting file info to: /home/lunatik/dwm-Gruvbox/wallpapers/Nature/forest-2.jpg'
INFO: 2026-10-03 21:15:18,907: trigger_download() 'Triggering download thread to check if download needed and possible'
INFO: 2026-10-03 21:15:21,939: apply() 'Applying preferences'
ERROR: 2026-10-03 21:15:21,940: get_xdg_pictures_folder() 'Could not get path to Pictures folder. Defaulting to ~/Pictures.'
Traceback (most recent call last):
  File "/usr/lib/python3.14/site-packages/variety/Util.py", line 847, in get_xdg_pictures_folder
    raise Exception("Could not get path to Pictures folder. Defaulting to ~/Pictures.")
Exception: Could not get path to Pictures folder. Defaulting to ~/Pictures.
ERROR: 2026-10-03 21:15:21,948: get_xdg_pictures_folder() 'Could not get path to Pictures folder. Defaulting to ~/Pictures.'
Traceback (most recent call last):
  File "/usr/lib/python3.14/site-packages/variety/Util.py", line 847, in get_xdg_pictures_folder
    raise Exception("Could not get path to Pictures folder. Defaulting to ~/Pictures.")
Exception: Could not get path to Pictures folder. Defaulting to ~/Pictures.
ERROR: 2026-10-03 21:15:21,951: get_xdg_pictures_folder() 'Could not get path to Pictures folder. Defaulting to ~/Pictures.'
Traceback (most recent call last):
  File "/usr/lib/python3.14/site-packages/variety/Util.py", line 847, in get_xdg_pictures_folder
    raise Exception("Could not get path to Pictures folder. Defaulting to ~/Pictures.")
Exception: Could not get path to Pictures folder. Defaulting to ~/Pictures.
ERROR: 2026-10-03 21:15:21,958: get_xdg_pictures_folder() 'Could not get path to Pictures folder. Defaulting to ~/Pictures.'
Traceback (most recent call last):
  File "/usr/lib/python3.14/site-packages/variety/Util.py", line 847, in get_xdg_pictures_folder
    raise Exception("Could not get path to Pictures folder. Defaulting to ~/Pictures.")
Exception: Could not get path to Pictures folder. Defaulting to ~/Pictures.
ERROR: 2026-10-03 21:15:21,962: get_xdg_pictures_folder() 'Could not get path to Pictures folder. Defaulting to ~/Pictures.'
Traceback (most recent call last):
  File "/usr/lib/python3.14/site-packages/variety/Util.py", line 847, in get_xdg_pictures_folder
    raise Exception("Could not get path to Pictures folder. Defaulting to ~/Pictures.")
Exception: Could not get path to Pictures folder. Defaulting to ~/Pictures.
INFO: 2026-10-03 21:15:21,964: set_visible() 'Showing status icon'
INFO: 2026-10-03 21:15:21,965: set_icon() 'Showing status icon image: /usr/lib/python3.14/site-packages/variety/data/media/variety-indicator-dark.png'
INFO: 2026-10-03 21:15:21,965: log_options() 'Loaded options:'
INFO: 2026-10-03 21:15:21,966: log_options() 'change_enabled = True'
INFO: 2026-10-03 21:15:21,966: log_options() 'change_interval = 300'
INFO: 2026-10-03 21:15:21,966: log_options() 'change_lock_screen = False'
INFO: 2026-10-03 21:15:21,966: log_options() 'change_on_start = False'
INFO: 2026-10-03 21:15:21,966: log_options() 'clipboard_enabled = False'
INFO: 2026-10-03 21:15:21,966: log_options() 'clipboard_hosts = ['wallhaven.cc', 'wallpapers.net', 'flickr.com', 'imgur.com', 'deviantart.com', 'interfacelift.com', 'vladstudio.com', 'imageshack.us', 'deviantart.net', 'imageshack.com']'
INFO: 2026-10-03 21:15:21,966: log_options() 'clipboard_use_whitelist = True'
INFO: 2026-10-03 21:15:21,967: log_options() 'clock_date_font = JetBrainsMono Nerd Font Propo Bold 30'
INFO: 2026-10-03 21:15:21,967: log_options() 'clock_enabled = True'
INFO: 2026-10-03 21:15:21,967: log_options() 'clock_filter = -density 100 -font '%CLOCK_FONT_FILE' -pointsize %CLOCK_FONT_SIZE -gravity SouthEast -fill '#00000044' -annotate 0x0+[%HOFFSET+58]+[%VOFFSET+108] '%H:%M' -fill white -annotate 0x0+[%HOFFSET+60]+[%VOFFSET+110] '%H:%M' -font '%DATE_FONT_FILE' -pointsize %DATE_FONT_SIZE -fill '#00000044' -annotate 0x0+[%HOFFSET+58]+[%VOFFSET+58] '%A, %B %d' -fill white -annotate 0x0+[%HOFFSET+60]+[%VOFFSET+60] '%A, %B %d''
INFO: 2026-10-03 21:15:21,967: log_options() 'clock_font = JetBrainsMono Nerd Font Propo Medium 70'
INFO: 2026-10-03 21:15:21,967: log_options() 'configfile = /home/lunatik/.config/variety/variety.conf'
INFO: 2026-10-03 21:15:21,967: log_options() 'copyto_enabled = False'
INFO: 2026-10-03 21:15:21,967: log_options() 'copyto_folder = Default'
INFO: 2026-10-03 21:15:21,967: log_options() 'desired_color = [160, 160, 160]'
INFO: 2026-10-03 21:15:21,967: log_options() 'desired_color_enabled = False'
INFO: 2026-10-03 21:15:21,968: log_options() 'download_folder = /home/lunatik/.config/variety/Downloaded'
INFO: 2026-10-03 21:15:21,968: log_options() 'download_preference_ratio = 0.9'
INFO: 2026-10-03 21:15:21,968: log_options() 'favorites_folder = /home/lunatik/.config/variety/Favorites'
INFO: 2026-10-03 21:15:21,968: log_options() 'favorites_operations = [['Downloaded', 'Copy'], ['Fetched', 'Move'], ['Others', 'Copy']]'
INFO: 2026-10-03 21:15:21,968: log_options() 'fetched_folder = /home/lunatik/.config/variety/Fetched'
INFO: 2026-10-03 21:15:21,968: log_options() 'filters = [[True, 'Keep original', ''], [False, 'Grayscale', '-type Grayscale'], [False, 'Heavy blur', '-scale 20% -blur 0x10 -resize 500%'], [False, 'Soft blur', '-scale 20% -blur 0x2 -resize 500%'], [False, 'Oil painting', '-paint 8'], [False, 'Pointilism', '-spread 10 -noise 3'], [False, 'Pixellate', '-scale 3% -scale 3333%']]'
INFO: 2026-10-03 21:15:21,968: log_options() 'get_wallpaper_script = /home/lunatik/.config/variety/scripts/get_wallpaper'
INFO: 2026-10-03 21:15:21,968: log_options() 'icon = Dark'
INFO: 2026-10-03 21:15:21,968: log_options() 'internet_enabled = False'
INFO: 2026-10-03 21:15:21,968: log_options() 'lightness_enabled = False'
INFO: 2026-10-03 21:15:21,969: log_options() 'lightness_mode = 0'
INFO: 2026-10-03 21:15:21,969: log_options() 'min_rating = 4'
INFO: 2026-10-03 21:15:21,969: log_options() 'min_rating_enabled = False'
INFO: 2026-10-03 21:15:21,969: log_options() 'min_size = 80'
INFO: 2026-10-03 21:15:21,969: log_options() 'min_size_enabled = False'
INFO: 2026-10-03 21:15:21,969: log_options() 'name_regex = .*'
INFO: 2026-10-03 21:15:21,969: log_options() 'name_regex_enabled = False'
INFO: 2026-10-03 21:15:21,969: log_options() 'quota_enabled = True'
INFO: 2026-10-03 21:15:21,969: log_options() 'quota_size = 1000'
INFO: 2026-10-03 21:15:21,969: log_options() 'quotes_authors = '
INFO: 2026-10-03 21:15:21,970: log_options() 'quotes_bg_color = [80, 80, 80]'
INFO: 2026-10-03 21:15:21,970: log_options() 'quotes_bg_opacity = 55'
INFO: 2026-10-03 21:15:21,970: log_options() 'quotes_change_enabled = False'
INFO: 2026-10-03 21:15:21,970: log_options() 'quotes_change_interval = 10'
INFO: 2026-10-03 21:15:21,970: log_options() 'quotes_disabled_sources = ['Urban Dictionary']'
INFO: 2026-10-03 21:15:21,970: log_options() 'quotes_enabled = False'
INFO: 2026-10-03 21:15:21,970: log_options() 'quotes_favorites_file = /home/lunatik/.config/variety/favorite_quotes.txt'
INFO: 2026-10-03 21:15:21,970: log_options() 'quotes_font = Serif 30'
INFO: 2026-10-03 21:15:21,971: log_options() 'quotes_hpos = 100'
INFO: 2026-10-03 21:15:21,971: log_options() 'quotes_max_length = 250'
INFO: 2026-10-03 21:15:21,971: log_options() 'quotes_tags = '
INFO: 2026-10-03 21:15:21,971: log_options() 'quotes_text_color = [237, 51, 59]'
INFO: 2026-10-03 21:15:21,971: log_options() 'quotes_text_shadow = False'
INFO: 2026-10-03 21:15:21,971: log_options() 'quotes_vpos = 40'
INFO: 2026-10-03 21:15:21,971: log_options() 'quotes_width = 70'
INFO: 2026-10-03 21:15:21,971: log_options() 'safe_mode = False'
INFO: 2026-10-03 21:15:21,971: log_options() 'set_lock_screen_script = /home/lunatik/.config/variety/scripts/set_lock_screen'
INFO: 2026-10-03 21:15:21,971: log_options() 'set_wallpaper_script = /home/lunatik/.config/variety/scripts/set_wallpaper'
INFO: 2026-10-03 21:15:21,971: log_options() 'slideshow_custom_enabled = False'
INFO: 2026-10-03 21:15:21,971: log_options() 'slideshow_custom_folder = /home/lunatik/Pictures'
INFO: 2026-10-03 21:15:21,972: log_options() 'slideshow_downloads_enabled = False'
INFO: 2026-10-03 21:15:21,972: log_options() 'slideshow_fade = 0.4'
INFO: 2026-10-03 21:15:21,972: log_options() 'slideshow_favorites_enabled = True'
INFO: 2026-10-03 21:15:21,972: log_options() 'slideshow_mode = Fullscreen'
INFO: 2026-10-03 21:15:21,972: log_options() 'slideshow_monitor = All'
INFO: 2026-10-03 21:15:21,972: log_options() 'slideshow_pan = 0.05'
INFO: 2026-10-03 21:15:21,972: log_options() 'slideshow_seconds = 6.0'
INFO: 2026-10-03 21:15:21,972: log_options() 'slideshow_sort_order = Random'
INFO: 2026-10-03 21:15:21,972: log_options() 'slideshow_sources_enabled = True'
INFO: 2026-10-03 21:15:21,972: log_options() 'slideshow_zoom = 0.2'
INFO: 2026-10-03 21:15:21,972: log_options() 'smart_enabled = False'
INFO: 2026-10-03 21:15:21,972: log_options() 'smart_notice_shown = False'
INFO: 2026-10-03 21:15:21,972: log_options() 'smart_register_shown = False'
INFO: 2026-10-03 21:15:21,972: log_options() 'sources = [[False, 'favorites', 'The Favorites folder'], [False, 'fetched', 'The Fetched folder'], [False, 'apod', "NASA's Astronomy Picture of the Day"], [False, 'bing', 'Bing Photo of the Day'], [False, 'earthview', 'Google Earth View Wallpapers'], [False, 'unsplash', 'High-resolution photos from Unsplash.com'], [True, 'folder', '/home/lunatik/dwm-Gruvbox/wallpapers'], [False, 'flickr', 'user:www.flickr.com/photos/peter-levi/;user_id:93647178@N00;']]'
INFO: 2026-10-03 21:15:21,972: log_options() 'stats_enabled = True'
INFO: 2026-10-03 21:15:21,972: log_options() 'stats_notice_shown = False'
INFO: 2026-10-03 21:15:21,973: log_options() 'sync_enabled = True'
INFO: 2026-10-03 21:15:21,973: log_options() 'use_landscape_enabled = True'
INFO: 2026-10-03 21:15:21,973: log_options() 'wallhaven_api_key = '
INFO: 2026-10-03 21:15:21,973: log_options() 'wallpaper_auto_rotate = False'
INFO: 2026-10-03 21:15:21,973: log_options() 'wallpaper_display_mode = smart'
INFO: 2026-10-03 21:15:21,973: reload_config() 'No need to clear prepared queue'
INFO: 2026-10-03 21:15:21,973: update_indicator() 'Setting file info to: /home/lunatik/dwm-Gruvbox/wallpapers/Nature/forest-2.jpg'
INFO: 2026-10-03 21:15:21,975: prepare_thread() 'Prepared buffer contains 14 images'
INFO: 2026-10-03 21:15:22,075: do_set_wp() 'Calling do_set_wp with /home/lunatik/dwm-Gruvbox/wallpapers/Nature/forest-2.jpg, time: 1791051322.075445'
INFO: 2026-10-03 21:15:22,322: compute_trimmed_offsets() 'Trimmed offsets debug info: w:1920, h:1080, ratio:1.777778, iw:3840, ih:2160, scw:1920, sch:1080, ho:0, vo:0'
INFO: 2026-10-03 21:15:22,339: build_imagemagick_clock_cmd() 'Applying clock filter: -density 100 -font '/usr/share/fonts/TTF/JetBrainsMonoNerdFontPropo-Medium.ttf' -pointsize 70 -gravity SouthEast -fill '#00000044' -annotate 0x0+58+108 '21:15' -fill white -annotate 0x0+60+110 '21:15' -font '/usr/share/fonts/TTF/JetBrainsMonoNerdFontPropo-Bold.ttf' -pointsize 30 -fill '#00000044' -annotate 0x0+58+58 'Saturday, October 03' -fill white -annotate 0x0+60+60 'Saturday, October 03''
INFO: 2026-10-03 21:15:22,340: build_imagemagick_clock_cmd() 'ImageMagick clock args: ['/usr/bin/magick', '/home/lunatik/dwm-Gruvbox/wallpapers/Nature/forest-2.jpg', '-scale', '1920x1080^', '-density', '100', '-font', '/usr/share/fonts/TTF/JetBrainsMonoNerdFontPropo-Medium.ttf', '-pointsize', '70', '-gravity', 'SouthEast', '-fill', '#00000044', '-annotate', '0x0+58+108', '21:15', '-fill', 'white', '-annotate', '0x0+60+110', '21:15', '-font', '/usr/share/fonts/TTF/JetBrainsMonoNerdFontPropo-Bold.ttf', '-pointsize', '30', '-fill', '#00000044', '-annotate', '0x0+58+58', 'Saturday, October 03', '-fill', 'white', '-annotate', '0x0+60+60', 'Saturday, October 03', '/home/lunatik/.config/variety/wallpaper/wallpaper-clock-6f6ea3115491a19f6e770ae8b2c52ac7.jpg']'
INFO: 2026-10-03 21:15:22,892: update_indicator() 'Setting file info to: /home/lunatik/dwm-Gruvbox/wallpapers/Nature/forest-2.jpg'
INFO: 2026-10-03 21:15:23,976: trigger_download() 'Triggering download thread to check if download needed and possible'
INFO: 2026-10-03 21:15:27,226: apply() 'Applying preferences'
ERROR: 2026-10-03 21:15:27,227: get_xdg_pictures_folder() 'Could not get path to Pictures folder. Defaulting to ~/Pictures.'
Traceback (most recent call last):
  File "/usr/lib/python3.14/site-packages/variety/Util.py", line 847, in get_xdg_pictures_folder
    raise Exception("Could not get path to Pictures folder. Defaulting to ~/Pictures.")
Exception: Could not get path to Pictures folder. Defaulting to ~/Pictures.
ERROR: 2026-10-03 21:15:27,234: get_xdg_pictures_folder() 'Could not get path to Pictures folder. Defaulting to ~/Pictures.'
Traceback (most recent call last):
  File "/usr/lib/python3.14/site-packages/variety/Util.py", line 847, in get_xdg_pictures_folder
    raise Exception("Could not get path to Pictures folder. Defaulting to ~/Pictures.")
Exception: Could not get path to Pictures folder. Defaulting to ~/Pictures.
ERROR: 2026-10-03 21:15:27,236: get_xdg_pictures_folder() 'Could not get path to Pictures folder. Defaulting to ~/Pictures.'
Traceback (most recent call last):
  File "/usr/lib/python3.14/site-packages/variety/Util.py", line 847, in get_xdg_pictures_folder
    raise Exception("Could not get path to Pictures folder. Defaulting to ~/Pictures.")
Exception: Could not get path to Pictures folder. Defaulting to ~/Pictures.
ERROR: 2026-10-03 21:15:27,242: get_xdg_pictures_folder() 'Could not get path to Pictures folder. Defaulting to ~/Pictures.'
Traceback (most recent call last):
  File "/usr/lib/python3.14/site-packages/variety/Util.py", line 847, in get_xdg_pictures_folder
    raise Exception("Could not get path to Pictures folder. Defaulting to ~/Pictures.")
Exception: Could not get path to Pictures folder. Defaulting to ~/Pictures.
ERROR: 2026-10-03 21:15:27,246: get_xdg_pictures_folder() 'Could not get path to Pictures folder. Defaulting to ~/Pictures.'
Traceback (most recent call last):
  File "/usr/lib/python3.14/site-packages/variety/Util.py", line 847, in get_xdg_pictures_folder
    raise Exception("Could not get path to Pictures folder. Defaulting to ~/Pictures.")
Exception: Could not get path to Pictures folder. Defaulting to ~/Pictures.
INFO: 2026-10-03 21:15:27,249: set_visible() 'Showing status icon'
INFO: 2026-10-03 21:15:27,249: log_options() 'Loaded options:'
INFO: 2026-10-03 21:15:27,250: log_options() 'change_enabled = True'
INFO: 2026-10-03 21:15:27,250: log_options() 'change_interval = 300'
INFO: 2026-10-03 21:15:27,250: log_options() 'change_lock_screen = False'
INFO: 2026-10-03 21:15:27,250: log_options() 'change_on_start = False'
INFO: 2026-10-03 21:15:27,250: log_options() 'clipboard_enabled = False'
INFO: 2026-10-03 21:15:27,250: log_options() 'clipboard_hosts = ['wallhaven.cc', 'wallpapers.net', 'flickr.com', 'imgur.com', 'deviantart.com', 'interfacelift.com', 'vladstudio.com', 'imageshack.us', 'deviantart.net', 'imageshack.com']'
INFO: 2026-10-03 21:15:27,250: log_options() 'clipboard_use_whitelist = True'
INFO: 2026-10-03 21:15:27,250: log_options() 'clock_date_font = JetBrainsMono Nerd Font Propo Ultra-Bold 30'
INFO: 2026-10-03 21:15:27,250: log_options() 'clock_enabled = True'
INFO: 2026-10-03 21:15:27,250: log_options() 'clock_filter = -density 100 -font '%CLOCK_FONT_FILE' -pointsize %CLOCK_FONT_SIZE -gravity SouthEast -fill '#00000044' -annotate 0x0+[%HOFFSET+58]+[%VOFFSET+108] '%H:%M' -fill white -annotate 0x0+[%HOFFSET+60]+[%VOFFSET+110] '%H:%M' -font '%DATE_FONT_FILE' -pointsize %DATE_FONT_SIZE -fill '#00000044' -annotate 0x0+[%HOFFSET+58]+[%VOFFSET+58] '%A, %B %d' -fill white -annotate 0x0+[%HOFFSET+60]+[%VOFFSET+60] '%A, %B %d''
INFO: 2026-10-03 21:15:27,251: log_options() 'clock_font = JetBrainsMono Nerd Font Propo Medium 70'
INFO: 2026-10-03 21:15:27,251: log_options() 'configfile = /home/lunatik/.config/variety/variety.conf'
INFO: 2026-10-03 21:15:27,251: log_options() 'copyto_enabled = False'
INFO: 2026-10-03 21:15:27,251: log_options() 'copyto_folder = Default'
INFO: 2026-10-03 21:15:27,251: log_options() 'desired_color = [160, 160, 160]'
INFO: 2026-10-03 21:15:27,251: log_options() 'desired_color_enabled = False'
INFO: 2026-10-03 21:15:27,251: log_options() 'download_folder = /home/lunatik/.config/variety/Downloaded'
INFO: 2026-10-03 21:15:27,252: log_options() 'download_preference_ratio = 0.9'
INFO: 2026-10-03 21:15:27,252: log_options() 'favorites_folder = /home/lunatik/.config/variety/Favorites'
INFO: 2026-10-03 21:15:27,252: log_options() 'favorites_operations = [['Downloaded', 'Copy'], ['Fetched', 'Move'], ['Others', 'Copy']]'
INFO: 2026-10-03 21:15:27,252: log_options() 'fetched_folder = /home/lunatik/.config/variety/Fetched'
INFO: 2026-10-03 21:15:27,252: log_options() 'filters = [[True, 'Keep original', ''], [False, 'Grayscale', '-type Grayscale'], [False, 'Heavy blur', '-scale 20% -blur 0x10 -resize 500%'], [False, 'Soft blur', '-scale 20% -blur 0x2 -resize 500%'], [False, 'Oil painting', '-paint 8'], [False, 'Pointilism', '-spread 10 -noise 3'], [False, 'Pixellate', '-scale 3% -scale 3333%']]'
INFO: 2026-10-03 21:15:27,252: log_options() 'get_wallpaper_script = /home/lunatik/.config/variety/scripts/get_wallpaper'
INFO: 2026-10-03 21:15:27,252: log_options() 'icon = Dark'
INFO: 2026-10-03 21:15:27,252: log_options() 'internet_enabled = False'
INFO: 2026-10-03 21:15:27,252: log_options() 'lightness_enabled = False'
INFO: 2026-10-03 21:15:27,252: log_options() 'lightness_mode = 0'
INFO: 2026-10-03 21:15:27,253: log_options() 'min_rating = 4'
INFO: 2026-10-03 21:15:27,253: log_options() 'min_rating_enabled = False'
INFO: 2026-10-03 21:15:27,253: log_options() 'min_size = 80'
INFO: 2026-10-03 21:15:27,253: log_options() 'min_size_enabled = False'
INFO: 2026-10-03 21:15:27,253: log_options() 'name_regex = .*'
INFO: 2026-10-03 21:15:27,253: log_options() 'name_regex_enabled = False'
INFO: 2026-10-03 21:15:27,253: log_options() 'quota_enabled = True'
INFO: 2026-10-03 21:15:27,253: log_options() 'quota_size = 1000'
INFO: 2026-10-03 21:15:27,251: set_icon() 'Showing status icon image: /usr/lib/python3.14/site-packages/variety/data/media/variety-indicator-dark.png'
INFO: 2026-10-03 21:15:27,253: log_options() 'quotes_authors = '
INFO: 2026-10-03 21:15:27,254: log_options() 'quotes_bg_color = [80, 80, 80]'
INFO: 2026-10-03 21:15:27,254: log_options() 'quotes_bg_opacity = 55'
INFO: 2026-10-03 21:15:27,254: log_options() 'quotes_change_enabled = False'
INFO: 2026-10-03 21:15:27,254: log_options() 'quotes_change_interval = 10'
INFO: 2026-10-03 21:15:27,254: log_options() 'quotes_disabled_sources = ['Urban Dictionary']'
INFO: 2026-10-03 21:15:27,254: log_options() 'quotes_enabled = False'
INFO: 2026-10-03 21:15:27,254: log_options() 'quotes_favorites_file = /home/lunatik/.config/variety/favorite_quotes.txt'
INFO: 2026-10-03 21:15:27,254: log_options() 'quotes_font = Serif 30'
INFO: 2026-10-03 21:15:27,254: log_options() 'quotes_hpos = 100'
INFO: 2026-10-03 21:15:27,254: log_options() 'quotes_max_length = 250'
INFO: 2026-10-03 21:15:27,254: log_options() 'quotes_tags = '
INFO: 2026-10-03 21:15:27,254: log_options() 'quotes_text_color = [237, 51, 59]'
INFO: 2026-10-03 21:15:27,254: log_options() 'quotes_text_shadow = False'
INFO: 2026-10-03 21:15:27,255: log_options() 'quotes_vpos = 40'
INFO: 2026-10-03 21:15:27,255: log_options() 'quotes_width = 70'
INFO: 2026-10-03 21:15:27,255: log_options() 'safe_mode = False'
INFO: 2026-10-03 21:15:27,255: log_options() 'set_lock_screen_script = /home/lunatik/.config/variety/scripts/set_lock_screen'
INFO: 2026-10-03 21:15:27,255: log_options() 'set_wallpaper_script = /home/lunatik/.config/variety/scripts/set_wallpaper'
INFO: 2026-10-03 21:15:27,255: log_options() 'slideshow_custom_enabled = False'
INFO: 2026-10-03 21:15:27,255: log_options() 'slideshow_custom_folder = /home/lunatik/Pictures'
INFO: 2026-10-03 21:15:27,255: log_options() 'slideshow_downloads_enabled = False'
INFO: 2026-10-03 21:15:27,255: log_options() 'slideshow_fade = 0.4'
INFO: 2026-10-03 21:15:27,255: log_options() 'slideshow_favorites_enabled = True'
INFO: 2026-10-03 21:15:27,255: log_options() 'slideshow_mode = Fullscreen'
INFO: 2026-10-03 21:15:27,255: log_options() 'slideshow_monitor = All'
INFO: 2026-10-03 21:15:27,255: log_options() 'slideshow_pan = 0.05'
INFO: 2026-10-03 21:15:27,256: log_options() 'slideshow_seconds = 6.0'
INFO: 2026-10-03 21:15:27,256: log_options() 'slideshow_sort_order = Random'
INFO: 2026-10-03 21:15:27,256: log_options() 'slideshow_sources_enabled = True'
INFO: 2026-10-03 21:15:27,256: log_options() 'slideshow_zoom = 0.2'
INFO: 2026-10-03 21:15:27,256: log_options() 'smart_enabled = False'
INFO: 2026-10-03 21:15:27,256: log_options() 'smart_notice_shown = False'
INFO: 2026-10-03 21:15:27,256: log_options() 'smart_register_shown = False'
INFO: 2026-10-03 21:15:27,256: log_options() 'sources = [[False, 'favorites', 'The Favorites folder'], [False, 'fetched', 'The Fetched folder'], [False, 'apod', "NASA's Astronomy Picture of the Day"], [False, 'bing', 'Bing Photo of the Day'], [False, 'earthview', 'Google Earth View Wallpapers'], [False, 'unsplash', 'High-resolution photos from Unsplash.com'], [True, 'folder', '/home/lunatik/dwm-Gruvbox/wallpapers'], [False, 'flickr', 'user:www.flickr.com/photos/peter-levi/;user_id:93647178@N00;']]'
INFO: 2026-10-03 21:15:27,256: log_options() 'stats_enabled = True'
INFO: 2026-10-03 21:15:27,256: log_options() 'stats_notice_shown = False'
INFO: 2026-10-03 21:15:27,256: log_options() 'sync_enabled = True'
INFO: 2026-10-03 21:15:27,256: log_options() 'use_landscape_enabled = True'
INFO: 2026-10-03 21:15:27,256: log_options() 'wallhaven_api_key = '
INFO: 2026-10-03 21:15:27,257: log_options() 'wallpaper_auto_rotate = False'
INFO: 2026-10-03 21:15:27,257: log_options() 'wallpaper_display_mode = smart'
INFO: 2026-10-03 21:15:27,257: reload_config() 'No need to clear prepared queue'
INFO: 2026-10-03 21:15:27,257: update_indicator() 'Setting file info to: /home/lunatik/dwm-Gruvbox/wallpapers/Nature/forest-2.jpg'
INFO: 2026-10-03 21:15:27,259: prepare_thread() 'Prepared buffer contains 14 images'
INFO: 2026-10-03 21:15:27,359: do_set_wp() 'Calling do_set_wp with /home/lunatik/dwm-Gruvbox/wallpapers/Nature/forest-2.jpg, time: 1791051327.3599522'
INFO: 2026-10-03 21:15:27,606: compute_trimmed_offsets() 'Trimmed offsets debug info: w:1920, h:1080, ratio:1.777778, iw:3840, ih:2160, scw:1920, sch:1080, ho:0, vo:0'
INFO: 2026-10-03 21:15:27,606: build_imagemagick_clock_cmd() 'Applying clock filter: -density 100 -font '/usr/share/fonts/TTF/JetBrainsMonoNerdFontPropo-Medium.ttf' -pointsize 70 -gravity SouthEast -fill '#00000044' -annotate 0x0+58+108 '21:15' -fill white -annotate 0x0+60+110 '21:15' -font '/usr/share/fonts/TTF/JetBrainsMonoNerdFontPropo-Regular.ttf' -pointsize 30 -fill '#00000044' -annotate 0x0+58+58 'Saturday, October 03' -fill white -annotate 0x0+60+60 'Saturday, October 03''
INFO: 2026-10-03 21:15:27,607: build_imagemagick_clock_cmd() 'ImageMagick clock args: ['/usr/bin/magick', '/home/lunatik/dwm-Gruvbox/wallpapers/Nature/forest-2.jpg', '-scale', '1920x1080^', '-density', '100', '-font', '/usr/share/fonts/TTF/JetBrainsMonoNerdFontPropo-Medium.ttf', '-pointsize', '70', '-gravity', 'SouthEast', '-fill', '#00000044', '-annotate', '0x0+58+108', '21:15', '-fill', 'white', '-annotate', '0x0+60+110', '21:15', '-font', '/usr/share/fonts/TTF/JetBrainsMonoNerdFontPropo-Regular.ttf', '-pointsize', '30', '-fill', '#00000044', '-annotate', '0x0+58+58', 'Saturday, October 03', '-fill', 'white', '-annotate', '0x0+60+60', 'Saturday, October 03', '/home/lunatik/.config/variety/wallpaper/wallpaper-clock-ce327e1cce97f1e7364ff107b30fbaf6.jpg']'
INFO: 2026-10-03 21:15:28,180: update_indicator() 'Setting file info to: /home/lunatik/dwm-Gruvbox/wallpapers/Nature/forest-2.jpg'
INFO: 2026-10-03 21:15:29,260: trigger_download() 'Triggering download thread to check if download needed and possible'
INFO: 2026-10-03 21:15:35,426: apply() 'Applying preferences'
ERROR: 2026-10-03 21:15:35,426: get_xdg_pictures_folder() 'Could not get path to Pictures folder. Defaulting to ~/Pictures.'
Traceback (most recent call last):
  File "/usr/lib/python3.14/site-packages/variety/Util.py", line 847, in get_xdg_pictures_folder
    raise Exception("Could not get path to Pictures folder. Defaulting to ~/Pictures.")
Exception: Could not get path to Pictures folder. Defaulting to ~/Pictures.
ERROR: 2026-10-03 21:15:35,431: get_xdg_pictures_folder() 'Could not get path to Pictures folder. Defaulting to ~/Pictures.'
Traceback (most recent call last):
  File "/usr/lib/python3.14/site-packages/variety/Util.py", line 847, in get_xdg_pictures_folder
    raise Exception("Could not get path to Pictures folder. Defaulting to ~/Pictures.")
Exception: Could not get path to Pictures folder. Defaulting to ~/Pictures.
ERROR: 2026-10-03 21:15:35,434: get_xdg_pictures_folder() 'Could not get path to Pictures folder. Defaulting to ~/Pictures.'
Traceback (most recent call last):
  File "/usr/lib/python3.14/site-packages/variety/Util.py", line 847, in get_xdg_pictures_folder
    raise Exception("Could not get path to Pictures folder. Defaulting to ~/Pictures.")
Exception: Could not get path to Pictures folder. Defaulting to ~/Pictures.
ERROR: 2026-10-03 21:15:35,442: get_xdg_pictures_folder() 'Could not get path to Pictures folder. Defaulting to ~/Pictures.'
Traceback (most recent call last):
  File "/usr/lib/python3.14/site-packages/variety/Util.py", line 847, in get_xdg_pictures_folder
    raise Exception("Could not get path to Pictures folder. Defaulting to ~/Pictures.")
Exception: Could not get path to Pictures folder. Defaulting to ~/Pictures.
ERROR: 2026-10-03 21:15:35,447: get_xdg_pictures_folder() 'Could not get path to Pictures folder. Defaulting to ~/Pictures.'
Traceback (most recent call last):
  File "/usr/lib/python3.14/site-packages/variety/Util.py", line 847, in get_xdg_pictures_folder
    raise Exception("Could not get path to Pictures folder. Defaulting to ~/Pictures.")
Exception: Could not get path to Pictures folder. Defaulting to ~/Pictures.
INFO: 2026-10-03 21:15:35,449: set_visible() 'Showing status icon'
INFO: 2026-10-03 21:15:35,450: set_icon() 'Showing status icon image: /usr/lib/python3.14/site-packages/variety/data/media/variety-indicator-dark.png'
INFO: 2026-10-03 21:15:35,450: log_options() 'Loaded options:'
INFO: 2026-10-03 21:15:35,451: log_options() 'change_enabled = True'
INFO: 2026-10-03 21:15:35,451: log_options() 'change_interval = 300'
INFO: 2026-10-03 21:15:35,451: log_options() 'change_lock_screen = False'
INFO: 2026-10-03 21:15:35,451: log_options() 'change_on_start = False'
INFO: 2026-10-03 21:15:35,451: log_options() 'clipboard_enabled = False'
INFO: 2026-10-03 21:15:35,451: log_options() 'clipboard_hosts = ['wallhaven.cc', 'wallpapers.net', 'flickr.com', 'imgur.com', 'deviantart.com', 'interfacelift.com', 'vladstudio.com', 'imageshack.us', 'deviantart.net', 'imageshack.com']'
INFO: 2026-10-03 21:15:35,452: log_options() 'clipboard_use_whitelist = True'
INFO: 2026-10-03 21:15:35,452: log_options() 'clock_date_font = JetBrainsMono Nerd Font Propo Ultra-Bold 30'
INFO: 2026-10-03 21:15:35,452: log_options() 'clock_enabled = True'
INFO: 2026-10-03 21:15:35,452: log_options() 'clock_filter = -density 100 -font '%CLOCK_FONT_FILE' -pointsize %CLOCK_FONT_SIZE -gravity SouthEast -fill '#00000044' -annotate 0x0+[%HOFFSET+58]+[%VOFFSET+108] '%H:%M' -fill white -annotate 0x0+[%HOFFSET+60]+[%VOFFSET+110] '%H:%M' -font '%DATE_FONT_FILE' -pointsize %DATE_FONT_SIZE -fill '#00000044' -annotate 0x0+[%HOFFSET+58]+[%VOFFSET+58] '%A, %B %d' -fill white -annotate 0x0+[%HOFFSET+60]+[%VOFFSET+60] '%A, %B %d''
INFO: 2026-10-03 21:15:35,452: log_options() 'clock_font = JetBrainsMono Nerd Font Propo Medium 50'
INFO: 2026-10-03 21:15:35,452: log_options() 'configfile = /home/lunatik/.config/variety/variety.conf'
INFO: 2026-10-03 21:15:35,452: log_options() 'copyto_enabled = False'
INFO: 2026-10-03 21:15:35,452: log_options() 'copyto_folder = Default'
INFO: 2026-10-03 21:15:35,452: log_options() 'desired_color = [160, 160, 160]'
INFO: 2026-10-03 21:15:35,452: log_options() 'desired_color_enabled = False'
INFO: 2026-10-03 21:15:35,452: log_options() 'download_folder = /home/lunatik/.config/variety/Downloaded'
INFO: 2026-10-03 21:15:35,452: log_options() 'download_preference_ratio = 0.9'
INFO: 2026-10-03 21:15:35,452: log_options() 'favorites_folder = /home/lunatik/.config/variety/Favorites'
INFO: 2026-10-03 21:15:35,452: log_options() 'favorites_operations = [['Downloaded', 'Copy'], ['Fetched', 'Move'], ['Others', 'Copy']]'
INFO: 2026-10-03 21:15:35,452: log_options() 'fetched_folder = /home/lunatik/.config/variety/Fetched'
INFO: 2026-10-03 21:15:35,453: log_options() 'filters = [[True, 'Keep original', ''], [False, 'Grayscale', '-type Grayscale'], [False, 'Heavy blur', '-scale 20% -blur 0x10 -resize 500%'], [False, 'Soft blur', '-scale 20% -blur 0x2 -resize 500%'], [False, 'Oil painting', '-paint 8'], [False, 'Pointilism', '-spread 10 -noise 3'], [False, 'Pixellate', '-scale 3% -scale 3333%']]'
INFO: 2026-10-03 21:15:35,453: log_options() 'get_wallpaper_script = /home/lunatik/.config/variety/scripts/get_wallpaper'
INFO: 2026-10-03 21:15:35,453: log_options() 'icon = Dark'
INFO: 2026-10-03 21:15:35,453: log_options() 'internet_enabled = False'
INFO: 2026-10-03 21:15:35,453: log_options() 'lightness_enabled = False'
INFO: 2026-10-03 21:15:35,453: log_options() 'lightness_mode = 0'
INFO: 2026-10-03 21:15:35,453: log_options() 'min_rating = 4'
INFO: 2026-10-03 21:15:35,453: log_options() 'min_rating_enabled = False'
INFO: 2026-10-03 21:15:35,453: log_options() 'min_size = 80'
INFO: 2026-10-03 21:15:35,453: log_options() 'min_size_enabled = False'
INFO: 2026-10-03 21:15:35,453: log_options() 'name_regex = .*'
INFO: 2026-10-03 21:15:35,453: log_options() 'name_regex_enabled = False'
INFO: 2026-10-03 21:15:35,453: log_options() 'quota_enabled = True'
INFO: 2026-10-03 21:15:35,454: log_options() 'quota_size = 1000'
INFO: 2026-10-03 21:15:35,454: log_options() 'quotes_authors = '
INFO: 2026-10-03 21:15:35,454: log_options() 'quotes_bg_color = [80, 80, 80]'
INFO: 2026-10-03 21:15:35,454: log_options() 'quotes_bg_opacity = 55'
INFO: 2026-10-03 21:15:35,454: log_options() 'quotes_change_enabled = False'
INFO: 2026-10-03 21:15:35,454: log_options() 'quotes_change_interval = 10'
INFO: 2026-10-03 21:15:35,454: log_options() 'quotes_disabled_sources = ['Urban Dictionary']'
INFO: 2026-10-03 21:15:35,454: log_options() 'quotes_enabled = False'
INFO: 2026-10-03 21:15:35,454: log_options() 'quotes_favorites_file = /home/lunatik/.config/variety/favorite_quotes.txt'
INFO: 2026-10-03 21:15:35,454: log_options() 'quotes_font = Serif 30'
INFO: 2026-10-03 21:15:35,454: log_options() 'quotes_hpos = 100'
INFO: 2026-10-03 21:15:35,454: log_options() 'quotes_max_length = 250'
INFO: 2026-10-03 21:15:35,455: log_options() 'quotes_tags = '
INFO: 2026-10-03 21:15:35,455: log_options() 'quotes_text_color = [237, 51, 59]'
INFO: 2026-10-03 21:15:35,455: log_options() 'quotes_text_shadow = False'
INFO: 2026-10-03 21:15:35,455: log_options() 'quotes_vpos = 40'
INFO: 2026-10-03 21:15:35,455: log_options() 'quotes_width = 70'
INFO: 2026-10-03 21:15:35,455: log_options() 'safe_mode = False'
INFO: 2026-10-03 21:15:35,455: log_options() 'set_lock_screen_script = /home/lunatik/.config/variety/scripts/set_lock_screen'
INFO: 2026-10-03 21:15:35,455: log_options() 'set_wallpaper_script = /home/lunatik/.config/variety/scripts/set_wallpaper'
INFO: 2026-10-03 21:15:35,455: log_options() 'slideshow_custom_enabled = False'
INFO: 2026-10-03 21:15:35,455: log_options() 'slideshow_custom_folder = /home/lunatik/Pictures'
INFO: 2026-10-03 21:15:35,455: log_options() 'slideshow_downloads_enabled = False'
INFO: 2026-10-03 21:15:35,455: log_options() 'slideshow_fade = 0.4'
INFO: 2026-10-03 21:15:35,455: log_options() 'slideshow_favorites_enabled = True'
INFO: 2026-10-03 21:15:35,455: log_options() 'slideshow_mode = Fullscreen'
INFO: 2026-10-03 21:15:35,455: log_options() 'slideshow_monitor = All'
INFO: 2026-10-03 21:15:35,455: log_options() 'slideshow_pan = 0.05'
INFO: 2026-10-03 21:15:35,455: log_options() 'slideshow_seconds = 6.0'
INFO: 2026-10-03 21:15:35,455: log_options() 'slideshow_sort_order = Random'
INFO: 2026-10-03 21:15:35,456: log_options() 'slideshow_sources_enabled = True'
INFO: 2026-10-03 21:15:35,456: log_options() 'slideshow_zoom = 0.2'
INFO: 2026-10-03 21:15:35,456: log_options() 'smart_enabled = False'
INFO: 2026-10-03 21:15:35,456: log_options() 'smart_notice_shown = False'
INFO: 2026-10-03 21:15:35,456: log_options() 'smart_register_shown = False'
INFO: 2026-10-03 21:15:35,456: log_options() 'sources = [[False, 'favorites', 'The Favorites folder'], [False, 'fetched', 'The Fetched folder'], [False, 'apod', "NASA's Astronomy Picture of the Day"], [False, 'bing', 'Bing Photo of the Day'], [False, 'earthview', 'Google Earth View Wallpapers'], [False, 'unsplash', 'High-resolution photos from Unsplash.com'], [True, 'folder', '/home/lunatik/dwm-Gruvbox/wallpapers'], [False, 'flickr', 'user:www.flickr.com/photos/peter-levi/;user_id:93647178@N00;']]'
INFO: 2026-10-03 21:15:35,456: log_options() 'stats_enabled = True'
INFO: 2026-10-03 21:15:35,456: log_options() 'stats_notice_shown = False'
INFO: 2026-10-03 21:15:35,456: log_options() 'sync_enabled = True'
INFO: 2026-10-03 21:15:35,456: log_options() 'use_landscape_enabled = True'
INFO: 2026-10-03 21:15:35,456: log_options() 'wallhaven_api_key = '
INFO: 2026-10-03 21:15:35,456: log_options() 'wallpaper_auto_rotate = False'
INFO: 2026-10-03 21:15:35,456: log_options() 'wallpaper_display_mode = smart'
INFO: 2026-10-03 21:15:35,456: reload_config() 'No need to clear prepared queue'
INFO: 2026-10-03 21:15:35,456: update_indicator() 'Setting file info to: /home/lunatik/dwm-Gruvbox/wallpapers/Nature/forest-2.jpg'
INFO: 2026-10-03 21:15:35,458: prepare_thread() 'Prepared buffer contains 14 images'
INFO: 2026-10-03 21:15:35,558: do_set_wp() 'Calling do_set_wp with /home/lunatik/dwm-Gruvbox/wallpapers/Nature/forest-2.jpg, time: 1791051335.5585213'
INFO: 2026-10-03 21:15:35,811: compute_trimmed_offsets() 'Trimmed offsets debug info: w:1920, h:1080, ratio:1.777778, iw:3840, ih:2160, scw:1920, sch:1080, ho:0, vo:0'
INFO: 2026-10-03 21:15:35,829: build_imagemagick_clock_cmd() 'Applying clock filter: -density 100 -font '/usr/share/fonts/TTF/JetBrainsMonoNerdFontPropo-Medium.ttf' -pointsize 50 -gravity SouthEast -fill '#00000044' -annotate 0x0+58+108 '21:15' -fill white -annotate 0x0+60+110 '21:15' -font '/usr/share/fonts/TTF/JetBrainsMonoNerdFontPropo-Regular.ttf' -pointsize 30 -fill '#00000044' -annotate 0x0+58+58 'Saturday, October 03' -fill white -annotate 0x0+60+60 'Saturday, October 03''
INFO: 2026-10-03 21:15:35,830: build_imagemagick_clock_cmd() 'ImageMagick clock args: ['/usr/bin/magick', '/home/lunatik/dwm-Gruvbox/wallpapers/Nature/forest-2.jpg', '-scale', '1920x1080^', '-density', '100', '-font', '/usr/share/fonts/TTF/JetBrainsMonoNerdFontPropo-Medium.ttf', '-pointsize', '50', '-gravity', 'SouthEast', '-fill', '#00000044', '-annotate', '0x0+58+108', '21:15', '-fill', 'white', '-annotate', '0x0+60+110', '21:15', '-font', '/usr/share/fonts/TTF/JetBrainsMonoNerdFontPropo-Regular.ttf', '-pointsize', '30', '-fill', '#00000044', '-annotate', '0x0+58+58', 'Saturday, October 03', '-fill', 'white', '-annotate', '0x0+60+60', 'Saturday, October 03', '/home/lunatik/.config/variety/wallpaper/wallpaper-clock-d822b63284d928b63c58dfb29ee90818.jpg']'
INFO: 2026-10-03 21:15:36,393: update_indicator() 'Setting file info to: /home/lunatik/dwm-Gruvbox/wallpapers/Nature/forest-2.jpg'
INFO: 2026-10-03 21:15:37,459: trigger_download() 'Triggering download thread to check if download needed and possible'
INFO: 2026-10-03 21:15:37,734: trigger_download() 'Triggering download thread to check if download needed and possible'
INFO: 2026-10-03 21:16:00,456: clock_thread_method() 'clock_thread updates wallpaper'
INFO: 2026-10-03 21:16:00,457: do_set_wp() 'Calling do_set_wp with /home/lunatik/dwm-Gruvbox/wallpapers/Nature/forest-2.jpg, time: 1791051360.4572332'
INFO: 2026-10-03 21:16:00,721: compute_trimmed_offsets() 'Trimmed offsets debug info: w:1920, h:1080, ratio:1.777778, iw:3840, ih:2160, scw:1920, sch:1080, ho:0, vo:0'
INFO: 2026-10-03 21:16:00,721: build_imagemagick_clock_cmd() 'Applying clock filter: -density 100 -font '/usr/share/fonts/TTF/JetBrainsMonoNerdFontPropo-Medium.ttf' -pointsize 50 -gravity SouthEast -fill '#00000044' -annotate 0x0+58+108 '21:16' -fill white -annotate 0x0+60+110 '21:16' -font '/usr/share/fonts/TTF/JetBrainsMonoNerdFontPropo-Regular.ttf' -pointsize 30 -fill '#00000044' -annotate 0x0+58+58 'Saturday, October 03' -fill white -annotate 0x0+60+60 'Saturday, October 03''
INFO: 2026-10-03 21:16:00,722: build_imagemagick_clock_cmd() 'ImageMagick clock args: ['/usr/bin/magick', '/home/lunatik/dwm-Gruvbox/wallpapers/Nature/forest-2.jpg', '-scale', '1920x1080^', '-density', '100', '-font', '/usr/share/fonts/TTF/JetBrainsMonoNerdFontPropo-Medium.ttf', '-pointsize', '50', '-gravity', 'SouthEast', '-fill', '#00000044', '-annotate', '0x0+58+108', '21:16', '-fill', 'white', '-annotate', '0x0+60+110', '21:16', '-font', '/usr/share/fonts/TTF/JetBrainsMonoNerdFontPropo-Regular.ttf', '-pointsize', '30', '-fill', '#00000044', '-annotate', '0x0+58+58', 'Saturday, October 03', '-fill', 'white', '-annotate', '0x0+60+60', 'Saturday, October 03', '/home/lunatik/.config/variety/wallpaper/wallpaper-clock-27a7c9c9d796c0ced483f370bf717f4e.jpg']'
INFO: 2026-10-03 21:16:01,271: update_indicator() 'Setting file info to: /home/lunatik/dwm-Gruvbox/wallpapers/Nature/forest-2.jpg'
INFO: 2026-10-03 21:16:42,095: process_command() 'Received command: ['--selector']'
INFO: 2026-10-03 21:16:42,101: update_indicator() 'Setting file info to: /home/lunatik/dwm-Gruvbox/wallpapers/Nature/forest-2.jpg'
INFO: 2026-10-03 21:16:46,273: set_wallpaper() 'Calling set_wallpaper with /home/lunatik/dwm-Gruvbox/wallpapers/Nature/Colors.png'
INFO: 2026-10-03 21:16:46,274: do_set_wp() 'Calling do_set_wp with /home/lunatik/dwm-Gruvbox/wallpapers/Nature/Colors.png, time: 1791051406.2740207'
INFO: 2026-10-03 21:16:46,524: compute_trimmed_offsets() 'Trimmed offsets debug info: w:1920, h:1080, ratio:1.777778, iw:1920, ih:1080, scw:1920, sch:1080, ho:0, vo:0'
INFO: 2026-10-03 21:16:46,525: build_imagemagick_clock_cmd() 'Applying clock filter: -density 100 -font '/usr/share/fonts/TTF/JetBrainsMonoNerdFontPropo-Medium.ttf' -pointsize 50 -gravity SouthEast -fill '#00000044' -annotate 0x0+58+108 '21:16' -fill white -annotate 0x0+60+110 '21:16' -font '/usr/share/fonts/TTF/JetBrainsMonoNerdFontPropo-Regular.ttf' -pointsize 30 -fill '#00000044' -annotate 0x0+58+58 'Saturday, October 03' -fill white -annotate 0x0+60+60 'Saturday, October 03''
INFO: 2026-10-03 21:16:46,526: build_imagemagick_clock_cmd() 'ImageMagick clock args: ['/usr/bin/magick', '/home/lunatik/dwm-Gruvbox/wallpapers/Nature/Colors.png', '-scale', '1920x1080^', '-density', '100', '-font', '/usr/share/fonts/TTF/JetBrainsMonoNerdFontPropo-Medium.ttf', '-pointsize', '50', '-gravity', 'SouthEast', '-fill', '#00000044', '-annotate', '0x0+58+108', '21:16', '-fill', 'white', '-annotate', '0x0+60+110', '21:16', '-font', '/usr/share/fonts/TTF/JetBrainsMonoNerdFontPropo-Regular.ttf', '-pointsize', '30', '-fill', '#00000044', '-annotate', '0x0+58+58', 'Saturday, October 03', '-fill', 'white', '-annotate', '0x0+60+60', 'Saturday, October 03', '/home/lunatik/.config/variety/wallpaper/wallpaper-clock-093d07ee360db8c9f1b1ef4fa02e6a48.jpg']'
INFO: 2026-10-03 21:16:46,888: update_indicator() 'Setting file info to: /home/lunatik/dwm-Gruvbox/wallpapers/Nature/Colors.png'
INFO: 2026-10-03 21:16:47,813: update_indicator() 'Setting file info to: /home/lunatik/dwm-Gruvbox/wallpapers/Nature/Colors.png'
INFO: 2026-10-03 21:17:00,471: clock_thread_method() 'clock_thread updates wallpaper'
INFO: 2026-10-03 21:17:00,472: do_set_wp() 'Calling do_set_wp with /home/lunatik/dwm-Gruvbox/wallpapers/Nature/Colors.png, time: 1791051420.4724498'
INFO: 2026-10-03 21:17:00,696: compute_trimmed_offsets() 'Trimmed offsets debug info: w:1920, h:1080, ratio:1.777778, iw:1920, ih:1080, scw:1920, sch:1080, ho:0, vo:0'
INFO: 2026-10-03 21:17:00,696: build_imagemagick_clock_cmd() 'Applying clock filter: -density 100 -font '/usr/share/fonts/TTF/JetBrainsMonoNerdFontPropo-Medium.ttf' -pointsize 50 -gravity SouthEast -fill '#00000044' -annotate 0x0+58+108 '21:17' -fill white -annotate 0x0+60+110 '21:17' -font '/usr/share/fonts/TTF/JetBrainsMonoNerdFontPropo-Regular.ttf' -pointsize 30 -fill '#00000044' -annotate 0x0+58+58 'Saturday, October 03' -fill white -annotate 0x0+60+60 'Saturday, October 03''
INFO: 2026-10-03 21:17:00,697: build_imagemagick_clock_cmd() 'ImageMagick clock args: ['/usr/bin/magick', '/home/lunatik/dwm-Gruvbox/wallpapers/Nature/Colors.png', '-scale', '1920x1080^', '-density', '100', '-font', '/usr/share/fonts/TTF/JetBrainsMonoNerdFontPropo-Medium.ttf', '-pointsize', '50', '-gravity', 'SouthEast', '-fill', '#00000044', '-annotate', '0x0+58+108', '21:17', '-fill', 'white', '-annotate', '0x0+60+110', '21:17', '-font', '/usr/share/fonts/TTF/JetBrainsMonoNerdFontPropo-Regular.ttf', '-pointsize', '30', '-fill', '#00000044', '-annotate', '0x0+58+58', 'Saturday, October 03', '-fill', 'white', '-annotate', '0x0+60+60', 'Saturday, October 03', '/home/lunatik/.config/variety/wallpaper/wallpaper-clock-35abe301670ce999bf4eb24e41f6c422.jpg']'
INFO: 2026-10-03 21:17:00,986: update_indicator() 'Setting file info to: /home/lunatik/dwm-Gruvbox/wallpapers/Nature/Colors.png'
INFO: 2026-10-03 21:18:00,486: clock_thread_method() 'clock_thread updates wallpaper'
INFO: 2026-10-03 21:18:00,487: do_set_wp() 'Calling do_set_wp with /home/lunatik/dwm-Gruvbox/wallpapers/Nature/Colors.png, time: 1791051480.4876788'
INFO: 2026-10-03 21:18:00,744: compute_trimmed_offsets() 'Trimmed offsets debug info: w:1920, h:1080, ratio:1.777778, iw:1920, ih:1080, scw:1920, sch:1080, ho:0, vo:0'
INFO: 2026-10-03 21:18:00,744: build_imagemagick_clock_cmd() 'Applying clock filter: -density 100 -font '/usr/share/fonts/TTF/JetBrainsMonoNerdFontPropo-Medium.ttf' -pointsize 50 -gravity SouthEast -fill '#00000044' -annotate 0x0+58+108 '21:18' -fill white -annotate 0x0+60+110 '21:18' -font '/usr/share/fonts/TTF/JetBrainsMonoNerdFontPropo-Regular.ttf' -pointsize 30 -fill '#00000044' -annotate 0x0+58+58 'Saturday, October 03' -fill white -annotate 0x0+60+60 'Saturday, October 03''
INFO: 2026-10-03 21:18:00,745: build_imagemagick_clock_cmd() 'ImageMagick clock args: ['/usr/bin/magick', '/home/lunatik/dwm-Gruvbox/wallpapers/Nature/Colors.png', '-scale', '1920x1080^', '-density', '100', '-font', '/usr/share/fonts/TTF/JetBrainsMonoNerdFontPropo-Medium.ttf', '-pointsize', '50', '-gravity', 'SouthEast', '-fill', '#00000044', '-annotate', '0x0+58+108', '21:18', '-fill', 'white', '-annotate', '0x0+60+110', '21:18', '-font', '/usr/share/fonts/TTF/JetBrainsMonoNerdFontPropo-Regular.ttf', '-pointsize', '30', '-fill', '#00000044', '-annotate', '0x0+58+58', 'Saturday, October 03', '-fill', 'white', '-annotate', '0x0+60+60', 'Saturday, October 03', '/home/lunatik/.config/variety/wallpaper/wallpaper-clock-29616d3c41c0bdba384d05794cc766f2.jpg']'
INFO: 2026-10-03 21:18:01,025: update_indicator() 'Setting file info to: /home/lunatik/dwm-Gruvbox/wallpapers/Nature/Colors.png'
INFO: 2026-10-03 21:19:00,504: clock_thread_method() 'clock_thread updates wallpaper'
INFO: 2026-10-03 21:19:00,505: do_set_wp() 'Calling do_set_wp with /home/lunatik/dwm-Gruvbox/wallpapers/Nature/Colors.png, time: 1791051540.5058503'
INFO: 2026-10-03 21:19:00,785: compute_trimmed_offsets() 'Trimmed offsets debug info: w:1920, h:1080, ratio:1.777778, iw:1920, ih:1080, scw:1920, sch:1080, ho:0, vo:0'
INFO: 2026-10-03 21:19:00,786: build_imagemagick_clock_cmd() 'Applying clock filter: -density 100 -font '/usr/share/fonts/TTF/JetBrainsMonoNerdFontPropo-Medium.ttf' -pointsize 50 -gravity SouthEast -fill '#00000044' -annotate 0x0+58+108 '21:19' -fill white -annotate 0x0+60+110 '21:19' -font '/usr/share/fonts/TTF/JetBrainsMonoNerdFontPropo-Regular.ttf' -pointsize 30 -fill '#00000044' -annotate 0x0+58+58 'Saturday, October 03' -fill white -annotate 0x0+60+60 'Saturday, October 03''
INFO: 2026-10-03 21:19:00,786: build_imagemagick_clock_cmd() 'ImageMagick clock args: ['/usr/bin/magick', '/home/lunatik/dwm-Gruvbox/wallpapers/Nature/Colors.png', '-scale', '1920x1080^', '-density', '100', '-font', '/usr/share/fonts/TTF/JetBrainsMonoNerdFontPropo-Medium.ttf', '-pointsize', '50', '-gravity', 'SouthEast', '-fill', '#00000044', '-annotate', '0x0+58+108', '21:19', '-fill', 'white', '-annotate', '0x0+60+110', '21:19', '-font', '/usr/share/fonts/TTF/JetBrainsMonoNerdFontPropo-Regular.ttf', '-pointsize', '30', '-fill', '#00000044', '-annotate', '0x0+58+58', 'Saturday, October 03', '-fill', 'white', '-annotate', '0x0+60+60', 'Saturday, October 03', '/home/lunatik/.config/variety/wallpaper/wallpaper-clock-cd9cd2bda82f1ec5309a42a31e7a62bd.jpg']'
INFO: 2026-10-03 21:19:01,066: update_indicator() 'Setting file info to: /home/lunatik/dwm-Gruvbox/wallpapers/Nature/Colors.png'
INFO: 2026-10-03 21:20:00,519: clock_thread_method() 'clock_thread updates wallpaper'
INFO: 2026-10-03 21:20:00,520: do_set_wp() 'Calling do_set_wp with /home/lunatik/dwm-Gruvbox/wallpapers/Nature/Colors.png, time: 1791051600.5199869'
INFO: 2026-10-03 21:20:00,777: compute_trimmed_offsets() 'Trimmed offsets debug info: w:1920, h:1080, ratio:1.777778, iw:1920, ih:1080, scw:1920, sch:1080, ho:0, vo:0'
INFO: 2026-10-03 21:20:00,778: build_imagemagick_clock_cmd() 'Applying clock filter: -density 100 -font '/usr/share/fonts/TTF/JetBrainsMonoNerdFontPropo-Medium.ttf' -pointsize 50 -gravity SouthEast -fill '#00000044' -annotate 0x0+58+108 '21:20' -fill white -annotate 0x0+60+110 '21:20' -font '/usr/share/fonts/TTF/JetBrainsMonoNerdFontPropo-Regular.ttf' -pointsize 30 -fill '#00000044' -annotate 0x0+58+58 'Saturday, October 03' -fill white -annotate 0x0+60+60 'Saturday, October 03''
INFO: 2026-10-03 21:20:00,778: build_imagemagick_clock_cmd() 'ImageMagick clock args: ['/usr/bin/magick', '/home/lunatik/dwm-Gruvbox/wallpapers/Nature/Colors.png', '-scale', '1920x1080^', '-density', '100', '-font', '/usr/share/fonts/TTF/JetBrainsMonoNerdFontPropo-Medium.ttf', '-pointsize', '50', '-gravity', 'SouthEast', '-fill', '#00000044', '-annotate', '0x0+58+108', '21:20', '-fill', 'white', '-annotate', '0x0+60+110', '21:20', '-font', '/usr/share/fonts/TTF/JetBrainsMonoNerdFontPropo-Regular.ttf', '-pointsize', '30', '-fill', '#00000044', '-annotate', '0x0+58+58', 'Saturday, October 03', '-fill', 'white', '-annotate', '0x0+60+60', 'Saturday, October 03', '/home/lunatik/.config/variety/wallpaper/wallpaper-clock-6b7dbb806944c2299c519d5f8b6d8177.jpg']'
INFO: 2026-10-03 21:20:01,058: update_indicator() 'Setting file info to: /home/lunatik/dwm-Gruvbox/wallpapers/Nature/Colors.png'
